time_label,weather_label,scene_label,scene_kind,zoom_label,image_count,burst_count,mean_r_mean,mean_r_median,mean_r_p10,mean_r_p90,mean_r_std,mean_g_mean,mean_g_median,mean_g_p10,mean_g_p90,mean_g_std,mean_b_mean,mean_b_median,mean_b_p10,mean_b_p90,mean_b_std,std_r_mean,std_r_median,std_r_p10,std_r_p90,std_r_std,std_g_mean,std_g_median,std_g_p10,std_g_p90,std_g_std,std_b_mean,std_b_median,std_b_p10,std_b_p90,std_b_std,mean_y_mean,mean_y_median,mean_y_p10,mean_y_p90,mean_y_std,std_y_mean,std_y_median,std_y_p10,std_y_p90,std_y_std,mean_cr_mean,mean_cr_median,mean_cr_p10,mean_cr_p90,mean_cr_std,mean_cb_mean,mean_cb_median,mean_cb_p10,mean_cb_p90,mean_cb_std,std_cr_mean,std_cr_median,std_cr_p10,std_cr_p90,std_cr_std,std_cb_mean,std_cb_median,std_cb_p10,std_cb_p90,std_cb_std,tint_rg_mean,tint_rg_median,tint_rg_p10,tint_rg_p90,tint_rg_std,tint_bg_mean,tint_bg_median,tint_bg_p10,tint_bg_p90,tint_bg_std,g_over_r_mean,g_over_r_median,g_over_r_p10,g_over_r_p90,g_over_r_std,g_over_b_mean,g_over_b_median,g_over_b_p10,g_over_b_p90,g_over_b_std,green_excess_mean,green_excess_median,green_excess_p10,green_excess_p90,green_excess_std,green_excess_norm_mean,green_excess_norm_median,green_excess_norm_p10,green_excess_norm_p90,green_excess_norm_std,chroma_mottle_std_mean,chroma_mottle_std_median,chroma_mottle_std_p10,chroma_mottle_std_p90,chroma_mottle_std_std,edge_density_mean,edge_density_median,edge_density_p10,edge_density_p90,edge_density_std,high_freq_energy_mean,high_freq_energy_median,high_freq_energy_p10,high_freq_energy_p90,high_freq_energy_std,dark_region_ratio_mean,dark_region_ratio_median,dark_region_ratio_p10,dark_region_ratio_p90,dark_region_ratio_std,dark_noise_std_mean,dark_noise_std_median,dark_noise_std_p10,dark_noise_std_p90,dark_noise_std_std,hot_pixel_ratio_mean,hot_pixel_ratio_median,hot_pixel_ratio_p10,hot_pixel_ratio_p90,hot_pixel_ratio_std,hot_pixel_count_mean,hot_pixel_count_median,hot_pixel_count_p10,hot_pixel_count_p90,hot_pixel_count_std,y_clip_low_ratio_mean,y_clip_low_ratio_median,y_clip_low_ratio_p10,y_clip_low_ratio_p90,y_clip_low_ratio_std,y_clip_high_ratio_mean,y_clip_high_ratio_median,y_clip_high_ratio_p10,y_clip_high_ratio_p90,y_clip_high_ratio_std,rgb_clip_low_ratio_mean,rgb_clip_low_ratio_median,rgb_clip_low_ratio_p10,rgb_clip_low_ratio_p90,rgb_clip_low_ratio_std,rgb_clip_high_ratio_mean,rgb_clip_high_ratio_median,rgb_clip_high_ratio_p10,rgb_clip_high_ratio_p90,rgb_clip_high_ratio_std,flat_shading_range_norm_mean,flat_shading_range_norm_median,flat_shading_range_norm_p10,flat_shading_range_norm_p90,flat_shading_range_norm_std,flat_center_corner_y_ratio_mean,flat_center_corner_y_ratio_median,flat_center_corner_y_ratio_p10,flat_center_corner_y_ratio_p90,flat_center_corner_y_ratio_std,flat_center_g_over_r_mean,flat_center_g_over_r_median,flat_center_g_over_r_p10,flat_center_g_over_r_p90,flat_center_g_over_r_std,flat_center_g_over_b_mean,flat_center_g_over_b_median,flat_center_g_over_b_p10,flat_center_g_over_b_p90,flat_center_g_over_b_std,burst_temporal_noise_mean_mean,burst_temporal_noise_mean_median,burst_temporal_noise_mean_p10,burst_temporal_noise_mean_p90,burst_temporal_noise_mean_std,burst_temporal_noise_p90_mean,burst_temporal_noise_p90_median,burst_temporal_noise_p90_p10,burst_temporal_noise_p90_p90,burst_temporal_noise_p90_std,burst_mean_y_range_mean,burst_mean_y_range_median,burst_mean_y_range_p10,burst_mean_y_range_p90,burst_mean_y_range_std,burst_green_excess_range_mean,burst_green_excess_range_median,burst_green_excess_range_p10,burst_green_excess_range_p90,burst_green_excess_range_std,burst_high_freq_range_mean,burst_high_freq_range_median,burst_high_freq_range_p10,burst_high_freq_range_p90,burst_high_freq_range_std,hot_persistence_ratio_25_mean,hot_persistence_ratio_25_median,hot_persistence_ratio_25_p10,hot_persistence_ratio_25_p90,hot_persistence_ratio_25_std,hot_persistence_ratio_50_mean,hot_persistence_ratio_50_median,hot_persistence_ratio_50_p10,hot_persistence_ratio_50_p90,hot_persistence_ratio_50_std,hot_persistence_ratio_75_mean,hot_persistence_ratio_75_median,hot_persistence_ratio_75_p10,hot_persistence_ratio_75_p90,hot_persistence_ratio_75_std
afternoon,sunny,building,outdoor,1x,50,1,134.61980865478515,134.66295623779297,134.27200317382812,134.8048858642578,0.18301594929560347,136.43456420898437,136.49822998046875,136.17998504638672,136.54296264648437,0.14269041329721097,136.1303204345703,136.18092346191406,135.74260864257812,136.33774108886718,0.2207243265762703,68.98416931152343,69.0469741821289,68.73227920532227,69.13930282592773,0.1464813696311369,67.23049697875976,67.29984283447266,66.95882263183594,67.35817260742188,0.1476380482943351,66.88707061767577,66.98393630981445,66.63770446777343,67.04095458984375,0.15241607230558255,135.79350708007811,135.85763549804688,135.48760528564452,135.93407745361327,0.16169840220044635,67.56301666259766,67.64432907104492,67.29652252197266,67.68596420288085,0.14661492953688726,127.10502410888672,127.10817337036133,127.06899490356446,127.14004669189453,0.02847028567133779,128.1784280395508,128.16387176513672,128.11602325439452,128.2497817993164,0.05821806754326145,4.6832184219360355,4.685941219329834,4.665682077407837,4.702435445785523,0.013837521824890165,3.423525876998901,3.4281067848205566,3.3976033687591554,3.4379947900772097,0.015805720520672615,-1.8147555541992189,-1.8135604858398438,-1.9070526123046876,-1.7234100341796874,0.07689587602621546,-0.3042437744140625,-0.32257080078125,-0.44338531494140626,-0.13201141357421875,0.13373334959678626,1.0134811416059588,1.0134667859428528,1.0127887791503163,1.0141818242942826,0.0005838358098550505,1.0022361917412206,1.0023680999836952,1.0009688518932944,1.0032677056512034,0.0009850514652053229,1.0594996643066406,1.0633468627929688,0.9312591552734375,1.1730194091796875,0.10354402602135236,0.007802750833757124,0.007824411790311564,0.006857486136360954,0.008647414144033983,0.0007672971469171418,2.2017318630218505,2.202650547027588,2.1850594758987425,2.218692350387573,0.011136907111255456,0.07646682098765431,0.07636188271604938,0.07595023148148149,0.07701977237654321,0.0005206092428443555,583.1347814941406,579.5379943847656,561.9071472167968,595.9021118164063,17.043014287832293,0.09292111304012346,0.09297887731481481,0.09218258101851852,0.09357759452160494,0.0004574711881105985,7.978751230239868,7.971573829650879,7.925159311294555,8.059149074554444,0.047570690321269635,0.0,0.0,0.0,0.0,0.0,0.0,0.0,0.0,0.0,0.0,9.12133487654321e-05,8.680555555555556e-05,5.965470679012346e-05,0.00013507908950617282,2.5823562619639764e-05,0.0011222993827160494,0.0011366705246913579,0.0010123456790123457,0.0011966145833333334,6.561463967145347e-05,0.0005801986882716048,0.0005912422839506172,0.00047690007716049386,0.0006665702160493827,6.784416566259783e-05,0.006491145833333334,0.006488956404320988,0.006462143132716049,0.00652319637345679,2.2803169801956955e-05,0.9718557460342275,0.9721431620281862,0.9702271595570698,0.9731647067631222,0.0011535510063271572,0.9223322680051946,0.9225026887521819,0.9214509762658881,0.9228482176209676,0.0005239505714323908,1.0199529425318505,1.0200765864359003,1.0189194879403787,1.0209436520261872,0.0007415268236643823,0.999474364716822,0.9996449601697464,0.9981219214167801,1.0006144375918942,0.0011018263665533974,4.068566799163818,4.068566799163818,4.068566799163818,4.068566799163818,0.0,7.402702808380127,7.402702808380127,7.402702808380127,7.402702808380127,0.0,0.5244903564453125,0.5244903564453125,0.5244903564453125,0.5244903564453125,0.0,0.36635589599609375,0.36635589599609375,0.36635589599609375,0.36635589599609375,0.0,75.10760498046875,75.10760498046875,75.10760498046875,75.10760498046875,0.0,0.0,0.0,0.0,0.0,0.0,0.0,0.0,0.0,0.0,0.0,0.0,0.0,0.0,0.0,0.0
afternoon,sunny,building,outdoor,3x,50,1,133.0036526489258,133.20195770263672,132.63270263671876,133.32022094726562,0.40183310044250714,135.8370849609375,136.0795669555664,135.3892608642578,136.1886978149414,0.45240608216793,135.22060485839845,135.37086486816406,134.63531646728515,135.6743621826172,0.4886923204439898,68.2472477722168,68.19229507446289,67.50278701782227,69.46707229614258,0.7352063517842424,64.67378562927246,64.5715446472168,63.83926849365234,65.98477249145508,0.7966522618703733,64.77392433166504,64.64188766479492,63.90779266357422,66.1425277709961,0.8300015510749678,134.86505798339843,135.11534881591797,134.41890563964844,135.2058853149414,0.4398875717791123,65.7205387878418,65.62874603271484,64.91544876098632,67.00979080200196,0.7808223175853457,126.59682327270508,126.56792068481445,126.54159774780274,126.6578742980957,0.04923013202842392,128.1782162475586,128.19873809814453,128.0932815551758,128.2576690673828,0.0670904896002643,3.346316990852356,3.35131299495697,3.325284552574158,3.366969847679138,0.024242770243210962,2.0502473878860474,2.052366614341736,2.029080605506897,2.0723395347595215,0.016532505667658706,-2.833432312011719,-2.8798904418945312,-2.9274505615234374,-2.7303421020507814,0.0861998803875087,-0.6164801025390625,-0.604095458984375,-0.7520645141601563,-0.47958984375,0.10924910881820081,1.0213025890229017,1.0216097243812934,1.0205798536968056,1.0219782591821478,0.0006174520953957093,1.0045603775842826,1.004458197561033,1.0035340804120367,1.0055601721424092,0.0008157051513363861,1.7249562072753906,1.730926513671875,1.685448455810547,1.7649169921875,0.03912061553065016,0.012790003788405844,0.012826974605860523,0.012471443201021387,0.013076796620266411,0.0002779038427237738,0.9735680460929871,0.9778571426868439,0.9523572981357574,0.9918365061283112,0.014577280405944418,0.041546942515432096,0.04149811921296297,0.03929108796296296,0.043370611496913576,0.0016050870206900628,321.1139370727539,321.63433837890625,268.3403594970703,359.5740081787109,42.940302104189946,0.06709042245370371,0.06502459490740742,0.0613575424382716,0.07765306712962963,0.00591907030271313,7.4194609069824216,7.231070041656494,7.079324388504029,8.231557941436767,0.4239047211646231,0.0,0.0,0.0,0.0,0.0,0.0,0.0,0.0,0.0,0.0,0.00010688657407407409,4.581404320987654e-06,0.0,0.0005306712962962962,0.00018986371407615484,6.568287037037036e-06,2.4112654320987654e-06,4.3402777777777796e-07,1.451581790123457e-05,6.908106714403125e-06,0.0002658564814814815,0.00012152777777777777,5.589313271604939e-05,0.0009014274691358026,0.0003172595537951294,1.2172067901234568e-05,4.099151234567901e-06,9.162808641975311e-07,2.6331018518518525e-05,1.2296436202156325e-05,1.1268412350483623,1.123536079874122,1.1160643477967818,1.1486376704569352,0.012114454360006003,0.7168563003032995,0.7176874141772109,0.7123262897853228,0.7189558363337358,0.002525215437581797,1.053639716147667,1.0541888455091053,1.051980668424372,1.0552660262665696,0.0013971149265938983,1.0050423821141257,1.004750814521635,1.0037619775705555,1.0064434913317677,0.0010901623740897995,4.747410297393799,4.747410297393799,4.747410297393799,4.747410297393799,0.0,10.638345718383789,10.638345718383789,10.638345718383789,10.638345718383789,0.0,1.838531494140625,1.838531494140625,1.838531494140625,1.838531494140625,0.0,0.21274566650390625,0.21274566650390625,0.21274566650390625,0.21274566650390625,0.0,195.8445587158203,195.8445587158203,195.8445587158203,195.8445587158203,0.0,0.0,0.0,0.0,0.0,0.0,0.0,0.0,0.0,0.0,0.0,0.0,0.0,0.0,0.0,0.0
afternoon,sunny,building,outdoor,5x,50,1,127.14551864624023,128.2711181640625,123.149462890625,128.98966522216796,2.603196272747862,131.83373107910157,132.8551254272461,127.77276916503907,133.77589111328126,2.62263160330809,131.4152523803711,132.56427764892578,127.39912490844726,133.36770477294922,2.6060826347829398,73.19408630371093,73.45014190673828,72.33660125732422,73.8661605834961,0.7910308746749375,68.01713500976562,68.26717376708984,66.87508392333984,68.65653076171876,0.6868744295145693,67.84849380493164,68.07972717285156,66.7324234008789,68.51943511962891,0.6991280673375845,130.33415893554687,131.41061401367188,126.29648971557617,132.2155990600586,2.6161232027907126,69.45892776489258,69.71424102783203,68.42314453125,70.11031799316406,0.7040056287751475,125.6534506225586,125.68038940429688,125.54808349609375,125.70789184570313,0.06037723178692477,128.55163970947265,128.57203674316406,128.4559356689453,128.60966796875,0.06181297554948977,4.869176626205444,4.921862363815308,4.5134602069854735,5.138212728500366,0.20705182060233498,2.88613648891449,2.8979815244674683,2.6205138206481933,3.1453091144561767,0.15371407415982188,-4.688212432861328,-4.635810852050781,-4.905429840087891,-4.57669677734375,0.12267931063356219,-0.4184786987304687,-0.40424346923828125,-0.57938232421875,-0.28281402587890625,0.11603394581411086,1.036886010479539,1.0365992160648392,1.0356391701589933,1.038471823318815,0.001147453037141642,1.0031834598925804,1.0030668104102747,1.0021308911802436,1.0043712642649407,0.0008725637820785666,2.5533455657958983,2.5449581146240234,2.4374923706054688,2.669232940673828,0.08707969495703159,0.01959582272267289,0.01961696102956284,0.0186194213314391,0.020446159267138962,0.0006958856085813557,1.6207040524482728,1.5879253149032593,1.4217706799507142,1.8596503019332886,0.1485830136899813,0.027849334490740736,0.02866632908950617,0.023011574074074077,0.03197998649691358,0.0034552225099182573,200.90815521240233,212.21001434326172,131.15593414306642,248.01883087158203,45.80737645199373,0.050929099151234565,0.050965470679012345,0.04244367283950617,0.060316213348765434,0.005988423036577725,7.318067274093628,7.227743148803711,7.101535511016846,7.772398185729981,0.2666835130113464,0.0,0.0,0.0,0.0,0.0,0.0,0.0,0.0,0.0,0.0,1.3310185185185185e-06,9.645061728395062e-07,0.0,2.9417438271604945e-06,2.2299916692312383e-06,4.928626543209877e-05,4.219714506172839e-05,0.0,0.0001119309413580247,4.9089858499828156e-05,1.7119984567901234e-05,3.6168981481481483e-06,0.0,4.798418209876545e-05,3.9937340303367985e-05,0.00011895254629629631,0.00010030864197530865,4.822530864197531e-07,0.0002934992283950618,0.00011240298867003204,1.2555692748553324,1.2468716778256808,1.2407649309225832,1.2832655676239242,0.017412058024560487,0.7757662855656483,0.7766377843170587,0.7726993680980752,0.7774802948397754,0.002019477961880122,1.0828945533673082,1.082476363304868,1.0814336761716916,1.0845556878826024,0.0013079262237500552,0.9997106761823393,0.9996075990880198,0.9979088409996902,1.0017183566158792,0.00143596204621188,5.973609447479248,5.973609447479248,5.973609447479248,5.973609447479248,0.0,11.773293972015397,11.773293972015399,11.773293972015399,11.773293972015399,1.7763568394002505e-15,10.52490234375,10.52490234375,10.52490234375,10.52490234375,0.0,0.3470726013183594,0.3470726013183594,0.3470726013183594,0.3470726013183594,0.0,206.66876220703125,206.66876220703125,206.66876220703125,206.66876220703125,0.0,0.0,0.0,0.0,0.0,0.0,0.0,0.0,0.0,0.0,0.0,0.0,0.0,0.0,0.0,0.0
afternoon,sunny,building,outdoor,7x,50,1,126.99138702392578,127.34326171875,125.845361328125,127.61431579589843,0.8069165880343244,134.4514889526367,134.87123107910156,132.98007049560547,135.44672088623048,1.0088718565263037,134.05278625488282,134.45792388916016,132.72852783203126,134.9902374267578,0.9430324942772457,76.72763244628906,76.70987319946289,76.48637542724609,77.0669044494629,0.23206627082844833,68.1692350769043,68.11997985839844,67.80285720825195,68.79246520996094,0.3820208609778629,67.72383377075195,67.69554901123047,67.3739501953125,68.38282089233398,0.3718168022624917,132.11062622070312,132.50431060791016,130.76080474853515,132.98700561523438,0.9286837507604812,70.39733032226563,70.36038970947266,70.09412155151367,70.9992904663086,0.3361316914966405,124.31904174804687,124.2816162109375,124.14619369506836,124.60841064453125,0.16773977905953988,128.9987484741211,129.01295471191406,128.88409271240235,129.06734924316407,0.07873420066820348,8.035822315216064,8.023393154144287,7.770447158813477,8.265155506134032,0.20354038434747362,3.193079719543457,3.1920931339263916,3.149531698226929,3.2502146005630492,0.04008689735918138,-7.460101928710937,-7.531147003173828,-7.8203285217285154,-6.885607147216797,0.34079330019708853,-0.39870269775390627,-0.43923187255859375,-0.4945159912109375,-0.2175018310546875,0.12238858425967356,1.0587395514470648,1.0593412962647957,1.0544245291972825,1.061287500727551,0.0025351389108348326,1.0029711790382023,1.0032622669401334,1.0016388481805838,1.003683025740364,0.0009108678706260862,3.929402313232422,3.9728221893310547,3.6629718780517577,4.141130065917968,0.1855583407780159,0.02973686477349177,0.030055658456145645,0.027843857078359034,0.031142775650216524,0.0012460373451041622,1.3843325996398925,1.361045002937317,1.2817988872528077,1.4772361278533936,0.08419099634439534,0.010963657407407408,0.011512827932098766,0.007014467592592593,0.013744212962962963,0.002628008235750902,110.41766807556152,111.77669906616211,84.44976119995117,132.23707733154296,25.588913904660487,0.0546799961419753,0.05527633101851852,0.05145447530864198,0.05683101851851852,0.0021231145485161636,6.318111867904663,6.29008936882019,6.1402369976043705,6.484043884277344,0.13135524193993525,0.0,0.0,0.0,0.0,0.0,0.0,0.0,0.0,0.0,0.0,7.71604938271605e-08,0.0,0.0,4.822530864197531e-07,1.7679690181156787e-07,9.21682098765432e-05,7.209683641975307e-05,2.787422839506173e-05,0.0001713445216049383,8.106361041252285e-05,1.2500000000000002e-05,2.6523919753086423e-06,0.0,3.940007716049383e-05,2.0293136529933637e-05,0.09738641010802469,0.09709514853395063,0.09599286265432098,0.09992785493827161,0.0015104429815964153,1.4772900119314358,1.4713169198787468,1.4618051573989768,1.497934551550957,0.015298136790397123,0.759605271412357,0.7598893101554843,0.75831146457328,0.7611274234877126,0.0016182073990519362,1.0668897183598727,1.0678260334577763,1.062168673044863,1.0690526969589307,0.002505473967962339,1.0105943596983598,1.010472563236897,1.009386059049354,1.012133001678359,0.0011321110304932428,4.667242050170898,4.667242050170898,4.667242050170898,4.667242050170898,0.0,8.948218059539805,8.948218059539805,8.948218059539805,8.948218059539805,0.0,3.7707672119140625,3.7707672119140625,3.7707672119140625,3.7707672119140625,0.0,0.5509490966796875,0.5509490966796875,0.5509490966796875,0.5509490966796875,0.0,161.56988525390625,161.56988525390625,161.56988525390625,161.56988525390625,0.0,0.0,0.0,0.0,0.0,0.0,0.0,0.0,0.0,0.0,0.0,0.0,0.0,0.0,0.0,0.0
afternoon,sunny,mixed,outdoor,1x,50,1,127.91068832397461,127.93742370605469,127.82127838134765,128.0074890136719,0.13305846533101606,131.2575033569336,131.24783325195312,131.18370513916017,131.39275360107422,0.07477738793697167,130.2047494506836,130.19692993164062,130.1406051635742,130.2733169555664,0.058096682598297776,62.03586380004883,62.024017333984375,61.92746925354004,62.15398979187012,0.09670496891601119,60.9619775390625,60.93497657775879,60.824672317504884,61.17767677307129,0.13017996665342402,67.69087677001953,67.6620101928711,67.5513801574707,67.90009384155273,0.13012849086654468,130.0638265991211,130.04945373535156,129.9966049194336,130.13904876708983,0.06285155645211014,60.7892333984375,60.76543426513672,60.662319564819335,60.98103561401367,0.11579401715988526,126.3928385925293,126.40565872192383,126.36089782714843,126.43916473388671,0.07442879251014405,127.95480438232421,127.95520401000977,127.93759307861328,127.96724319458008,0.01786392689920105,12.105839443206786,12.10103464126587,12.068653964996338,12.155830001831054,0.034027927679546,12.420047969818116,12.407471179962158,12.39301233291626,12.462977600097656,0.02748587608123479,-3.3468150329589843,-3.3111534118652344,-3.419310760498047,-3.2544326782226562,0.15665641577698328,-1.05275390625,-1.0319137573242188,-1.1087356567382813,-1.0113418579101563,0.04722704968780941,1.0261663958123446,1.0258871164866132,1.025426111041328,1.026748750476933,0.0012551602062741381,1.0080853668626213,1.0079275305262705,1.0077644258625713,1.0085157162162668,0.0003627088539809707,2.1997844696044924,2.1704940795898438,2.137788009643555,2.2619773864746096,0.09692554934547377,0.016913155283243345,0.016694881933704962,0.01643874241725793,0.017391712139063733,0.0007464856309682325,3.4914995861053466,3.4652849435806274,3.3696905374526978,3.6736724615097045,0.12403127663806894,0.0905510898919753,0.0902830825617284,0.08960141782407408,0.09164665316358026,0.0013832087061635097,1663.9317065429686,1635.11767578125,1568.9010375976563,1815.85498046875,112.72375568058027,0.0859552951388889,0.08585841049382716,0.08548476080246914,0.08676929012345679,0.000597353045912934,9.054945030212401,9.056987285614014,9.017219257354736,9.087935543060302,0.03135523546796743,0.0,0.0,0.0,0.0,0.0,0.0,0.0,0.0,0.0,0.0,0.0009241608796296297,0.0009015721450617285,0.0008229648919753086,0.001027295524691358,7.916678241202312e-05,0.01820769675925926,0.018226032021604936,0.017842062114197532,0.01864742476851852,0.00036436320688656217,0.020040538194444447,0.01990162037037037,0.019435522762345676,0.020737606095679012,0.0005824613361300491,0.06964176311728396,0.06941840277777778,0.06874995177469136,0.0707879050925926,0.0009142573719630639,0.9304506096095229,0.9307143850124904,0.9280305563355173,0.9325191252212799,0.0018406324912010872,0.8944939243371759,0.8945119960222998,0.8939596598068538,0.8950656305596885,0.0004332159440208022,1.019100376041113,1.0187333432342571,1.0183794872611764,1.0198343839123205,0.0015061323609643767,1.0283495318392988,1.0282419468374264,1.027938817301766,1.0288892263784053,0.00040285242904690313,7.513947486877441,7.513947486877441,7.513947486877441,7.513947486877441,0.0,15.458196830749522,15.45819683074952,15.45819683074952,15.45819683074952,1.7763568394002505e-15,0.2812347412109375,0.2812347412109375,0.2812347412109375,0.2812347412109375,0.0,0.654815673828125,0.654815673828125,0.654815673828125,0.654815673828125,0.0,548.20751953125,548.20751953125,548.20751953125,548.20751953125,0.0,0.0,0.0,0.0,0.0,0.0,0.0,0.0,0.0,0.0,0.0,0.0,0.0,0.0,0.0,0.0
afternoon,sunny,mixed,outdoor,3x,50,1,119.52877075195312,119.47227478027344,119.17265167236329,119.99809417724609,0.3178206032250771,124.79943634033204,124.77127456665039,124.47444610595703,125.25475616455078,0.32289436384980014,125.82939895629883,125.71487045288086,125.5180892944336,126.07215194702148,0.39670258457092283,63.56519180297852,63.82503890991211,62.27286224365234,64.73622665405273,0.9203188447359517,55.4573983001709,55.71556091308594,54.27655715942383,56.5723876953125,0.8816671133816781,55.4573282623291,55.74073600769043,54.196475219726565,56.60121841430664,0.9012577665519382,123.26949188232422,123.23527908325195,122.93775024414063,123.70788497924805,0.32163047521341515,57.199455413818356,57.45678901672363,56.00439186096192,58.32693710327148,0.8846945756511133,125.26867691040039,125.2736930847168,125.23387451171875,125.30574035644531,0.0337535629806975,129.28218688964844,129.29193878173828,129.13189392089845,129.40616760253906,0.1135228952113068,9.431109447479248,9.5122709274292,9.204525184631347,9.54416627883911,0.13526228688198486,9.043883247375488,9.080812931060791,8.912054634094238,9.161808013916016,0.10276536668917009,-5.270665588378907,-5.267070770263672,-5.348121643066406,-5.1843711853027346,0.05913153069254468,1.029962615966797,1.0421524047851562,0.7083236694335937,1.2709953308105468,0.22697920915996123,1.0440956840542985,1.0440835254874665,1.043367199817761,1.044705521360605,0.0005089380032401951,0.9918177936047686,0.9916985226609056,0.9898940009140227,0.9943578190845341,0.0017814024775094917,2.120351486206055,2.123157501220703,1.9976070404052735,2.317683792114258,0.12168229780644932,0.01720121967744219,0.017263232411985983,0.0161815957483978,0.018772373833427992,0.0009885808024422563,1.8002285838127137,1.7845550179481506,1.7361382603645326,1.9018036007881165,0.0691818814749308,0.08473561921296296,0.0843308738425926,0.08221759259259259,0.08711424575617284,0.0021404647998688117,1127.1742907714843,1091.1544799804688,1020.8005554199219,1312.5045166015625,115.52163106659077,0.037600308641975305,0.03908661265432099,0.030950810185185185,0.043429349922839505,0.004761763873923088,6.458196868896485,6.608469724655151,5.932066869735718,6.88808307647705,0.38962329349425484,0.0,0.0,0.0,0.0,0.0,0.0,0.0,0.0,0.0,0.0,3.956404320987654e-05,3.7856867283950614e-05,1.5866126543209874e-05,6.495949074074074e-05,1.8312657860853226e-05,0.005488425925925926,0.005392795138888889,0.00464477237654321,0.006156057098765432,0.0007073879486906397,0.002253144290123457,0.002365210262345679,0.0011375868055555555,0.003454619984567901,0.0008557802528123454,0.05218903356481481,0.052223427854938276,0.050564332561728396,0.05429402970679013,0.0015439495890939312,0.7313572764095571,0.7342003835689809,0.7144845334563893,0.7453524344053581,0.0118387918088904,0.7018622356490816,0.7006048324568434,0.6926686898753563,0.7117112070256466,0.006935760829211836,1.108755309061601,1.1094450927994468,1.1059059919755778,1.1109128558792594,0.001862238709139277,0.9735298786625513,0.9733150769891112,0.9689814892669554,0.9779245514239214,0.00363204287615023,11.109549522399902,11.109549522399902,11.109549522399902,11.109549522399902,0.0,30.754839134216343,30.754839134216343,30.754839134216343,30.754839134216343,0.0,1.4158554077148438,1.4158554077148438,1.4158554077148438,1.4158554077148438,0.0,0.6158523559570312,0.6158523559570312,0.6158523559570312,0.6158523559570312,0.0,557.2915649414062,557.2915649414062,557.2915649414062,557.2915649414062,0.0,0.0,0.0,0.0,0.0,0.0,0.0,0.0,0.0,0.0,0.0,0.0,0.0,0.0,0.0,0.0
afternoon,sunny,mixed,outdoor,5x,50,1,132.42924270629882,133.01486206054688,129.79168243408202,133.52054138183593,1.5350658308753293,144.4414227294922,144.98416137695312,141.7895721435547,145.5609115600586,1.6497960302461756,147.4171533203125,147.88858032226562,145.5768020629883,148.30022125244142,1.189265248396154,58.68791488647461,58.47695541381836,57.99985313415527,60.124698638916016,0.8539457123611326,46.87996978759766,46.73473930358887,46.152988052368165,48.20565605163574,0.845398936570943,43.79867332458496,43.6366024017334,43.38751792907715,44.3672290802002,0.4458777543691895,141.12488220214843,141.6586685180664,138.57074279785155,142.21131439208983,1.5608506483301796,49.42441993713379,49.26679039001465,48.78027496337891,50.68205184936524,0.7938851126599538,121.70000427246094,121.69960403442383,121.6468376159668,121.75820465087891,0.05045873685465636,131.4567037963867,131.45851135253906,131.15941314697267,131.86719970703126,0.24677470260541987,9.771550045013427,9.756449699401855,9.70294122695923,9.853749561309815,0.0669705343329802,8.714316596984863,8.63179636001587,8.418222904205322,9.194058418273926,0.2843622053019469,-12.012180023193359,-12.032211303710938,-12.133720397949219,-11.865187072753907,0.1579867733799159,2.9757305908203127,2.959625244140625,2.360943603515625,3.7872299194335937,0.5246061505984093,1.090708886043994,1.090793388438986,1.0897008794234806,1.0922343920732518,0.0008812727757194168,0.9797887464449567,0.9800144537135347,0.97398463156787,0.9840326362452199,0.003734105365196571,4.518224716186523,4.559719085693359,4.105329895019532,4.885721588134766,0.32881938102794095,0.03199621750241911,0.032157777479683625,0.029626216936327998,0.03438037567802397,0.0020442244255882017,1.8240387487411498,1.755429983139038,1.647422480583191,2.0772655963897706,0.17159134085186836,0.08713165509259259,0.08719907407407407,0.07752946566358024,0.09412880979938272,0.00980305270862987,542.83951171875,523.5415649414062,496.5187255859375,601.8003295898438,83.00889621168444,0.005284259259259259,0.005240403163580248,0.005010127314814815,0.005584442515432099,0.0002931595554609906,4.884875116348266,4.894902229309082,4.684913206100464,5.030105400085449,0.16320028651468854,0.0,0.0,0.0,0.0,0.0,0.0,0.0,0.0,0.0,0.0,2.604166666666667e-07,0.0,0.0,5.304783950617291e-07,3.761574074074074e-07,0.020568962191358023,0.020360484182098765,0.018921585648148147,0.022195891203703702,0.0014755705632410806,5.014467592592592e-05,4.7984182098765435e-05,1.8180941358024692e-05,8.217592592592593e-05,2.613571302607004e-05,0.06974551504629628,0.06881630979938272,0.06731278935185185,0.0726259162808642,0.002126737605439028,0.6516227460206262,0.6468043796770331,0.6361539210091035,0.6799338706774312,0.01970876150772808,0.7676153530285282,0.7696849339840758,0.7585495936388291,0.7725459105654735,0.006544381853529623,1.1745239844151467,1.174781149144407,1.171834654164617,1.1770681468890403,0.0018995874813837704,0.9451596708034189,0.9448032917865529,0.9400676769300285,0.9495650282116459,0.0034746969481100004,10.776869773864746,10.776869773864746,10.776869773864746,10.776869773864746,0.0,26.16749935150147,26.167499351501473,26.167499351501473,26.167499351501473,3.552713678800501e-15,6.1558990478515625,6.1558990478515625,6.1558990478515625,6.1558990478515625,0.0,1.4729728698730469,1.4729728698730469,1.4729728698730469,1.4729728698730469,0.0,486.2017517089844,486.2017517089844,486.2017517089844,486.2017517089844,0.0,0.0,0.0,0.0,0.0,0.0,0.0,0.0,0.0,0.0,0.0,0.0,0.0,0.0,0.0,0.0
afternoon,sunny,mixed,outdoor,7x,50,1,137.73730865478515,137.0348129272461,135.1200164794922,140.928759765625,2.243310451318276,148.09547973632812,147.9006118774414,145.5377197265625,150.72073974609376,1.9232136187537523,150.2520880126953,149.86666870117188,147.8978713989258,153.00409698486328,1.8945305550474683,38.71913711547852,38.97805976867676,37.541255187988284,39.61386489868164,0.8660500744754738,30.042843437194826,30.27030658721924,28.955588722229002,30.996022605895995,0.8514837798164101,26.370005836486815,26.57792854309082,25.37774085998535,27.27715473175049,0.8062336186713974,145.15774688720703,144.78799438476562,142.59667510986327,147.92427825927734,2.0131009639610764,31.82276901245117,32.01335144042969,30.777165603637695,32.72775459289551,0.8194108213821504,122.61704803466797,122.58831405639648,122.38313522338868,122.91203002929687,0.1960085218779569,130.7748699951172,130.77166748046875,130.6775115966797,130.8482894897461,0.0791489308979808,6.954144773483276,7.034909963607788,6.659841918945313,7.102761745452881,0.1782743559272576,5.188446321487427,5.25860333442688,4.890272712707519,5.387998867034912,0.20222914256327326,-10.358171081542968,-10.40557861328125,-10.864573669433593,-9.763713073730468,0.41091400795101585,2.1566082763671877,2.1659088134765625,1.9833419799804688,2.3049575805664064,0.1349407615444691,1.0752614025274065,1.0766755945157263,1.0694460052953676,1.0795262651740885,0.004007463570635975,0.9856423489593931,0.9856658693513958,0.9844601921891686,0.9867397974377955,0.0009543858853726305,4.100781402587891,4.099514007568359,3.77706298828125,4.430663299560547,0.23374266055852916,0.028269476832906804,0.028467980961890724,0.025535877393852546,0.030674995205565894,0.001861638193631632,1.6119643616676331,1.66770601272583,1.4274515986442566,1.7691086530685425,0.14445752064980544,0.05538444251543209,0.058043499228395065,0.026075231481481484,0.08303930362654321,0.021466502557738524,393.6613342285156,375.58775329589844,262.94728393554686,491.17937316894535,104.58311687592763,3.848379629629629e-06,3.858024691358025e-06,0.0,7.764274691358026e-06,3.515476153303827e-06,2.1511709702014925,2.5138739347457886,0.0,4.25024847984314,1.7625197917794215,3.1828703703703707e-07,0.0,0.0,9.645061728395062e-07,4.586224316345965e-07,0.66,0.0,0.0,2.0,0.9509994742374992,0.0,0.0,0.0,0.0,0.0,0.01895004822530864,0.019332802854938273,0.01720408950617284,0.020309413580246915,0.0011577546124746038,2.8935185185185182e-08,0.0,0.0,0.0,2.025462962962963e-07,0.0507344425154321,0.050853587962962965,0.04943759645061728,0.05170577739197531,0.0009522023159070225,0.4575204653485398,0.46001355331043825,0.44283035720603114,0.4737003293590192,0.012671441576327673,0.8837399902198088,0.8837755197676689,0.882990985340196,0.8856973456660191,0.001987329430434005,1.1099235378769132,1.1123362842366604,1.1006661422736477,1.1162332050103074,0.006188348659795927,0.981222087842823,0.9812769021181078,0.9791912062531194,0.9830711657415919,0.0013635158352820933,8.917441368103027,8.917441368103027,8.917441368103027,8.917441368103027,0.0,14.287673091888427,14.287673091888427,14.287673091888427,14.287673091888427,0.0,6.1538848876953125,6.1538848876953125,6.1538848876953125,6.1538848876953125,0.0,0.8393020629882812,0.8393020629882812,0.8393020629882812,0.8393020629882812,0.0,550.259521484375,550.259521484375,550.259521484375,550.259521484375,0.0,0.0,0.0,0.0,0.0,0.0,0.0,0.0,0.0,0.0,0.0,0.0,0.0,0.0,0.0,0.0
afternoon,sunny,road_shaded,outdoor,1x,100,1,125.90936637878418,126.29721069335938,124.8183479309082,126.77081069946288,0.9898663722536436,133.03324905395507,133.40484619140625,132.0559814453125,133.69507751464843,0.8809870612549543,129.73774826049805,129.86976623535156,128.90939178466797,130.37669830322267,0.7641774978170722,70.49820007324219,70.52872467041016,68.37961120605469,72.75058441162109,2.162367928152807,63.41339744567871,63.55954551696777,61.46567573547363,65.55900573730469,2.097749601560888,66.25722179412841,66.2815933227539,64.40617218017579,68.2228500366211,1.829254103417091,130.45831649780274,130.79486083984375,129.48377227783203,131.09000396728516,0.8895219688622324,64.97522132873536,65.08792877197266,63.04819831848145,67.05590209960937,2.022950447849855,124.67201805114746,124.66770935058594,124.57730636596679,124.82270050048828,0.09840756037044399,127.48982292175293,127.4763298034668,127.36346664428712,127.64343185424805,0.10589800877956039,7.931259307861328,7.902265548706055,7.713106250762939,8.184636688232422,0.21337238178212217,12.88992914199829,12.877773761749268,12.0150897026062,13.755726337432861,0.8340080216209084,-7.123882675170899,-7.1740264892578125,-7.282111358642578,-6.8249572753906245,0.19252899733194967,-3.2955007934570313,-3.3597259521484375,-3.5412948608398436,-3.0230758666992186,0.20579472900527382,1.056590510977649,1.0567283121692257,1.0539943965170178,1.058364854200948,0.0018416483487396851,1.0253976729107088,1.025815251382086,1.0232434899232705,1.0272330228586573,0.0015217988244492675,5.209691734313965,5.186317443847656,5.034091567993164,5.384980773925781,0.14855758156328322,0.039935132409002046,0.03979699788854802,0.03852364445599447,0.04116477856019636,0.0011537797772002273,3.2120777010917663,3.262344717979431,3.1394200563430785,3.3000717401504516,0.11073778389926618,0.1775699170524692,0.17741367669753086,0.17476875964506172,0.18477324459876543,0.010680664604133985,2036.5025115966796,2176.5086669921875,1887.8509033203125,2250.525146484375,324.9386237695412,0.05624612750771605,0.05744478202160494,0.0469972511574074,0.06819304591049383,0.011776810627837588,7.778605155944824,7.844465732574463,7.509864330291748,8.107239627838135,0.31889677740904315,0.0,0.0,0.0,0.0,0.0,0.0,0.0,0.0,0.0,0.0,9.394290123456788e-05,9.693287037037037e-05,6.79494598765432e-05,0.0001119309413580247,3.0157055811220926e-05,0.02741557195216049,0.027409818672839505,0.026390769675925924,0.028573929398148148,0.0008945533741299501,0.0045912712191358025,0.004781057098765432,0.0032863618827160494,0.006333043981481481,0.00168025980412856,0.06961500289351853,0.06971860532407408,0.0679224537037037,0.0717998649691358,0.0013960861451735877,1.013253147124779,1.0109727094651004,0.9647012211481754,1.0659715690930842,0.04838539800326192,1.0391430978498422,1.0419129964708316,1.004050380881177,1.0817114370887635,0.043380604129503154,1.049384788148427,1.048425235342938,1.0301978997496526,1.0688617860117648,0.018062966582524098,1.0196665235060072,1.0185438923689656,0.9859805519332276,1.0520772205058089,0.03244834986424844,38.94807052612305,38.94807052612305,38.94807052612305,38.94807052612305,0.0,70.61945571899413,70.61945571899416,70.61945571899416,70.61945571899416,2.842170943040401e-14,3.7561492919921875,3.7561492919921875,3.7561492919921875,3.7561492919921875,0.0,0.6170425415039062,0.6170425415039062,0.6170425415039062,0.6170425415039062,0.0,1528.2757568359375,1528.2757568359375,1528.2757568359375,1528.2757568359375,0.0,0.0,0.0,0.0,0.0,0.0,0.0,0.0,0.0,0.0,0.0,0.0,0.0,0.0,0.0,0.0
afternoon,sunny,road_shaded,outdoor,3x,100,1,123.79567230224609,123.77875900268555,120.32813034057617,127.24660568237304,3.351168427067801,130.35227661132814,130.42115020751953,128.48668060302734,132.16943817138673,1.7617832826850255,127.70322677612305,127.6923599243164,123.79802627563477,131.51151123046876,3.690590655235579,68.68038967132568,68.99615478515625,63.5971565246582,73.11228103637696,4.348753509738212,62.01263977050781,62.20435905456543,57.72378158569336,65.90394287109375,3.768415458463158,63.83730850219727,64.17244911193848,56.5171703338623,70.62025527954101,6.631038657304738,128.04227714538575,128.10195922851562,125.37555770874023,130.56732025146485,2.476118666435118,63.52960647583008,63.797019958496094,58.796661376953125,67.73594436645507,4.098805464627418,124.8970792388916,124.87771606445312,124.27598114013672,125.57806625366212,0.6405084180264653,127.74218841552734,127.75466918945312,126.97444381713868,128.5089538574219,0.7206277960142787,7.518150339126587,7.52873969078064,6.530418348312378,8.472007560729981,0.8926783315990736,10.993890495300294,10.95213270187378,10.159403419494629,11.771693801879882,0.7718395584977807,-6.556604309082031,-6.593212127685547,-8.127918243408203,-4.8543251037597654,1.5969598884237455,-2.649049835205078,-2.6434402465820312,-4.707497406005859,-0.5965469360351563,1.9352589537770906,1.0533506471000758,1.0535928800390693,1.0381422020123368,1.0673524774033285,0.014346817133982167,1.0211987759780643,1.021042199747793,1.0045368222037037,1.0380221636843536,0.015766995603307306,4.602827072143555,4.621309280395508,2.715158462524414,6.40583610534668,1.7647446894966559,0.036226827748035276,0.036322026709634025,0.0208015335155433,0.050966159604227464,0.014481931930242189,2.576116940975189,2.572239637374878,2.1930325984954835,2.9703433513641357,0.3662812175647866,0.13381587094907407,0.13697458526234568,0.09607185570987654,0.17092433449074074,0.03585484821526419,1372.4740435791016,1435.0264282226562,968.6922668457031,1769.8988647460938,345.54463365915285,0.07040336612654322,0.06951461226851852,0.03841883680555556,0.10090837191358025,0.029278147248317316,7.862770090103149,7.871788263320923,6.891707181930542,8.83211145401001,0.9425379303162774,0.0,0.0,0.0,0.0,0.0,0.0,0.0,0.0,0.0,0.0,0.00014464699074074073,0.00014853395061728396,3.563850308641976e-05,0.00027121913580246916,0.00010349959797136553,0.032561072530864196,0.03460093557098766,0.02485127314814815,0.039195939429012346,0.006066191749344687,0.0037971257716049376,0.003435088734567901,0.0027902199074074075,0.005192660108024692,0.001000891891596002,0.0697280430169753,0.07102165316358025,0.05222304205246914,0.08642988040123457,0.0157307395816765,1.0317350815225474,1.0213960763543295,1.0171293314580772,1.0611241739285722,0.01703631724027545,1.0060464407033272,1.0054315195277195,0.8441909338525881,1.1649534163913362,0.15451252861421644,1.0644451308529441,1.063629542365156,1.0244147541118738,1.1023798859967329,0.03859337955099418,1.0584076180176043,1.0572528080972803,0.9799313743904489,1.1364094515720717,0.0766126004572966,44.90868377685547,44.90868377685547,44.90868377685547,44.90868377685547,0.0,74.76309661865234,74.76309661865236,74.76309661865236,74.76309661865236,1.4210854715202004e-14,5.385978698730469,5.385978698730469,5.385978698730469,5.385978698730469,0.0,4.111366271972656,4.111366271972656,4.111366271972656,4.111366271972656,0.0,988.2914428710938,988.2914428710938,988.2914428710938,988.2914428710938,0.0,0.0,0.0,0.0,0.0,0.0,0.0,0.0,0.0,0.0,0.0,0.0,0.0,0.0,0.0,0.0
afternoon,sunny,road_shaded,outdoor,5x,100,1,123.97230484008789,123.96035766601562,120.05449523925782,127.77388992309571,3.729258665436023,130.80518768310546,130.54204559326172,129.79599609375,131.9617172241211,0.9957232085943902,129.22373802185058,129.13643646240234,126.21178588867187,132.24930877685546,2.720643390857879,66.0172571182251,66.26793479919434,55.30068359375,76.65774230957031,10.494896459050754,59.33720401763916,59.51871871948242,50.131965255737306,68.39626235961914,8.864089100579667,60.38558666229248,60.868974685668945,48.859255981445315,71.70259628295898,11.19190339202563,128.53926193237305,128.37296676635742,126.43349227905273,130.72492218017578,2.0019090626159204,60.866962356567385,61.12151908874512,51.17936058044434,70.42367553710938,9.398937945655113,124.67997535705567,124.64537811279297,123.37172470092773,126.03929061889649,1.2563047437912642,128.31440559387207,128.29907989501953,127.7838264465332,128.90204772949218,0.45570780225523877,7.132395887374878,7.203577280044556,5.325991868972778,8.838688850402832,1.6728608411092736,9.747587633132934,9.72858190536499,8.172191715240478,11.35954008102417,1.5356469462518765,-6.832882843017578,-6.853736877441406,-9.794935607910157,-3.8323638916015623,2.806596921700426,-1.5814496612548827,-1.5221138000488281,-3.5937225341796877,0.3819030761718752,1.793555617075461,1.055842653860659,1.0558068912258936,1.0300712913856325,1.0815804074163067,0.024301438574005678,1.012531825856059,1.0119673810469005,0.9971041270018333,1.0284415324452403,0.014143706105215639,4.20716625213623,4.174388885498047,1.8398639678955078,6.69352035522461,2.2955152736174425,0.03300977422847956,0.032654530429867254,0.014056141412054622,0.05289350313156045,0.018360607084141157,2.3900232565402986,2.3823670148849487,1.9787375807762146,2.815008211135864,0.39393257711159707,0.12915817418981482,0.12812813464506173,0.06402715084876544,0.19312046682098766,0.061700297712387144,1245.4196069335937,1173.2554321289062,551.1857727050781,2010.6083984375,660.101638055554,0.05844267939814815,0.060260657793209875,0.012282310956790124,0.10155049189814816,0.04186137910517113,7.232527885437012,6.270151615142822,6.062157392501831,9.624593353271484,1.475464685555415,0.0,0.0,0.0,0.0,0.0,0.0,0.0,0.0,0.0,0.0,6.432773919753087e-05,3.7374614197530866e-05,2.2665895061728396e-05,8.810763888888892e-05,8.435374067183567e-05,0.03437510609567901,0.03497034143518518,0.017386815200617283,0.049821325231481486,0.01446970169306764,0.0021027199074074077,0.0021790605709876543,0.0005717592592592593,0.0034779128086419755,0.0010689972012361576,0.07181370563271605,0.0716893325617284,0.03441719714506173,0.10853737461419753,0.03599382945584936,1.0377492416536593,1.05842188015745,0.8700442127921221,1.1789001163881427,0.14098174750698106,0.869177946018585,0.8607312089350777,0.648047779136112,1.1079747476628892,0.22036881209350712,1.0688108719842422,1.0687678994634324,1.00822186441843,1.1287390541541038,0.057068073069232984,1.0469577215992947,1.0454822507464452,0.988028578401684,1.1061717411690661,0.056962379268838965,45.30176544189453,45.30176544189453,45.30176544189453,45.30176544189453,0.0,71.02730255126953,71.02730255126954,71.02730255126954,71.02730255126954,1.4210854715202004e-14,6.589271545410156,6.589271545410156,6.589271545410156,6.589271545410156,0.0,5.098636627197266,5.098636627197266,5.098636627197266,5.098636627197266,0.0,1565.4691162109375,1565.4691162109375,1565.4691162109375,1565.4691162109375,0.0,0.0,0.0,0.0,0.0,0.0,0.0,0.0,0.0,0.0,0.0,0.0,0.0,0.0,0.0,0.0
afternoon,sunny,road_shaded,outdoor,7x,100,1,129.60412757873536,129.9084587097168,120.4543327331543,138.41226806640626,8.224913607757774,134.0676097869873,134.3483657836914,127.59089965820313,140.34651947021484,5.9103204197168235,137.6879019165039,137.2881088256836,133.3005615234375,141.73494567871094,3.4815510279314683,60.23373908996582,59.71699333190918,45.25625915527344,75.0287109375,14.140713314280386,55.52747524261475,54.814720153808594,41.57303810119629,69.2916473388672,12.979036030501279,50.386326217651366,49.98756790161133,37.678453063964845,62.871560668945314,11.890351150034864,133.08332740783692,133.3056640625,126.34801406860352,139.74624938964843,6.3136079826343,55.86064025878906,55.21120834350586,42.0344955444336,69.59743423461914,12.972182807397305,125.45182052612304,125.4714469909668,123.43766174316406,127.02125244140625,1.3997215894426345,130.54419769287108,130.3973617553711,128.61625213623046,132.5576187133789,1.6064090738026975,6.688794574737549,6.710572957992554,4.876226902008057,8.428340530395507,1.712699914363712,8.409674077033996,8.41178297996521,5.80643367767334,10.976434803009033,2.5054834836002233,-4.463482208251953,-4.351596832275391,-8.00498275756836,-1.786099243164062,2.4011170368692487,3.6202921295166015,3.2369003295898438,0.6397232055664063,6.656079864501953,2.526279661281404,1.0357300238456641,1.0346146462670904,1.0129109352463108,1.066457699215542,0.02080476466405904,0.9732559182464599,0.9764601830334212,0.9505278842372774,0.9954561288701831,0.01899878541382356,0.4215950393676758,0.4665489196777344,-0.09259185791015624,0.7403419494628907,0.303211124603195,0.0031432224342939365,0.003339746100486105,-0.0007322002773829575,0.005845576229100312,0.0023339554413146367,2.0976355981826784,2.0347800850868225,1.4382118582725525,2.788270998001099,0.6292521695276909,0.10758655478395061,0.08519145447530864,0.02037032214506173,0.1855283564814815,0.06769552408378281,777.1658996582031,490.0156555175781,190.3009994506836,1480.138671875,538.6273293645932,0.036960122492283955,0.04052300347222222,0.005381028163580248,0.058230131172839504,0.02127778736647032,3.153034548461437,3.851815938949585,0.9567700982093811,4.641693544387818,1.555987152227904,0.0,0.0,0.0,0.0,0.0,0.0,0.0,0.0,0.0,0.0,1.0503472222222223e-05,0.0,0.0,1.7891589506172845e-05,2.6204372473411745e-05,0.04360618730709876,0.044728732638888886,0.022146604938271607,0.0647310474537037,0.020187416563031732,0.00016532600308641983,3.7615740740740744e-05,0.0,0.00040702160493827176,0.00018273142029874182,0.08383357445987655,0.08336974344135803,0.03913049768518519,0.12948157793209877,0.043528931875110054,1.0933211403290495,1.0997929841417151,0.8427346534012343,1.3244206237945948,0.2275092316106896,1.0936874287980327,1.0784311274482687,0.922479367734615,1.273853353177052,0.16901847232903816,1.0411239826647691,1.0404321817768265,0.9940392516861368,1.097116856635274,0.04553531228628509,1.0176039820182483,1.0140625317912235,1.0050372649381139,1.0346956138483459,0.011568503855980166,41.56059646606445,41.56059646606445,41.56059646606445,41.56059646606445,0.0,67.31374893188479,67.31374893188477,67.31374893188477,67.31374893188477,1.4210854715202004e-14,14.233375549316406,14.233375549316406,14.233375549316406,14.233375549316406,0.0,1.3301200866699219,1.3301200866699219,1.3301200866699219,1.3301200866699219,0.0,1541.9410400390625,1541.9410400390625,1541.9410400390625,1541.9410400390625,0.0,0.0,0.0,0.0,0.0,0.0,0.0,0.0,0.0,0.0,0.0,0.0,0.0,0.0,0.0,0.0
morning,cloudy,building,outdoor,1x,50,1,133.46341278076173,133.85388946533203,130.7097961425781,134.32095336914062,1.2456977816771337,135.46700958251952,135.88245391845703,132.7444290161133,136.35083770751953,1.2501676702453428,134.7450326538086,135.07611846923828,132.39993286132812,135.49116973876954,1.0678371418081078,57.46316848754883,57.48301696777344,57.088742065429685,58.00829086303711,0.3355471935319971,55.16788314819336,55.255794525146484,54.808192825317384,55.40257797241211,0.2588637179890438,54.94412322998047,55.01816368103027,54.61328239440918,55.168832015991214,0.23831556659180816,134.7379608154297,135.1338119506836,132.05594635009766,135.59619903564453,1.224470715049585,55.74293815612793,55.81323051452637,55.38906898498535,56.054730606079104,0.26822298607321454,127.01870864868164,127.01753997802734,126.98153915405274,127.05640106201172,0.03259757166236396,127.9859750366211,127.94230270385742,127.92254257202148,128.17440643310547,0.09461622933261359,3.668805088996887,3.6346068382263184,3.515806698799133,3.895259976387024,0.1395564340567607,2.4009429740905763,2.3305073976516724,2.2880248546600344,2.7542364835739135,0.17270626686825805,-2.0035968017578125,-2.0195159912109375,-2.0591445922851563,-1.9263107299804687,0.06912636758335755,-0.7219769287109375,-0.8104476928710938,-0.8766616821289063,-0.336175537109375,0.20441870788447442,1.0150134843180494,1.0151027457986488,1.014400798042174,1.0155394637475992,0.0005313923857963155,1.0053478121991137,1.0059985304065524,1.0025254556992884,1.0064725649390258,0.0014932178094698527,1.362786865234375,1.4199905395507812,1.1628105163574218,1.4679031372070312,0.12107338626438142,0.010108757880731093,0.010499548905461377,0.008815529610419783,0.010828719468034676,0.0008331706773666826,1.539289951324463,1.481091856956482,1.3665085911750794,1.8406066656112672,0.16890651444414342,0.07086720679012344,0.07234254436728395,0.058714699074074075,0.08091005979938272,0.008943341479689412,357.10338989257815,348.8003692626953,227.120751953125,484.0084686279297,96.98243002492465,0.04444215856481481,0.04518156828703704,0.041530237268518524,0.04682228973765432,0.0020509388163806905,6.243222093582153,6.3636474609375,5.791325187683105,6.414410543441773,0.25003083179775243,0.0,0.0,0.0,0.0,0.0,0.0,0.0,0.0,0.0,0.0,2.6523919753086423e-06,1.9290123456790124e-06,9.645061728395062e-07,5.35300925925926e-06,1.8458390440783793e-06,0.0029942708333333336,0.003054108796296296,0.002661554783950617,0.0031977719907407406,0.0002119965225032237,6.792052469135803e-05,6.727430555555556e-05,5.719521604938272e-05,8.357445987654321e-05,1.0958657845941165e-05,0.005855603780864197,0.005872154706790124,0.005513744212962963,0.0062277199074074075,0.00027733340941554183,0.8337027710258564,0.8134604184793992,0.8120796537779255,0.925186434475835,0.04200982357411037,1.1299218065601602,1.1196033602777735,1.118918007826758,1.1765869677180307,0.021738633360963697,1.0134736008084257,1.0137804204965537,1.011839493026192,1.014251198783413,0.0008923851081792198,1.0086148113234181,1.00876300531215,1.008160035761806,1.0090891984366108,0.0005056711296492071,20.02492904663086,20.02492904663086,20.02492904663086,20.02492904663086,0.0,42.17255325317382,42.17255325317383,42.17255325317383,42.17255325317383,1.4210854715202004e-14,4.50836181640625,4.50836181640625,4.50836181640625,4.50836181640625,0.0,0.47027587890625,0.47027587890625,0.47027587890625,0.47027587890625,0.0,312.75732421875,312.75732421875,312.75732421875,312.75732421875,0.0,0.0,0.0,0.0,0.0,0.0,0.0,0.0,0.0,0.0,0.0,0.0,0.0,0.0,0.0,0.0
morning,cloudy,building,outdoor,3x,50,1,128.7019873046875,128.65967559814453,128.47106170654297,129.04730529785155,0.20682507931230557,131.26580596923827,131.23025512695312,131.07867889404298,131.51297760009766,0.15359014799541762,130.44711486816405,130.4201431274414,130.23602600097655,130.68544311523436,0.16499513573773586,59.00052337646484,58.945987701416016,58.589756393432616,59.45801544189453,0.3325946498632545,55.419223403930665,55.228660583496094,55.00230865478515,56.02267723083496,0.3855599186129052,55.12372016906738,54.95120620727539,54.61958999633789,55.78032341003418,0.4127284376128931,130.35421600341797,130.28076171875,130.21197357177735,130.64022521972657,0.1646334688912881,56.39543418884277,56.23686599731445,55.974191665649414,56.958448028564455,0.3695403356029743,126.75610885620117,126.73028945922852,126.6659164428711,126.85903091430664,0.07235797093687493,128.0618731689453,128.07389068603516,127.99395141601562,128.11609344482423,0.04669810983915937,3.286726212501526,3.289175033569336,3.2610949754714964,3.3186853647232057,0.022144488463127353,2.6333207416534425,2.643658757209778,2.602996897697449,2.656176233291626,0.02070957076432072,-2.5638186645507814,-2.5939254760742188,-2.7430404663085937,-2.3660003662109377,0.14043273468485112,-0.8186911010742187,-0.8251800537109375,-0.877447509765625,-0.7395263671875,0.06307482162441315,1.0199218012788953,1.0201479451904187,1.018380993483443,1.021347085257913,0.0011132992469805895,1.006276264209557,1.0063293933179494,1.0056625965966686,1.0067340134294505,0.0004857162166912813,1.6912548828125,1.7119865417480469,1.597637939453125,1.7863250732421876,0.07423360025636518,0.012974493502470494,0.01309877529951032,0.012247337370993422,0.013718082203904493,0.0005738166685974873,0.9466018223762512,0.9360982179641724,0.8710179507732392,1.0412742257118226,0.0550724294536496,0.03605827546296297,0.0341235050154321,0.031198109567901235,0.041857156635802466,0.004191990296248952,220.13486572265626,189.72223663330078,161.17713775634766,309.866064453125,61.73175673607355,0.06947299382716049,0.06932195216049383,0.06703780864197531,0.07270785108024691,0.002075613039581289,8.317254810333251,8.317632675170898,8.28953504562378,8.356865310668946,0.030827337729300665,0.0,0.0,0.0,0.0,0.0,0.0,0.0,0.0,0.0,0.0,2.025462962962963e-07,0.0,0.0,9.645061728395062e-07,4.6346503768263746e-07,0.0076858024691358025,0.007385223765432099,0.006953076774691358,0.00906693672839506,0.000754512200988869,8.101851851851852e-07,4.822530864197531e-07,0.0,1.4949845679012351e-06,8.432674766355861e-07,0.01484435763888889,0.014790219907407406,0.014671537422839505,0.015055025077160493,0.00014992092990333524,0.9674595375099484,0.9674576373825927,0.9659902198639947,0.9690267814934123,0.0012312926410298578,1.070561572948082,1.0707353708391667,1.0679819415725504,1.0730265336350582,0.0018860740704237126,1.0293788181136798,1.0298427775629029,1.0268733026793762,1.0311532402014945,0.0015497607806140518,1.0052889582039535,1.0052419350793276,1.004248634192341,1.0065984951748772,0.0008275415013713115,3.280210494995117,3.280210494995117,3.280210494995117,3.280210494995117,0.0,5.927056789398193,5.927056789398193,5.927056789398193,5.927056789398193,0.0,0.5728912353515625,0.5728912353515625,0.5728912353515625,0.5728912353515625,0.0,0.2532958984375,0.2532958984375,0.2532958984375,0.2532958984375,0.0,239.05941772460938,239.05941772460938,239.05941772460938,239.05941772460938,0.0,0.0,0.0,0.0,0.0,0.0,0.0,0.0,0.0,0.0,0.0,0.0,0.0,0.0,0.0,0.0
morning,cloudy,building,outdoor,5x,50,1,127.6384765625,127.65008544921875,127.14557800292968,128.11187591552735,0.3601925233823815,130.55144653320312,130.64655303955078,129.98203125,131.0464874267578,0.36486291660174014,129.58934234619142,129.65713500976562,129.09793090820312,129.98941955566406,0.3243276264751836,61.53994483947754,61.16750526428223,60.77638282775879,62.80514373779297,0.8174671749356904,57.74490242004394,57.3685302734375,56.9548152923584,59.036983489990234,0.850602093520595,57.70128143310547,57.39237976074219,56.84344635009766,58.93423080444336,0.8323065532057025,129.49721435546874,129.59867095947266,128.9667953491211,129.97101440429688,0.3501156309820567,58.782294006347655,58.41221618652344,58.01217460632324,60.06064338684082,0.8378941524532649,126.60298294067383,126.62424850463867,126.47334365844726,126.66716613769532,0.07005647433380269,128.04861648559572,128.02828216552734,128.00709075927733,128.1248001098633,0.045033071720269345,3.985923352241516,3.9900755882263184,3.9561660289764404,4.005515909194946,0.01644982436165492,3.0647404956817628,3.0589523315429688,3.004288172721863,3.134170985221863,0.05058445636686478,-2.912969970703125,-2.87042236328125,-3.15662841796875,-2.7856170654296877,0.13858483555611464,-0.9621041870117187,-0.9785995483398438,-1.055206298828125,-0.85546875,0.0728495664176087,1.0228226950318704,1.0224744108150416,1.0217936501618101,1.0247454964498626,0.001099182913887758,1.0074236180936607,1.0075430243429089,1.006585618875217,1.0081174877661137,0.0005531333894833587,1.9375370788574218,1.9274311065673828,1.8528266906738282,2.0129302978515624,0.07080211355764496,0.014961453933461977,0.014888791032731304,0.014364480229114521,0.015529950126571762,0.0005307002757767745,1.0610637533664704,1.041131615638733,0.9887337803840637,1.2257302522659301,0.08749094207978282,0.028236043595679012,0.029064670138888887,0.025679542824074073,0.0301421199845679,0.0018938224000708394,161.4218899536133,168.47583770751953,125.37184219360351,187.99178314208984,29.528576011987294,0.04334579475308643,0.04105179398148148,0.03842013888888889,0.050768036265432095,0.0046724364492768,7.50374815940857,7.298660039901733,7.134590768814087,8.142005252838135,0.41442770911099036,0.0,0.0,0.0,0.0,0.0,0.0,0.0,0.0,0.0,0.0,9.645061728395062e-09,0.0,0.0,0.0,6.751543209876544e-08,0.0051531635802469136,0.005060763888888889,0.004752170138888889,0.005720148533950618,0.0003563842738761402,2.1026234567901233e-06,0.0,0.0,7.764274691358026e-06,4.095189170913195e-06,0.011453125000000001,0.011422405478395063,0.011276282793209877,0.011633005401234568,0.00013147843057268583,1.0380155815706336,1.0285699794392034,1.0261516179758972,1.0619119659020428,0.014954296582740043,0.840232723642261,0.8413794680675213,0.8353613920290738,0.8432698732155618,0.0030707815664579173,1.0295315855483818,1.029152800588887,1.0284776622524217,1.031649790832989,0.0011994336412147427,1.0041327568812926,1.0043087450220405,1.003175179418282,1.0048153407204257,0.0006162397865895361,3.3905980587005615,3.3905980587005615,3.3905980587005615,3.3905980587005615,0.0,5.720874309539795,5.720874309539795,5.720874309539795,5.720874309539795,0.0,1.0905914306640625,1.0905914306640625,1.0905914306640625,1.0905914306640625,0.0,0.3293876647949219,0.3293876647949219,0.3293876647949219,0.3293876647949219,0.0,138.68348693847656,138.68348693847656,138.68348693847656,138.68348693847656,0.0,0.0,0.0,0.0,0.0,0.0,0.0,0.0,0.0,0.0,0.0,0.0,0.0,0.0,0.0,0.0
morning,cloudy,building,outdoor,7x,50,1,123.98138076782226,124.29154205322266,123.19489364624023,124.71660079956055,0.9612911453808926,128.0367933654785,128.26090240478516,127.40888595581055,128.73375701904297,0.8671322049467485,127.2648893737793,127.59903717041016,126.57412414550781,127.96612548828125,0.9899936098837191,68.84114227294921,68.92535781860352,67.79299392700196,69.84585952758789,0.7296010902468159,64.32437095642089,64.40459060668945,63.198079681396486,65.34138336181641,0.7579465164253829,64.16393257141114,64.24084091186523,63.035698318481444,65.19235610961914,0.8021647449964825,126.68761337280273,126.94538879394531,126.01145782470704,127.38070602416992,0.9064691261987877,65.59761825561523,65.70453262329102,64.49838104248047,66.59701614379883,0.7471766793933571,126.00309265136718,126.01280975341797,125.9128631591797,126.07400207519531,0.05528164172869365,128.3012373352051,128.28961181640625,128.2137420654297,128.46398315429687,0.10534448240437476,4.335017614364624,4.337923765182495,4.201172542572022,4.469570922851562,0.09749156316955702,2.503611307144165,2.5037879943847656,2.430691123008728,2.5574893712997437,0.046348041741869635,-4.05541259765625,-4.035938262939453,-4.244361877441406,-3.91453857421875,0.12733170943843128,-0.7719039916992188,-0.794189453125,-0.9583587646484375,-0.415283203125,0.2362965271402974,1.032718071718101,1.03243123569113,1.0315198357286781,1.0344182830803863,0.001247956256162988,1.0060747092071751,1.0062272546034836,1.0032659936610364,1.0075098063480639,0.0019117627902857234,2.4136582946777345,2.407024383544922,2.2322837829589846,2.549211120605469,0.16426132492298498,0.019058890219883877,0.018906275387482973,0.017669101465116906,0.02022264916486108,0.0014054620837218043,1.0154696345329284,1.03493070602417,0.9067149698734284,1.1079589962959289,0.08476058523552239,0.01007914737654321,0.01130955825617284,0.002201099537037037,0.0153515625,0.0047013060280079975,59.74574630737305,57.316654205322266,37.6860855102539,85.48820114135742,19.44166829215845,0.061476302083333344,0.06142192322530864,0.055988763503086424,0.06687413194444444,0.005306339394583802,7.589702386856079,7.547886610031128,7.291105556488037,7.8715301036834715,0.25676988000498363,0.0,0.0,0.0,0.0,0.0,0.0,0.0,0.0,0.0,0.0,0.0,0.0,0.0,0.0,0.0,0.005205970293209876,0.00521556712962963,0.004877555941358025,0.005483314043209876,0.0002147498552113963,7.619598765432099e-07,0.0,0.0,1.4949845679012351e-06,2.9176750136998003e-06,0.007210185185185185,0.007118537808641976,0.0069375482253086415,0.0076310763888888895,0.000257467221669147,1.257380447958874,1.2547836447146998,1.2483227784779631,1.2646249473619233,0.010840933156076225,0.732977615834412,0.7331079076029174,0.7312071956921553,0.736258812106324,0.002918651069162107,1.0351826363379841,1.034835045282644,1.0332863008040378,1.0379918341423489,0.0021024275136110487,1.0087299561830751,1.0091200041868211,1.0048354306147738,1.0104652459614436,0.0026196949858898503,4.4621148109436035,4.4621148109436035,4.4621148109436035,4.4621148109436035,0.0,10.900086784362804,10.900086784362806,10.900086784362806,10.900086784362806,1.7763568394002505e-15,4.5140380859375,4.5140380859375,4.5140380859375,4.5140380859375,0.0,0.8266754150390625,0.8266754150390625,0.8266754150390625,0.8266754150390625,0.0,84.92787170410156,84.92787170410156,84.92787170410156,84.92787170410156,0.0,0.0,0.0,0.0,0.0,0.0,0.0,0.0,0.0,0.0,0.0,0.0,0.0,0.0,0.0,0.0
morning,cloudy,mixed,outdoor,1x,50,1,133.72405487060547,133.75530242919922,133.4988983154297,133.82421875,0.11559382694267413,136.49043701171874,136.52565002441406,136.27193298339844,136.5796371459961,0.10952250968871544,133.6139059448242,133.67416381835938,133.2064178466797,133.77828216552734,0.214650484991895,70.24210174560547,70.29904174804688,69.98107223510742,70.34682006835938,0.17084831319858576,68.38488220214843,68.45004272460938,68.1109748840332,68.47810134887695,0.17581091594731468,71.63557525634765,71.7328872680664,71.34076080322265,71.78236312866211,0.19926916853380583,135.26200378417968,135.30044555664062,135.02306518554687,135.35545043945314,0.1205425178642151,69.09316223144532,69.15956497192383,68.82004852294922,69.19393386840821,0.17599809259651844,126.84574859619141,126.84343338012695,126.83327178955078,126.86127548217773,0.011387901191593991,127.01320205688477,127.03682708740234,126.91501007080078,127.06601486206054,0.058251119874884634,5.302392272949219,5.295529842376709,5.277021789550782,5.332519960403443,0.023954366067494258,5.108134441375732,5.108273983001709,5.089198589324951,5.127558755874634,0.01651336272180807,-2.766382141113281,-2.76922607421875,-2.7959747314453125,-2.7300445556640627,0.02325416462501757,-2.876531066894531,-2.8238677978515625,-3.0741851806640623,-2.7714599609375,0.1188428222927766,1.0206873050919347,1.0207365846056746,1.0204061413921723,1.0209131503746973,0.00018096884939859036,1.0215300812323544,1.0211254756200372,1.0207192343432934,1.0230875187869004,0.0009237862860890139,2.8214566040039064,2.7998123168945312,2.758248138427734,2.9178398132324217,0.062383417607748466,0.020859544138635867,0.020699205131289,0.020371847276508055,0.021616798066246022,0.00047676328458550116,2.2738648414611817,2.2708016633987427,2.2381632804870604,2.3173815488815306,0.03002877038813019,0.07926189236111111,0.07922453703703704,0.07867896412037037,0.08001335841049383,0.0005500389892841075,512.9025653076172,508.6434326171875,494.0574157714844,535.0832153320313,16.65693335059518,0.07795366512345679,0.07805483217592593,0.07737263695987655,0.07854663387345678,0.0005808625341781379,7.261375646591187,7.251708030700684,7.2167229652404785,7.306785726547242,0.03898415748547959,0.0,0.0,0.0,0.0,0.0,0.0,0.0,0.0,0.0,0.0,2.125771604938271e-05,2.097800925925926e-05,1.3937114197530866e-05,2.7006172839506174e-05,5.634598503723526e-06,0.004433207947530864,0.0044627700617283945,0.004296633873456791,0.004497878086419753,7.39475787100729e-05,0.0018861014660493827,0.0018803047839506173,0.0017340856481481482,0.002027681327160494,0.00011566642941388729,0.017113541666666666,0.017158323688271603,0.016956548996913578,0.017279658564814816,0.00018360351666364303,1.3459023990088255,1.3464644077398076,1.3440652675962235,1.3473133238860877,0.0017530623914244932,0.8513168663577096,0.8511885960197887,0.8510262771042972,0.8519485261675832,0.00038656240171871766,1.057561352023662,1.0575929328345839,1.057150641614721,1.057961845666632,0.0003223790107469614,1.0041016963616527,1.0037304179217008,1.0031533244475481,1.0055302927120398,0.0009134222518460349,3.6278116703033447,3.6278116703033447,3.6278116703033447,3.6278116703033447,0.0,7.853253412246704,7.853253412246704,7.853253412246704,7.853253412246704,0.0,0.4652862548828125,0.4652862548828125,0.4652862548828125,0.4652862548828125,0.0,0.26392364501953125,0.26392364501953125,0.26392364501953125,0.26392364501953125,0.0,77.30377197265625,77.30377197265625,77.30377197265625,77.30377197265625,0.0,0.0,0.0,0.0,0.0,0.0,0.0,0.0,0.0,0.0,0.0,0.0,0.0,0.0,0.0,0.0
morning,cloudy,mixed,outdoor,3x,50,1,138.93758422851562,138.8008041381836,137.58161010742188,140.64344635009766,1.120752637026569,143.2343716430664,143.10831451416016,142.02881317138673,144.93282470703124,1.0663587247572952,142.33532928466798,142.33035278320312,141.1379150390625,143.58100280761718,0.8693619078749425,50.984993057250975,50.74555206298828,48.94313049316406,53.19533462524414,1.576797209994032,47.378626327514645,47.17159461975098,45.1943603515625,49.673377227783206,1.6107872215121348,49.303931121826174,49.00161552429199,47.33974075317383,51.58987121582031,1.5562872264362635,141.77498901367187,141.65113067626953,140.51171417236327,143.4347381591797,1.062630604093182,48.39931419372559,48.17821502685547,46.29916877746582,50.64463386535645,1.579548008606995,125.90940185546874,125.92303085327148,125.82095489501953,125.95010070800781,0.05194470161257209,128.23533081054688,128.25123596191406,128.00306243896483,128.38670501708984,0.13523342130682567,5.101953077316284,5.018259525299072,4.808461618423462,5.477446842193603,0.24919274634080843,5.147793245315552,5.08864951133728,5.0480812072753904,5.342007875442505,0.11456436480260687,-4.296787414550781,-4.258277893066406,-4.485052490234375,-4.205381774902344,0.10448705628577376,-0.8990423583984375,-0.8766708374023438,-1.3518218994140625,-0.5670745849609374,0.26824956155301305,1.030931392270566,1.0306227046470955,1.0301511471567237,1.0326017019648015,0.000917890600794512,1.0063090115832996,1.0061755697622958,1.0040096970413783,1.00941503123422,0.001850443846766042,2.5979148864746096,2.5766067504882812,2.4010360717773436,2.8164794921875,0.14777546001222064,0.018321268067131302,0.018142058915745093,0.017076235761837994,0.01970747525885177,0.0009780368451846326,1.3137570571899415,1.3011000156402588,1.2867393493652344,1.355471098423004,0.02478794354609519,0.0773614101080247,0.07844063464506174,0.06953785686728395,0.0806309799382716,0.004444242494168083,403.76995361328125,410.5451354980469,292.20041809082034,460.2379852294922,67.64850270745144,0.002331693672839506,0.0018967013888888887,0.0008485243055555555,0.004069299768518519,0.0011992541180016517,3.6087585258483887,3.62811279296875,3.32278892993927,3.856456756591797,0.2045898087283698,0.0,0.0,0.0,0.0,0.0,0.0,0.0,0.0,0.0,0.0,5.690586419753087e-07,4.822530864197531e-07,0.0,1.4467592592592592e-06,6.519519527824533e-07,0.00014009452160493828,0.00014226466049382716,0.00010161072530864197,0.00017766203703703705,3.225999210998449e-05,0.00014951774691358025,0.00014347029320987655,0.00010788001543209877,0.00020302854938271606,3.7568841449917526e-05,0.005210291280864196,0.0045146122685185185,0.0038994020061728397,0.00792703510802469,0.0015476795063850105,0.9380908542923366,0.9328257642349995,0.8947526733892732,0.9815470859306619,0.03362127484243481,0.8213566006532944,0.8211873522843238,0.8130336455660657,0.831406443760283,0.007271194668479519,1.067809252483343,1.0675232126136383,1.0634042988715768,1.0719066677065694,0.003359781527034696,0.9851568508417747,0.9853985385139866,0.9809982732736685,0.9893839057089564,0.0027178654438969334,5.987236499786377,5.987236499786377,5.987236499786377,5.987236499786377,0.0,12.043670654296875,12.043670654296875,12.043670654296875,12.043670654296875,0.0,3.6859130859375,3.6859130859375,3.6859130859375,3.6859130859375,0.0,0.4811248779296875,0.4811248779296875,0.4811248779296875,0.4811248779296875,0.0,363.0373229980469,363.0373229980469,363.0373229980469,363.0373229980469,0.0,0.0,0.0,0.0,0.0,0.0,0.0,0.0,0.0,0.0,0.0,0.0,0.0,0.0,0.0,0.0
morning,cloudy,mixed,outdoor,5x,50,1,140.77478271484375,140.9853057861328,139.93109893798828,141.1158889770508,0.5178266179079479,141.83697021484375,142.05062103271484,140.99030151367188,142.20596923828126,0.5016535648305006,142.82548065185546,143.01062774658203,141.96959228515624,143.1873809814453,0.5284705712393263,44.895607223510744,44.831926345825195,44.2308952331543,45.60298843383789,0.5175390437647165,42.009018936157226,41.98790168762207,41.31248512268066,42.73248138427734,0.5321876274213027,41.47043487548828,41.46441841125488,40.741689682006836,42.16159324645996,0.5503587802922321,141.54613586425782,141.74684143066406,140.69782409667968,141.9010223388672,0.5083736034520363,42.3031623840332,42.27614402770996,41.623038101196286,43.015447998046874,0.5201913214546894,127.37595504760742,127.37111282348633,127.34817962646484,127.40242462158203,0.023544919082901707,128.62271697998048,128.61951446533203,128.56678924560546,128.68540802001954,0.04383846357472116,6.75499906539917,6.724669694900513,6.631877803802491,6.893213701248169,0.106678974888242,5.429646186828613,5.402292728424072,5.306927108764649,5.557962942123413,0.10239400708357076,-1.0621875,-1.0869903564453125,-1.1286483764648438,-0.9819107055664062,0.06475506667421542,0.9885104370117187,0.9655838012695312,0.8594741821289062,1.1503189086914063,0.1115938722273608,1.00754591382126,1.0077037789091023,1.0069611783087136,1.0080037403377382,0.0004683171676516045,0.9930797701277199,0.9932021755629226,0.9919663369920265,0.9939670476361039,0.0007709058524918339,0.036838531494140625,0.07030487060546875,-0.0842041015625,0.1186279296875,0.08615592277323518,0.0002607437208617776,0.0004956030186043364,-0.0005938588507350779,0.0008388778778028167,0.0006074314108933031,1.422394483089447,1.4224397540092468,1.3507463693618775,1.5185452818870544,0.06756846744886075,0.09906768904320988,0.0975489486882716,0.09006881751543211,0.10515866126543211,0.00782411337805371,665.2882238769531,645.2188720703125,581.0274291992188,756.9091552734375,98.22256436711807,0.005892660108024691,0.005692756558641975,0.0043907696759259264,0.007823447145061729,0.0012283250334110443,3.3647841215133667,3.3670350313186646,3.0680288314819335,3.603706479072571,0.22258732304053608,0.0,0.0,0.0,0.0,0.0,0.0,0.0,0.0,0.0,0.0,1.1574074074074076e-07,0.0,0.0,4.8225308641975994e-08,4.970717101360002e-07,6.50462962962963e-05,6.341628086419753e-05,4.5476466049382716e-05,8.830054012345679e-05,1.958414049207784e-05,1.2741126543209878e-05,9.162808641975309e-06,3.375771604938272e-06,2.4643132716049384e-05,9.438416129940651e-06,0.015296711033950616,0.01580536265432099,0.013661168981481482,0.016540461033950616,0.0011920695291185615,0.6489639836071899,0.6482824754222514,0.6448957658335208,0.6553778308587069,0.004230843141992658,0.9211612317705387,0.9216379719765826,0.9193350211228185,0.9222548422360124,0.00133989786699291,1.0362565023919523,1.0362508517460185,1.0359373211310219,1.0366499828360984,0.0003004101999504061,0.9756168384603014,0.9755520712862088,0.9748298294287686,0.9764989414015791,0.000652559298041247,8.969305992126465,8.969305992126465,8.969305992126465,8.969305992126465,0.0,17.830313682556152,17.830313682556152,17.830313682556152,17.830313682556152,0.0,2.1222381591796875,2.1222381591796875,2.1222381591796875,2.1222381591796875,0.0,0.34720611572265625,0.34720611572265625,0.34720611572265625,0.34720611572265625,0.0,552.7308349609375,552.7308349609375,552.7308349609375,552.7308349609375,0.0,0.0,0.0,0.0,0.0,0.0,0.0,0.0,0.0,0.0,0.0,0.0,0.0,0.0,0.0,0.0
morning,cloudy,mixed,outdoor,7x,50,1,138.5570523071289,138.61905670166016,138.13438568115234,138.81945343017577,0.250165778390723,142.37857116699217,142.37030792236328,142.2952651977539,142.4950408935547,0.07642415688628813,144.9652883911133,144.98719024658203,144.66395874023436,145.27948913574218,0.22703767613583486,38.68951011657715,38.804887771606445,38.001098251342775,38.95490188598633,0.3624031054225238,32.2108349609375,32.25748252868652,31.870800018310547,32.4064754486084,0.2627061499445989,28.416301727294922,28.41367244720459,28.108044815063476,28.638948059082033,0.2784280105319983,141.44364135742188,141.42141723632812,141.33536834716796,141.58197784423828,0.09240120742121721,33.06027465820313,33.14440727233887,32.66448822021484,33.30778465270996,0.276036014842249,125.88641891479492,125.92887878417969,125.66288375854492,126.0474021911621,0.13214840766428648,129.8739440917969,129.90968322753906,129.6816192626953,129.9984893798828,0.10971161028355479,7.440348405838012,7.4418206214904785,7.308645105361938,7.554502153396607,0.08290165257422799,6.360858125686645,6.351533651351929,6.303103828430176,6.4224629402160645,0.050693049536169925,-3.821518859863281,-3.7375946044921875,-4.290400695800781,-3.5554153442382814,0.2711046778775693,2.586717224121094,2.5788116455078125,2.2967300415039062,2.907270812988281,0.20617940773963375,1.027584312120572,1.0269504102257747,1.0256167822726556,1.031062781488649,0.0020074887148312354,0.9821583480154027,0.9822252616302738,0.9799872042120562,0.9841364187420715,0.0013960205212478027,0.6174008178710938,0.61767578125,0.35576324462890624,0.8600669860839845,0.17593774268760765,0.004365535368338717,0.004366206243506858,0.0025159059864898583,0.006083521897032481,0.0012458018761532634,1.6003209447860718,1.598384439945221,1.388586962223053,1.7532265901565551,0.12610544846045785,0.08519953703703705,0.08636429398148149,0.06970515046296297,0.09715697337962964,0.014286935331619186,572.1936114501954,545.742431640625,508.9775817871094,676.259686279297,107.31813577924554,0.000678539737654321,0.0006758777006172839,0.0006102430555555556,0.0007387152777777778,5.768758830495365e-05,4.1972074747085575,4.2801923751831055,3.6243762969970703,4.708108901977539,0.39006487547275626,0.00010974151234567903,0.00010440779320987654,7.219328703703703e-05,0.0001436149691358025,2.882843606116274e-05,227.56,216.5,149.7,297.8,59.77864501642706,3.858024691358025e-08,0.0,0.0,0.0,1.6254146938997607e-07,6.905864197530865e-05,7.209683641975307e-05,3.467399691358025e-05,9.895833333333334e-05,2.6808066929805947e-05,3.1153549382716054e-06,3.375771604938272e-06,4.822530864197531e-07,4.870756172839507e-06,1.93192777372425e-06,0.001360474537037037,0.0013695987654320989,0.0011548514660493826,0.0015182291666666669,0.0001425694070689771,0.35911204242595995,0.3594387173636211,0.35676471145001193,0.36081661855836683,0.001724459660905985,1.0534390611304008,1.053351462609872,1.052762212600954,1.0543203408309303,0.0005526716168860054,1.0289030710799452,1.0283997926765118,1.0272564384673926,1.031444843950171,0.0016072444634217726,0.9754498109439577,0.975116437020052,0.9731509592253603,0.9781915059961384,0.0017027606568644018,12.067047119140625,12.067047119140625,12.067047119140625,12.067047119140625,0.0,26.579421997070312,26.579421997070312,26.579421997070312,26.579421997070312,0.0,0.4049530029296875,0.4049530029296875,0.4049530029296875,0.4049530029296875,0.0,0.6172561645507812,0.6172561645507812,0.6172561645507812,0.6172561645507812,0.0,677.613525390625,677.613525390625,677.613525390625,677.613525390625,0.0,1.9290123456790124e-06,1.9290123456790124e-06,1.9290123456790124e-06,1.9290123456790124e-06,0.0,0.0,0.0,0.0,0.0,0.0,0.0,0.0,0.0,0.0,0.0
morning,cloudy,road_shaded,outdoor,1x,100,1,124.73416107177735,124.91996765136719,123.04863815307617,126.31081924438476,1.3919564877785449,130.974521484375,131.11422729492188,129.2119384765625,132.6799530029297,1.3897153929655361,126.22090179443359,126.37702941894531,124.82967987060547,127.59772567749023,1.1299245150257433,69.24790084838867,69.33639907836914,66.41513519287109,71.72703170776367,2.4121132296766,62.97956153869629,63.1630973815918,60.04991416931152,65.4661964416504,2.414328315561031,68.08588478088379,68.21540451049805,65.87716064453124,69.90851364135742,1.7558005391896891,128.51086296081542,128.66236877441406,126.81085357666015,130.14718322753907,1.3603058026130264,64.74048236846924,64.87606620788574,61.95484046936035,67.10104064941406,2.302472659829593,125.22430786132813,125.22522354125977,125.13412933349609,125.28506698608399,0.06041702908742589,126.62883399963378,126.6565170288086,126.46402130126953,126.79990692138672,0.13702356485627265,7.199144759178162,7.167026042938232,6.955266952514648,7.519077348709106,0.23220934617520514,11.028620090484619,11.041407108306885,10.33135633468628,11.685418891906739,0.6312637735932438,-6.240360412597656,-6.206398010253906,-6.4404052734375,-6.117008972167969,0.11778589404140301,-4.753619689941406,-4.757534027099609,-5.090325164794922,-4.382772827148438,0.2839106478342114,1.0500361492289927,1.0499071327781264,1.0489446358983567,1.0517864988855532,0.0011294306130193302,1.0376460927291289,1.0377903419357164,1.035091939537713,1.0400306373473975,0.0019553105085816066,5.496990051269531,5.562494277954102,5.27277946472168,5.66607437133789,0.16410472216224006,0.04276850766153239,0.04292743507844422,0.041516752832744454,0.04405262325953854,0.0009584622925690762,2.9534409976005556,2.9749574661254883,2.6848558664321898,3.137526273727417,0.15739932787311112,0.1669503086419753,0.16652681327160493,0.15263329475308643,0.18059953703703704,0.010770050114460954,1514.8780853271485,1632.2627563476562,1010.0871826171875,1745.7891479492191,271.6552414192522,0.06066210937500001,0.06222270447530864,0.04501557677469136,0.0719188850308642,0.011198946192788634,7.470723762512207,7.518262147903442,7.16017336845398,7.6776937484741214,0.17324588685364287,0.0,0.0,0.0,0.0,0.0,0.0,0.0,0.0,0.0,0.0,0.00012881944444444445,9.693287037037037e-05,7.426697530864198e-05,0.00024358603395061728,6.556465376165504e-05,0.019731659915123455,0.019853877314814812,0.015821759259259258,0.02296508487654321,0.002847395073549145,0.003936072530864198,0.004454330632716049,0.0017875675154320988,0.004772810570987655,0.0011081373059197422,0.04841319444444446,0.04781997492283951,0.04269521604938272,0.05295693479938272,0.0038441927725487803,0.9672171315932931,0.9669187584156558,0.9393293289073905,0.9959991306770709,0.026923937096577512,1.1725502643476344,1.1723146205435757,0.9336093697454271,1.4122211030398635,0.23758539225824218,1.0415701682790415,1.041111187115075,1.0076181123725103,1.0771503741189727,0.033402561390887965,1.0522321657689782,1.051471123103466,1.0274939342432505,1.0771598503630782,0.023972898671263055,39.54492950439453,39.54492950439453,39.54492950439453,39.54492950439453,0.0,72.02351150512698,72.02351150512696,72.02351150512696,72.02351150512696,1.4210854715202004e-14,4.078437805175781,4.078437805175781,4.078437805175781,4.078437805175781,0.0,0.6375236511230469,0.6375236511230469,0.6375236511230469,0.6375236511230469,0.0,1047.7158203125,1047.7158203125,1047.7158203125,1047.7158203125,0.0,0.0,0.0,0.0,0.0,0.0,0.0,0.0,0.0,0.0,0.0,0.0,0.0,0.0,0.0,0.0
morning,cloudy,road_shaded,outdoor,3x,100,1,126.16921020507813,126.3185920715332,120.80466384887696,131.3981903076172,5.01813163087582,131.81130813598634,131.7496795654297,129.53955535888673,134.0794662475586,1.9566975410138714,127.57946815490723,127.56425094604492,123.6431266784668,131.63292846679687,3.7322050122752786,65.96463855743409,65.94319152832031,56.54266700744629,75.23774337768555,9.07435418359712,60.6977751159668,60.65071487426758,53.77230224609375,67.52546691894531,6.605122714991258,64.61484424591065,64.66966819763184,56.31670989990234,72.6567596435547,7.812588123013679,129.58754844665526,129.59320449829102,126.18539581298828,132.9388000488281,3.083466826906417,62.170687942504884,62.14944076538086,54.598823928833006,69.62550659179688,7.234196560925691,125.47420387268066,125.46004104614258,124.05661163330078,126.94867553710938,1.3800210358626208,126.81044647216797,126.79682540893555,126.35797271728515,127.3036277770996,0.4204384979965374,6.489824290275574,6.469620943069458,4.471652269363403,8.517627334594726,1.998134666494396,9.260846238136292,9.2634916305542,7.29264235496521,11.24102725982666,1.9425926856728468,-5.6420979309082036,-5.6720428466796875,-8.81290283203125,-2.357991027832031,3.0850149403226594,-4.231839981079101,-4.225864410400391,-6.125727844238281,-2.356684875488281,1.7963018435153384,1.0457606658327996,1.045676469265052,1.018005837379209,1.072736185048359,0.026267717366815043,1.0336083466055022,1.0335748573284351,1.0180128183980552,1.0494283551045032,0.015057460307200695,4.9369689559936525,4.935634613037109,2.3920143127441404,7.485347366333008,2.4381452607606,0.0385636273324259,0.038366919706234744,0.01807669345370836,0.05921040759624596,0.019727060132534915,2.2834843730926515,2.25799024105072,1.8028098225593567,2.8211567878723147,0.4596396566864146,0.12984818672839504,0.1305225212191358,0.08889342206790123,0.1708844521604938,0.037268709428160435,1153.6262158203126,1139.1551513671875,765.8879455566406,1595.9435302734375,329.714384791154,0.07578359857253086,0.07495442708333333,0.06942988040123457,0.08161005015432099,0.004476225201925307,6.390698504447937,6.335648059844971,5.2512468814849855,7.662493658065796,1.080157303690356,0.0,0.0,0.0,0.0,0.0,0.0,0.0,0.0,0.0,0.0,4.167631172839506e-05,4.0750385802469135e-05,2.6957947530864198e-05,5.5603780864197545e-05,1.3690583315807379e-05,0.0330685619212963,0.03501832561728395,0.02548505015432099,0.039202883873456794,0.005814720008233003,0.0018766878858024693,0.0017192322530864197,0.0012921006944444445,0.002677517361111112,0.00054370779172155,0.06002071277006172,0.0616869212962963,0.04449672067901235,0.07510990547839505,0.014749709157850437,0.9487365654637582,0.956819528618484,0.7951862571132577,1.0910779717503432,0.13929189857214463,0.9176373367528025,0.915686211496485,0.8259678013860385,1.0112831775731828,0.07850850261491805,1.0555085352141997,1.055303547915933,1.0169766239210163,1.0931099232042192,0.0364613695305074,1.0402217555224198,1.0403130555725058,1.0059935496788188,1.0741350099093199,0.03269352322239775,42.93761444091797,42.93761444091797,42.93761444091797,42.93761444091797,0.0,67.84756164550781,67.84756164550782,67.84756164550782,67.84756164550782,1.4210854715202004e-14,7.271705627441406,7.271705627441406,7.271705627441406,7.271705627441406,0.0,5.230064392089844,5.230064392089844,5.230064392089844,5.230064392089844,0.0,1118.9525146484375,1118.9525146484375,1118.9525146484375,1118.9525146484375,0.0,0.0,0.0,0.0,0.0,0.0,0.0,0.0,0.0,0.0,0.0,0.0,0.0,0.0,0.0,0.0
morning,cloudy,road_shaded,outdoor,5x,100,1,124.66659469604492,124.30545425415039,115.98534698486328,133.88641967773438,8.542916071614501,130.3842520904541,129.9676399230957,126.0712646484375,135.4066421508789,4.2784368951596115,126.97788124084472,126.82868957519531,121.11494979858398,133.1520202636719,5.587928767894773,63.6440372467041,64.0822811126709,47.47177963256836,79.3187240600586,15.545386578614034,58.89406265258789,59.28176498413086,45.881705856323244,71.38505020141602,12.407703313930005,62.072323379516604,62.57548713684082,48.70850830078125,75.1463607788086,12.852503832846514,128.2459642791748,127.88082122802734,122.43869323730469,134.65885009765626,5.715904542345012,60.218808250427244,60.64075469970703,46.41648864746094,73.51369781494141,13.204427867661186,125.37491264343262,125.43452835083008,123.30455474853515,127.47132568359375,2.028847364338489,127.24076713562012,127.23098754882812,127.11250152587891,127.3814697265625,0.10620361500185264,6.05429256439209,6.065191984176636,3.9876028537750243,8.079708576202393,1.9923432513475483,8.515696067810058,8.523298025131226,6.370871114730835,10.653261756896972,2.0846396871585893,-5.71765739440918,-5.6030120849609375,-10.110492706298828,-1.300982666015625,4.29813788036286,-3.406370849609375,-3.3304214477539062,-4.939396667480469,-1.8281936645507812,1.352519214977573,1.0484425061996716,1.0475514967641057,1.0097783662553832,1.0871324465407546,0.03777638129006318,1.0273370979509473,1.0263840045830148,1.0138933262768741,1.040752824647466,0.01184216816725607,4.562014122009277,4.535270690917969,1.6409736633300782,7.518525695800781,2.819099227687313,0.03661300070446961,0.03626807589591217,0.012349903299939248,0.06139317845167301,0.023598917536012495,2.126404218673706,2.1267842650413513,1.6029848217964173,2.651267433166504,0.49857736512585515,0.11066455922067901,0.11097101658950617,0.06354832175925927,0.15896141975308642,0.04515207800691949,884.1683474731445,921.4852294921875,467.0676971435547,1352.768395996094,388.85179058009226,0.06814369695216048,0.06844280478395062,0.0435487075617284,0.09445187114197531,0.024404908192475663,6.468648743629456,6.389923810958862,4.780882167816162,8.275373458862305,1.6184326969220364,0.0,0.0,0.0,0.0,0.0,0.0,0.0,0.0,0.0,0.0,1.271701388888889e-05,1.1815200617283949e-05,5.304783950617284e-06,2.218364197530864e-05,6.687741069337882e-06,0.04120506847993827,0.04489969135802469,0.0207524112654321,0.05747053433641975,0.015774501248882654,0.000819507137345679,0.0006652681327160494,0.00041512345679012346,0.001429494598765432,0.0004147909850273355,0.07892197145061729,0.0816039737654321,0.03138406635802469,0.12169714506172839,0.04225837191561213,1.1258991425564244,1.1318328322737803,0.7472049983516222,1.4915002357643077,0.3632415152070813,0.7764056070279015,0.7122785531971418,0.5790660056691134,1.0493889098181746,0.20367066686576712,1.089201585774942,1.0892719561793842,1.0018409909704427,1.175691804272185,0.08459042187162052,1.0871416699443577,1.0849653566856545,0.9977793435190658,1.177614539467914,0.08579894865557823,45.41746520996094,45.41746520996094,45.41746520996094,45.41746520996094,0.0,74.32279510498047,74.32279510498047,74.32279510498047,74.32279510498047,0.0,15.100196838378906,15.100196838378906,15.100196838378906,15.100196838378906,0.0,6.183311462402344,6.183311462402344,6.183311462402344,6.183311462402344,0.0,1070.904296875,1070.904296875,1070.904296875,1070.904296875,0.0,0.0,0.0,0.0,0.0,0.0,0.0,0.0,0.0,0.0,0.0,0.0,0.0,0.0,0.0,0.0
morning,cloudy,road_shaded,outdoor,7x,100,1,136.81631927490236,137.01567840576172,133.19609832763672,140.24640502929688,3.188602920070379,139.9328646850586,139.94892120361328,136.16405792236327,145.0592010498047,3.4365539430113525,142.12177307128906,140.26195526123047,135.93968658447267,149.78110046386718,5.6263065335823335,46.67282501220703,49.240028381347656,35.55880165100098,54.468111801147465,7.744288165103148,43.421929569244384,45.74513626098633,33.558963775634766,50.43376502990723,6.680732199936624,39.4647294998169,40.76452445983887,33.49999504089355,43.80892562866211,3.916280511133556,139.19116973876953,139.3997802734375,135.42059783935548,144.04822845458983,3.4373007065329695,43.38860919952393,45.8308219909668,33.941165161132815,49.83620986938477,6.32777073240458,126.2310947418213,126.23089981079102,124.93711853027344,127.3826416015625,1.133123389159749,129.6170108795166,129.46815490722656,128.0332260131836,131.4570739746094,1.5134249052781792,5.6379677677154545,6.646921157836914,3.3605870723724367,7.602496480941772,1.9491097887584097,7.603530886173249,7.586695671081543,4.284636735916138,10.775170803070068,3.1078344449703743,-3.11654541015625,-3.1277236938476562,-5.369540405273438,-1.2492706298828122,1.9398990308279016,2.1889083862304686,1.10028076171875,-0.551898193359375,5.703553771972657,2.634669850204549,1.0228572317054505,1.0228460500488845,1.0090084347463562,1.0382864646927037,0.01465823795273801,0.9852349568198548,0.9919491858158787,0.9615026015688873,1.003950248684089,0.017948729693078546,0.46381851196289064,0.757476806640625,-0.8144775390625,1.1843284606933602,0.8298538428489081,0.003438627282211754,0.005567408380579276,-0.005809192183186461,0.008720280613389971,0.006058496946303066,1.7735381656885147,1.7581722140312195,1.0185971021652223,2.473194336891175,0.6510112567799848,0.057147979359567905,0.029773823302469138,0.012645399305555555,0.14162205825617286,0.0523437558166888,221.2800542449951,133.94869995117188,100.65534896850586,528.0801513671876,185.0304413329529,0.014363300540123459,0.00392433449074074,0.0,0.04008222415123457,0.01636238365795948,5.951774028539657,7.99756121635437,0.0,9.055079936981201,3.239915974979198,2.4112654320987653e-08,0.0,0.0,0.0,1.0510462344571453e-07,0.05,0.0,0.0,0.0,0.21794494717703367,6.076388888888889e-06,0.0,0.0,1.3261959876543232e-05,2.1381059193853938e-05,0.01629679783950617,0.016788917824074073,0.009531828703703704,0.025908034336419763,0.005493459363707871,0.00010765817901234568,9.645061728395062e-07,0.0,0.0004352334104938281,0.00023535050602961413,0.0465112316743827,0.04596908757716049,0.02448948688271605,0.06743687307098765,0.017583336748934586,0.5364698699531885,0.5343029411067534,0.43515756532626043,0.6641667548175872,0.08375288650393031,1.0256430413090463,0.9608661955887391,0.9181452985587745,1.2108269092055317,0.12020050554492605,1.0350964050025686,1.03848124433839,1.0005132445531408,1.0654917517063927,0.027700772764101694,0.9791155841546169,0.9794004722037355,0.9563569792613482,1.0033325336255519,0.018071368343889466,33.19287872314453,33.19287872314453,33.19287872314453,33.19287872314453,0.0,54.18807678222656,54.18807678222657,54.18807678222657,54.18807678222657,7.105427357601002e-15,13.94903564453125,13.94903564453125,13.94903564453125,13.94903564453125,0.0,4.177661895751953,4.177661895751953,4.177661895751953,4.177661895751953,0.0,887.7073974609375,887.7073974609375,887.7073974609375,887.7073974609375,0.0,0.0,0.0,0.0,0.0,0.0,0.0,0.0,0.0,0.0,0.0,0.0,0.0,0.0,0.0,0.0
morning,sunny,building,outdoor,1x,50,1,130.040888671875,130.0449981689453,129.93351135253906,130.1316925048828,0.08407655428062752,131.81671569824218,131.8321762084961,131.73458709716797,131.8669860839844,0.05950025942351682,131.38324157714842,131.40544891357422,131.20201873779297,131.50590972900392,0.12720190887762478,59.83601425170898,59.84794616699219,59.69438552856445,59.92749252319336,0.08773619061605191,57.99696311950684,57.976097106933594,57.93220748901367,58.0863338470459,0.06183824149424723,57.658560562133786,57.688385009765625,57.47750015258789,57.76712417602539,0.11052213458545909,131.1765609741211,131.19412994384766,131.06940765380858,131.23855895996093,0.06968038063731594,58.38159065246582,58.37559509277344,58.28030967712402,58.46069984436035,0.07019645753042443,127.11829971313476,127.11363220214844,127.08891372680664,127.15250396728516,0.025852989557005077,128.0654440307617,128.04425048828125,128.01473541259764,128.11840209960937,0.044162045552922635,4.256889362335205,4.2532737255096436,4.212856817245483,4.3119336605072025,0.037019435715416514,2.66251784324646,2.65680193901062,2.651251125335693,2.678380012512207,0.01184239452701499,-1.7758270263671876,-1.7945327758789062,-1.8302291870117187,-1.7141967773437499,0.05483212480593452,-0.43347412109375,-0.45612335205078125,-0.5318161010742187,-0.342156982421875,0.08162718275278541,1.0136561038295513,1.0138102641740838,1.0131762216998792,1.0140803662091105,0.00042775880215659097,1.0032998652350777,1.0034709060738818,1.002601859572361,1.004053000436872,0.0006240873943912475,1.1046505737304688,1.1079292297363281,1.0555824279785155,1.1695098876953125,0.04923453715383805,0.008421247240973498,0.008444647537104303,0.008045049330028519,0.008927062192416929,0.0003786789778598488,2.3001514625549317,2.2958582639694214,2.2120537996292113,2.4191922426223753,0.07698185090196256,0.09078146219135803,0.09045669367283951,0.09002797067901235,0.09202859760802469,0.0009317749556830607,663.4386962890625,650.6866455078125,623.7343200683594,727.1623840332031,42.44792591330383,0.0792830150462963,0.07934220679012345,0.07804494598765432,0.08023905285493828,0.0008085307101297104,7.63014513015747,7.635012626647949,7.576945638656616,7.682718944549561,0.044820426973294046,0.0,0.0,0.0,0.0,0.0,0.0,0.0,0.0,0.0,0.0,4.925733024691358e-05,4.870756172839506e-05,3.809799382716049e-05,6.331983024691359e-05,9.25373681925713e-06,0.03835435956790124,0.03843918788580247,0.037604118441358025,0.03889404899691358,0.00046667320949067586,0.0003325520833333333,0.0003464988425925926,0.0002467689043209877,0.0004212962962962963,6.511874622416529e-05,0.059367611882716054,0.05930290316358025,0.05869724151234568,0.06010898919753087,0.0005529189974911024,0.8991999105610229,0.8992379971147431,0.8978863552841485,0.9014659468782444,0.0012528719999102768,1.1552131238100933,1.155169027219407,1.1545054370409669,1.1561275636337498,0.000630804653833527,1.0169277695446728,1.0168814688568566,1.0162150926643885,1.0178063265123989,0.0006633735647135002,1.0029859226095916,1.0030325643433566,1.0025322741436191,1.0034853220371982,0.0003943837118241184,5.413908004760742,5.413908004760742,5.413908004760742,5.413908004760742,0.0,13.012932777404785,13.012932777404785,13.012932777404785,13.012932777404785,0.0,0.3035736083984375,0.3035736083984375,0.3035736083984375,0.3035736083984375,0.0,0.23400115966796875,0.23400115966796875,0.23400115966796875,0.23400115966796875,0.0,199.5379638671875,199.5379638671875,199.5379638671875,199.5379638671875,0.0,0.0,0.0,0.0,0.0,0.0,0.0,0.0,0.0,0.0,0.0,0.0,0.0,0.0,0.0,0.0
morning,sunny,building,outdoor,3x,50,1,127.36199890136719,127.41558837890625,127.06213836669922,127.73694305419922,0.2781788111493669,130.55175323486327,130.62090301513672,130.21067504882814,130.91688079833983,0.3080675670273539,131.04062835693358,131.133056640625,130.67401123046875,131.48676147460938,0.3195377965032952,66.9145849609375,67.1135025024414,66.24089050292969,67.48535461425782,0.5324077021939382,62.802958450317384,63.060564041137695,61.94001998901367,63.53768310546875,0.6718152393579588,61.2074397277832,61.49392318725586,60.31562881469726,61.92557334899902,0.6895634160357789,129.54269104003907,129.62770080566406,129.21512145996093,129.91404724121094,0.2977341709496613,63.766485900878905,64.01045036315918,62.95543251037598,64.44953765869141,0.6321262740375863,126.33755874633789,126.33833694458008,126.27849731445312,126.41649856567383,0.04974222170053803,128.8379739379883,128.83455657958984,128.81399383544922,128.86381988525392,0.02238004114934183,3.6201799297332764,3.6024268865585327,3.5773587226867676,3.675114560127258,0.03879226043566709,3.6731832456588744,3.6472842693328857,3.6248432636260985,3.734776520729065,0.045873832618294176,-3.1897543334960936,-3.1800270080566406,-3.322377014160156,-3.0268936157226562,0.10700670587869895,0.4888751220703125,0.46743011474609375,0.4330474853515625,0.5883514404296875,0.05835325763102847,1.025044711404854,1.0249475819071838,1.0237984579170567,1.0260719707726729,0.0008358468260903544,0.9962695644914382,0.9964303129894639,0.9955127001809401,0.9966997061412695,0.00044225286098335874,1.3504396057128907,1.357614517211914,1.2255634307861327,1.436680221557617,0.0754961498511217,0.010424511976029416,0.010492252798751949,0.009471536386474324,0.011078299220250179,0.0005791357581229261,1.2744951415061951,1.2232178449630737,1.202423083782196,1.3797131538391114,0.0774317743805557,0.045668412422839505,0.046141975308641975,0.04422834683641975,0.04667573302469136,0.0010267166963584082,353.42634155273436,349.0621337890625,307.7399108886719,394.4776947021485,40.38580804255062,0.0695236111111111,0.07318504050925925,0.061602912808641976,0.07640760030864198,0.006605245736960128,7.105870580673217,7.369489908218384,6.5993743419647215,7.491057300567627,0.3973013447403664,0.0,0.0,0.0,0.0,0.0,0.0,0.0,0.0,0.0,0.0,5.680941358024692e-06,5.304783950617284e-06,9.162808641975311e-07,9.50038580246914e-06,4.835332160861577e-06,0.02639260223765432,0.026494261188271605,0.02562128665123457,0.026999131944444445,0.0005381428136636767,8.994984567901233e-05,8.969907407407407e-05,2.4594907407407408e-05,0.00015817901234567902,5.791417773494756e-05,0.043170949074074066,0.04353322723765432,0.04087239583333333,0.044737268518518516,0.0013965716998476769,1.1694495611571785,1.1749825290953368,1.1563706075427238,1.1813589128432653,0.010771033730121516,0.6939837220547226,0.6930905296256207,0.6916891518843274,0.697485048639557,0.0022314778746119193,1.0786780824901445,1.078766162760801,1.0771521472238175,1.0798705048215866,0.0010389481724735875,0.9774503696454339,0.9776722978528825,0.9762182789958811,0.9781496124563822,0.0007300410989226613,6.254519462585449,6.254519462585449,6.254519462585449,6.254519462585449,0.0,16.780721092224123,16.780721092224123,16.780721092224123,16.780721092224123,0.0,1.144317626953125,1.144317626953125,1.144317626953125,1.144317626953125,0.0,0.2812309265136719,0.2812309265136719,0.2812309265136719,0.2812309265136719,0.0,189.137939453125,189.137939453125,189.137939453125,189.137939453125,0.0,0.0,0.0,0.0,0.0,0.0,0.0,0.0,0.0,0.0,0.0,0.0,0.0,0.0,0.0,0.0
morning,sunny,building,outdoor,5x,50,1,123.16173217773438,123.31552505493164,122.59046859741211,123.68087921142578,0.4329239168201357,129.07410186767578,129.35234832763672,128.4987808227539,129.58275756835937,0.48293432470897524,130.98092407226562,131.10254669189453,130.39378204345704,131.57128295898437,0.45115863100817927,71.15693023681641,71.17599105834961,71.00428009033203,71.231005859375,0.08088418107206928,65.14567581176757,65.10700225830078,64.99437408447265,65.2780517578125,0.11105708283294677,62.86872703552246,62.864295959472656,62.602190017700195,63.076428985595705,0.16081790277367303,127.44452056884765,127.6988296508789,126.87630691528321,127.93132247924805,0.45854932198796255,66.52284225463868,66.49049758911133,66.40459060668945,66.65045852661133,0.09798329185339465,124.8695246887207,124.87502670288086,124.8018913269043,124.92843475341797,0.04916729940454679,129.95091796875,129.94104766845703,129.88240966796874,130.02586059570314,0.0629005876463132,5.450352392196655,5.434120416641235,5.404516696929932,5.514904737472534,0.04272721610877824,5.267478322982788,5.260850191116333,5.2058131217956545,5.33732967376709,0.05011742534328872,-5.912369689941406,-5.906890869140625,-6.073030853271485,-5.780236053466797,0.12262998305220926,1.9068222045898438,1.8873519897460938,1.703411865234375,2.0939605712890628,0.1580943446887728,1.0480044929543828,1.0479148218084164,1.04678657156312,1.049164535530798,0.000959764330752367,0.985441666115503,0.9855767084382017,0.9840660627601598,0.9870203510349045,0.0012095530472356576,2.0027737426757812,1.9997749328613281,1.8444778442382812,2.152384948730469,0.13547059170973266,0.015713734121214983,0.01570875732420767,0.01442462419080159,0.01684259446745377,0.0010444938537825868,1.5415637707710266,1.5389689207077026,1.5121486902236938,1.5733413577079773,0.02148888515264295,0.034316560570987656,0.0344239486882716,0.03370534336419753,0.034789110725308645,0.00041228624644407645,249.58420654296876,248.4441909790039,236.83519287109374,258.1606048583985,13.512068392467995,0.046319733796296295,0.046100742669753086,0.04487475887345679,0.047591338734567896,0.001025726204343598,7.621228218078613,7.632167816162109,7.543344926834107,7.668855142593384,0.047897134814837164,0.0,0.0,0.0,0.0,0.0,0.0,0.0,0.0,0.0,0.0,4.967206790123457e-06,5.063657407407407e-06,2.36304012345679e-06,6.79976851851852e-06,1.8832585059574301e-06,0.04728366126543209,0.04769965277777778,0.04576634837962963,0.0485721450617284,0.0011746365804437612,4.924768518518519e-05,4.653742283950617e-05,3.062307098765432e-05,6.727430555555557e-05,1.5544308964863323e-05,0.1052547453703704,0.10527657214506173,0.10488633294753087,0.10560614390432098,0.0002942479536366873,1.1953189582505659,1.1936644787636004,1.1889499867720674,1.2021692338294465,0.005734085167961732,0.5891441012077752,0.5894584020930933,0.5835120074292222,0.5948168972796363,0.004579982845770577,1.1316569135868866,1.1322972396558377,1.1281972331601222,1.1338587459249982,0.0020576433296552623,0.9726263825869297,0.9730748018277088,0.9691661143903345,0.9757557415266389,0.00245072775824599,9.056068420410156,9.056068420410156,9.056068420410156,9.056068420410156,0.0,28.98420028686524,28.98420028686524,28.98420028686524,28.98420028686524,0.0,1.1002578735351562,1.1002578735351562,1.1002578735351562,1.1002578735351562,0.0,0.6140785217285156,0.6140785217285156,0.6140785217285156,0.6140785217285156,0.0,72.52232360839844,72.52232360839844,72.52232360839844,72.52232360839844,0.0,0.0,0.0,0.0,0.0,0.0,0.0,0.0,0.0,0.0,0.0,0.0,0.0,0.0,0.0,0.0
morning,sunny,building,outdoor,7x,50,1,129.42241821289062,129.5647964477539,128.288818359375,130.12348175048828,0.5997327720616544,136.63208923339843,136.74513244628906,135.79530334472656,137.16910705566406,0.4357867091310715,136.78378295898438,136.77307891845703,135.97591400146484,137.3688766479492,0.42054068487378443,65.39828384399414,65.1500129699707,63.455744934082034,67.33465118408203,1.280523436151102,58.02071769714355,57.860206604003906,56.39054527282715,59.504455947875975,1.0330282012352,57.08543601989746,56.95281410217285,55.25438194274902,58.72136306762695,1.1721414811594202,134.43930755615236,134.54175567626953,133.51686096191406,135.0286407470703,0.47998378718762863,59.63935195922851,59.46689414978027,57.931283950805664,61.24119987487793,1.0975519036947987,124.37080429077149,124.39231872558594,124.21848373413086,124.48483581542969,0.09051071455102083,129.2942337036133,129.2903060913086,129.21334686279297,129.35823516845704,0.05746344568731902,8.686871700286865,8.625262260437012,8.282947635650634,9.101136779785156,0.27207946966635144,6.532611818313598,6.4993181228637695,6.227304315567016,6.8352306365966795,0.2146555253800642,-7.2096710205078125,-7.190757751464844,-7.4967193603515625,-6.976278686523438,0.17616824835704745,0.1516937255859375,0.16558837890625,0.008087158203125003,0.253704833984375,0.08741601741110709,1.0557137121431708,1.0554950825640899,1.053694731956225,1.05844376277149,0.0016123502241489791,0.9988908310153733,0.9987914298440042,0.9981492515293119,0.9999408797519396,0.0006397877818388528,3.5289886474609373,3.540142059326172,3.4065956115722655,3.637676239013672,0.09167601198551949,0.0262518954300407,0.02635886441413816,0.025260919973578013,0.027233071205711903,0.0007568969084714778,1.7474029064178467,1.7466700673103333,1.7011943578720092,1.8023383736610412,0.04387543535378075,0.023607658179012347,0.02378592785493827,0.02264009452160494,0.024829234182098765,0.0013437708218737487,190.89924102783203,188.69535064697266,173.32974243164062,208.9141098022461,15.97237274739746,0.02498168402777778,0.023880449459876545,0.01683121141975309,0.032915123456790124,0.005488295311186149,5.054106965065002,4.987569332122803,4.128478527069092,5.892898273468018,0.6285194904397668,0.0,0.0,0.0,0.0,0.0,0.0,0.0,0.0,0.0,0.0,4.5331790123456793e-07,0.0,0.0,1.5432098765432113e-06,8.648883406555644e-07,0.019162953317901237,0.019148823302469135,0.0181977237654321,0.01996903935185185,0.0006948484968471035,3.125e-05,3.0140817901234566e-05,1.388888888888889e-05,5.213155864197531e-05,1.4708640077706983e-05,0.030731471836419756,0.030568576388888886,0.028768373842592593,0.03230044367283951,0.0011971087728769537,1.127965977928749,1.1232835155302567,1.0823792653287678,1.1732566469632435,0.02969978799050826,0.628090202281769,0.6285806582333974,0.6211283131515941,0.6344784268911032,0.004371549071803525,1.1376782009306474,1.1381342799209782,1.1329305407058237,1.1431204034088662,0.003366631716243307,1.0221763629100404,1.022646232130848,1.0189458634276198,1.024562749358045,0.0021313520701202633,12.55738639831543,12.55738639831543,12.55738639831543,12.55738639831543,0.0,33.07085762023929,33.07085762023929,33.07085762023929,33.07085762023929,0.0,1.722137451171875,1.722137451171875,1.722137451171875,1.722137451171875,0.0,0.36200714111328125,0.36200714111328125,0.36200714111328125,0.36200714111328125,0.0,85.91136169433594,85.91136169433594,85.91136169433594,85.91136169433594,0.0,0.0,0.0,0.0,0.0,0.0,0.0,0.0,0.0,0.0,0.0,0.0,0.0,0.0,0.0,0.0
morning,sunny,dark,calibration_dark,1x,50,1,20.80505729675293,20.132659912109375,18.480424690246583,25.385074424743653,2.5513556167522284,15.903294506072998,15.243364334106445,13.900804328918458,18.445319175720215,1.7318214195365553,20.72537109375,20.359204292297363,18.032932472229003,24.703003311157225,2.582753846697962,16.146741065979004,15.78775405883789,14.582004642486572,18.243484687805175,1.4893433933252518,12.939245262145995,12.551665306091309,11.52167501449585,14.814792442321778,1.3501400726844885,16.805822601318358,16.70860481262207,15.075648021697997,18.613590812683107,1.5221036997794715,17.86187864303589,16.784029960632324,16.151071548461914,21.121932983398438,2.00293016656459,12.415666408538819,12.070991039276123,10.8682279586792,14.220777225494386,1.4262537219411278,130.062451171875,129.81790924072266,129.4080352783203,130.86712799072265,0.555013232612383,129.54173583984374,129.72595977783203,128.88472442626954,130.03221435546874,0.5105287576939905,6.515808238983154,6.364168882369995,6.165743398666382,7.113072347640991,0.3519034839016387,5.964766311645508,5.862735271453857,5.665692377090454,6.277025032043457,0.27312437457389727,4.901762790679932,4.325380802154541,3.410057544708252,6.825508213043213,1.3173991526663085,4.822076587677002,4.961474418640137,3.2247957229614257,6.328595638275147,1.4103231193743002,0.7668695265898527,0.7837946893423926,0.704345041169304,0.8177304126443338,0.044067078969774694,0.7703475815854725,0.774588619795396,0.7092782673188507,0.8214843540556185,0.04882667034360158,-4.861919689178467,-4.598738193511963,-6.707964515686035,-3.3978816986083986,1.3390125533908939,-0.2706559120054996,-0.2538849979928812,-0.3525220007059427,-0.20924241188124731,0.06307217336358163,5.54902289390564,5.433288335800171,5.344343852996826,5.836700010299682,0.21498091352875612,0.10958686342592593,0.09870273919753086,0.07727146026234567,0.15679258294753087,0.031106858859434428,438.8304244995117,431.6223449707031,260.20478515625,604.0299377441406,189.21102737387355,0.9356911940586419,0.9467117573302468,0.8954175829475308,0.959207706404321,0.025610592788010724,8.446662330627442,8.370630741119385,8.249646091461182,8.722954368591308,0.21730503119887837,0.0014718653549382716,0.0014134837962962964,0.0013309702932098766,0.0017880015432098766,0.00016728008704255005,3052.06,2931.0,2759.9,3707.6,346.87198849143186,0.03595922067901234,0.03709972993827161,0.01621508487654321,0.053267071759259266,0.01406945302647853,5.787037037037038e-08,0.0,0.0,0.0,2.8350575726657153e-07,0.23588625578703706,0.24113016010802468,0.1743809799382716,0.2866827256944444,0.047868225491787465,1.5432098765432098e-06,0.0,0.0,4.002700617283952e-06,4.171976997276653e-06,0.2505002045941905,0.24900396357520593,0.23002752624591744,0.2665828323795018,0.016382575067341032,1.0245222995115189,1.0244925279521866,1.0176161711038094,1.0324385560805942,0.006387297009060272,0.7725147798950011,0.7900588339055519,0.7063238343703323,0.8240754771029787,0.04529135950723444,0.7810920819728211,0.7840658042699811,0.7205007164822352,0.8365468444640564,0.05057666245688088,7.328258037567139,7.328258037567139,7.328258037567139,7.328258037567139,0.0,11.437641143798828,11.437641143798828,11.437641143798828,11.437641143798828,0.0,8.127252578735352,8.127252578735352,8.127252578735352,8.127252578735352,0.0,5.236502647399902,5.236502647399902,5.236502647399902,5.236502647399902,0.0,1124.96630859375,1124.96630859375,1124.96630859375,1124.96630859375,0.0,0.0016565393518518517,0.0016565393518518517,0.0016565393518518517,0.0016565393518518517,0.0,0.0005285493827160494,0.0005285493827160494,0.0005285493827160494,0.0005285493827160494,0.0,0.0001282793209876543,0.0001282793209876543,0.0001282793209876543,0.0001282793209876543,0.0
morning,sunny,dark,calibration_dark,7x,50,1,19.236725025177,18.826061248779297,16.44990463256836,22.136700057983397,2.1901208661818714,16.256807193756103,15.744451999664307,13.44875364303589,19.574447250366212,2.20376391144568,19.1056529045105,18.74661350250244,16.402704811096193,22.407627677917482,2.321962345990989,15.267468852996826,14.888123989105225,13.968874073028564,17.24241065979004,1.3452959657910304,12.812495498657226,12.049753665924072,11.352341747283935,15.108872222900391,1.5238429024621516,15.700400619506835,15.159362316131592,14.256907939910889,17.926910209655762,1.4923955274200156,17.41563732147217,16.91334056854248,14.727694129943847,20.61990566253662,2.1874067019722205,12.160219440460205,11.514406204223633,10.605708026885987,14.428040599823,1.5673688524538683,129.25784790039063,129.2963104248047,128.84418792724608,129.72272186279298,0.3098043312277048,128.87707122802735,128.91031646728516,128.62924346923828,129.10435943603517,0.19832397931872411,6.041319923400879,6.028686761856079,5.657871341705322,6.539289283752441,0.33251381224783316,5.383725833892822,5.329085826873779,4.998136234283447,5.790580749511719,0.320479350668761,2.9799178314208983,3.0795507431030273,2.058743476867676,3.948923873901367,0.6682742025862856,2.8488457107543947,2.9283742904663086,2.0780547142028807,3.338656044006348,0.5047121494860357,0.8437571167833702,0.8394337757024964,0.793318976292626,0.8954040686457275,0.03684640216576047,0.8498645296423142,0.8503711666094658,0.8119383699790867,0.8847680425452821,0.02677908973024432,-2.9143817710876463,-3.0685033798217773,-3.579124355316162,-2.107352256774902,0.5356968171339253,-0.16961896939369328,-0.17154222317431772,-0.21469456296819805,-0.11930252073196944,0.03637533445444333,5.068521881103516,5.015238046646118,4.679005813598633,5.454814291000366,0.2994412536145213,0.1057926215277778,0.0921872588734568,0.0736183449074074,0.1497104552469136,0.03344536245257825,427.3029190063477,355.0486755371094,242.83916778564452,702.2768188476563,198.58449690064933,0.9399825038580247,0.9506828703703704,0.9001308834876544,0.9653830054012346,0.026721487356147156,8.45786135673523,8.435706615447998,8.177515506744385,8.754671192169189,0.2398823676934777,0.001419627700617284,0.001375144675925926,0.0011942997685185186,0.0016940586419753087,0.00019701560387070798,2943.74,2851.5,2476.5,3512.8,408.5315561863,0.04269946952160493,0.03978780864197531,0.02139597800925926,0.06261038773148149,0.018475229805866987,1.9290123456790124e-08,0.0,0.0,0.0,9.450191908885719e-08,0.23581777584876545,0.23045500578703704,0.15198615933641976,0.29603067129629634,0.05920987003009755,1.6589506172839507e-06,4.822530864197531e-07,4.822530864197531e-07,2.2183641975308684e-06,3.5004532205143518e-06,0.2499786913226273,0.2495331603732687,0.21732162168495345,0.2779404327348698,0.022796101679327177,1.025676730958152,1.0255595185741553,1.0134476349646058,1.03721948631527,0.008879166699164024,0.8493978951459514,0.8442076166332874,0.8007697572883499,0.9033679120362066,0.036924207498755204,0.8576857606901025,0.8559805896046913,0.8249838678089557,0.8978049497130604,0.026607141183552514,7.227219581604004,7.227219581604004,7.227219581604004,7.227219581604004,0.0,11.236797332763672,11.236797332763672,11.236797332763672,11.236797332763672,0.0,10.162388801574707,10.162388801574707,10.162388801574707,10.162388801574707,0.0,2.101865768432617,2.101865768432617,2.101865768432617,2.101865768432617,0.0,816.6383056640625,816.6383056640625,816.6383056640625,816.6383056640625,0.0,0.0014795524691358028,0.0014795524691358026,0.0014795524691358026,0.0014795524691358026,2.168404344971009e-19,0.00047019675925925923,0.00047019675925925923,0.00047019675925925923,0.00047019675925925923,0.0,0.00012586805555555553,0.00012586805555555555,0.00012586805555555555,0.00012586805555555555,2.710505431213761e-20
morning,sunny,flat,calibration_flat,1x,50,1,150.9462255859375,151.07576751708984,150.06068572998046,151.50465698242186,0.5202368265469584,150.9462255859375,151.07576751708984,150.06068572998046,151.50465698242186,0.5202368265469584,150.9446743774414,151.07576751708984,150.06004028320314,151.50465698242186,0.5211743307925152,14.74787509918213,15.276265144348145,11.303779125213623,17.061008071899415,2.074427319455415,14.74787509918213,15.276265144348145,11.303779125213623,17.061008071899415,2.074427319455415,14.748098487854003,15.276265144348145,11.30517120361328,17.06111240386963,2.0740976103917332,150.9462255859375,151.07576751708984,150.06068572998046,151.50465698242186,0.5202368265469584,14.74787509918213,15.276265144348145,11.303779125213623,17.061008071899415,2.074427319455415,128.0,128.0,128.0,128.0,0.0,127.99922149658204,128.0,127.99583282470704,128.0,0.0014671537622913612,0.0,0.0,0.0,0.0,0.0,0.016752444095909595,0.0,0.0,0.07388437017798424,0.026048906957343677,0.0,0.0,0.0,0.0,0.0,-0.00155120849609375,0.0,-0.00828857421875,0.0,0.0029234543455047357,0.9999999933750455,0.9999999933808048,0.9999999933360294,0.9999999933995428,2.2901407742765362e-11,1.0000102917881344,0.9999999933950474,0.9999999933498429,1.0000549732636836,1.941645014105062e-05,0.000775604248046875,0.0,0.0,0.004144287109375,0.0014617271727523679,5.148965063198119e-06,0.0,0.0,2.7488437139620415e-05,9.707711780118922e-06,0.004004971105605364,0.0,0.0,0.01612765770405531,0.005969420160100472,0.17454195601851852,0.20024233217592594,0.03266763117283951,0.25580584490740743,0.07928660333419088,1157.8997479248046,1224.405517578125,493.16737365722656,1682.02509765625,426.9212031658469,1.9290123456790124e-08,0.0,0.0,0.0,9.450191908885719e-08,0.0,0.0,0.0,0.0,0.0,0.0010242380401234567,0.0010701195987654322,0.0008110050154320988,0.0011676793981481482,0.000148672017824034,2123.86,2219.0,1681.7,2421.3,308.2862961599169,0.0,0.0,0.0,0.0,0.0,5.690586419753088e-07,4.822530864197531e-07,0.0,1.4467592592592592e-06,6.375232588603681e-07,0.0,0.0,0.0,0.0,0.0,5.690586419753088e-07,4.822530864197531e-07,0.0,1.4467592592592592e-06,6.375232588603681e-07,0.2021085119905942,0.2039853166724125,0.189213877337865,0.21258495078113368,0.009313870364286787,1.0322042798876219,1.0326015960974415,1.0297345349943143,1.0345717206407967,0.0019140120320163348,0.9999999934609497,0.9999999934679281,0.9999999934171185,0.9999999934882144,2.6475543675816675e-11,0.9999999934609497,0.9999999934679281,0.9999999934171185,0.9999999934882144,2.6475543675816675e-11,9.503158569335938,9.503158569335938,9.503158569335938,9.503158569335938,0.0,13.885300636291504,13.885300636291504,13.885300636291504,13.885300636291504,0.0,2.0466766357421875,2.0466766357421875,2.0466766357421875,2.0466766357421875,0.0,0.00417327880859375,0.00417327880859375,0.00417327880859375,0.00417327880859375,0.0,1545.85205078125,1545.85205078125,1545.85205078125,1545.85205078125,0.0,0.00021412037037037035,0.00021412037037037038,0.00021412037037037038,0.00021412037037037038,2.710505431213761e-20,4.0027006172839503e-05,4.0027006172839503e-05,4.0027006172839503e-05,4.0027006172839503e-05,0.0,1.6878858024691356e-05,1.6878858024691356e-05,1.6878858024691356e-05,1.6878858024691356e-05,0.0
morning,sunny,flat,calibration_flat,3x,50,1,147.2781378173828,147.2890625,146.97515869140625,147.55317077636718,0.2473669934918521,147.2781378173828,147.2890625,146.97515869140625,147.55317077636718,0.2473669934918521,147.2781378173828,147.2890625,146.97515869140625,147.55317077636718,0.2473669934918521,8.558968181610107,8.402696132659912,8.345678043365478,9.030720615386963,0.4035854336377903,8.558968181610107,8.402696132659912,8.345678043365478,9.030720615386963,0.4035854336377903,8.558968181610107,8.402696132659912,8.345678043365478,9.030720615386963,0.4035854336377903,147.2781378173828,147.2890625,146.97515869140625,147.55317077636718,0.2473669934918521,8.558968181610107,8.402696132659912,8.345678043365478,9.030720615386963,0.4035854336377903,128.0,128.0,128.0,128.0,0.0,128.0,128.0,128.0,128.0,0.0,0.0,0.0,0.0,0.0,0.0,0.0,0.0,0.0,0.0,0.0,0.0,0.0,0.0,0.0,0.0,0.0,0.0,0.0,0.0,0.0,0.9999999932101069,0.9999999932106297,0.9999999931961292,0.9999999932227821,1.1394954497307084e-11,0.9999999932101069,0.9999999932106297,0.9999999931961292,0.9999999932227821,1.1394954497307084e-11,0.0,0.0,0.0,0.0,0.0,0.0,0.0,0.0,0.0,0.0,0.0,0.0,0.0,0.0,0.0,0.014732783564814812,0.01140625,0.010651957947530865,0.022398823302469142,0.008753698211940176,665.6563000488281,630.0100402832031,617.6474365234375,749.6130493164063,104.93972465913289,0.0,0.0,0.0,0.0,0.0,0.0,0.0,0.0,0.0,0.0,0.0018774305555555554,0.0018742766203703703,0.0017288773148148148,0.002041087962962963,0.00011065450065812446,3893.04,3886.5,3585.0,4232.4,229.45317256468692,0.0,0.0,0.0,0.0,0.0,1.7361111111111115e-07,0.0,0.0,4.822530864197531e-07,2.3148148148148146e-07,0.0,0.0,0.0,0.0,0.0,1.7361111111111115e-07,0.0,0.0,4.822530864197531e-07,2.3148148148148146e-07,0.09606936097520297,0.09605688488822148,0.09492762739474342,0.09738792292854447,0.0008994130412356755,1.040812346970416,1.0408277448365277,1.040210137751635,1.0414528738604723,0.0005300490235123866,0.9999999933301662,0.999999993330451,0.9999999933162587,0.9999999933444677,1.1427884617399364e-11,0.9999999933301662,0.999999993330451,0.9999999933162587,0.9999999933444677,1.1427884617399364e-11,5.954268932342529,5.954268932342529,5.954268932342529,5.954268932342529,0.0,7.81751823425293,7.81751823425293,7.81751823425293,7.81751823425293,0.0,0.9613189697265625,0.9613189697265625,0.9613189697265625,0.9613189697265625,0.0,0.0,0.0,0.0,0.0,0.0,619.5930786132812,619.5930786132812,619.5930786132812,619.5930786132812,0.0,0.0006640625,0.0006640625,0.0006640625,0.0006640625,0.0,0.00024402006172839503,0.00024402006172839506,0.00024402006172839506,0.00024402006172839506,2.710505431213761e-20,0.00012490354938271607,0.00012490354938271604,0.00012490354938271604,0.00012490354938271604,2.710505431213761e-20
morning,sunny,flat,calibration_flat,5x,50,1,147.41635467529298,147.42350006103516,146.811767578125,147.94821319580078,0.46530858209224624,147.3602685546875,147.40130615234375,146.7134231567383,147.85273284912108,0.4557938793585991,147.4656802368164,147.4205322265625,146.90310668945312,148.03197784423827,0.47689536481352784,8.033482122421265,7.876641273498535,7.80656623840332,8.532941055297853,0.40639261681636185,8.083709735870361,7.95378565788269,7.846313095092773,8.573951816558838,0.4005891932604293,7.995737533569336,7.82815957069397,7.768905925750732,8.527709102630615,0.41295211106919794,147.4163345336914,147.42350006103516,146.81173400878907,147.94818267822265,0.4653049427410757,8.033493089675904,7.876661539077759,7.806568241119384,8.532942867279052,0.4063909501569327,128.00002655029297,128.0000457763672,128.0,128.0000457763672,2.2593315452733886e-05,128.05269470214844,128.0890350341797,127.99851989746094,128.09515380859375,0.046174152410080126,0.003511267602443695,0.006053909659385681,0.0,0.006053909659385681,0.002987958614029182,0.19821384124457836,0.3063778728246689,0.04813074693083763,0.3072258085012436,0.12753564158945915,0.05608612060546875,0.095062255859375,0.0,0.0984832763671875,0.04774933879068231,0.10541168212890625,0.1780853271484375,-0.00296173095703125,0.190338134765625,0.09236088833388277,0.999619780526543,0.9993568602664509,0.9993320850620565,0.9999999932140308,0.0003237399216143636,0.9992858081844551,0.9987958515075088,0.9987123697833984,1.0000201125788908,0.0006259468361272518,-0.0807489013671875,-0.13657379150390625,-0.14441757202148436,0.001480865478515625,0.07004902961549879,-0.0005474131408135457,-0.0009239757632529438,-0.0009790554589518676,1.0059483612902642e-05,0.0004749857874234832,0.02926017386838794,0.03961765021085739,0.009828505106270313,0.04666397646069527,0.017026530252766937,0.01510517939814815,0.012059702932098765,0.011418306327160494,0.022774980709876547,0.008175607147992012,680.5588940429687,644.4956665039062,633.5435424804688,775.0219909667969,101.77635715965042,0.0,0.0,0.0,0.0,0.0,0.0,0.0,0.0,0.0,0.0,0.002007880015432099,0.0020382426697530863,0.0018098476080246914,0.002130883487654321,0.00012221706049816094,4163.54,4226.5,3752.9,4418.6,253.4292966489865,0.0,0.0,0.0,0.0,0.0,2.797067901234568e-07,0.0,0.0,9.645061728395062e-07,3.489593463565884e-07,0.0,0.0,0.0,0.0,0.0,2.797067901234568e-07,0.0,0.0,9.645061728395062e-07,3.489593463565884e-07,0.07555473281418466,0.07563205321391533,0.07447773893883708,0.07664545225210492,0.0008254453246818389,1.0473852227474811,1.0472614338944415,1.0465787468033372,1.04839129667828,0.0007680687392172016,0.999999993351991,0.999999993349753,0.9999999933281042,0.9999999933760603,2.098096529117414e-11,0.999999993351991,0.999999993349753,0.9999999933281042,0.9999999933760603,2.098096529117414e-11,5.975019454956055,5.975019454956055,5.975019454956055,5.975019454956055,0.0,7.866101312637329,7.866101312637329,7.866101312637329,7.866101312637329,0.0,1.930206298828125,1.930206298828125,1.930206298828125,1.930206298828125,0.0,0.15287017822265625,0.15287017822265625,0.15287017822265625,0.15287017822265625,0.0,604.4267578125,604.4267578125,604.4267578125,604.4267578125,0.0,0.0007696759259259258,0.0007696759259259259,0.0007696759259259259,0.0007696759259259259,1.0842021724855044e-19,0.0002826003086419753,0.0002826003086419753,0.0002826003086419753,0.0002826003086419753,0.0,0.00015480324074074075,0.00015480324074074075,0.00015480324074074075,0.00015480324074074075,0.0
morning,sunny,flat,calibration_flat,7x,50,1,148.51859100341798,148.516845703125,148.33654174804687,148.73043212890624,0.14409347660174077,148.05565856933595,148.2119140625,147.48537902832032,148.45385131835937,0.3734090266206296,148.52646728515626,148.60699462890625,148.11686096191406,148.83876342773436,0.27178579736324177,12.556209869384766,12.429505825042725,12.351479244232177,12.911767196655273,0.32983807490525063,12.578641319274903,12.467425346374512,12.348731136322021,12.99861125946045,0.3303551900633358,12.501506175994873,12.384803771972656,12.31292667388916,12.802261543273925,0.33681855668092636,148.31438049316407,148.4507827758789,147.79228515625,148.6765594482422,0.3385071010917338,12.556065540313721,12.432313919067383,12.357022762298584,12.920948314666749,0.32839386983253366,128.1227862548828,128.00001525878906,128.00001525878906,128.33255920410156,0.15737367416952763,128.17022552490235,128.19562530517578,128.1296875,128.20404815673828,0.04048428433960046,0.20265485861338675,0.005007692147046328,0.004784700646996499,0.5233336746692657,0.2535039200108673,0.49825459241867065,0.5065009295940399,0.5024977028369904,0.5145629525184632,0.07140830906394874,0.4629324340820313,0.24005889892578125,0.23528900146484374,0.8614425659179688,0.29993737985326396,0.4708087158203125,0.40685272216796875,0.38839874267578123,0.620648193359375,0.1255390117327527,0.9968823391414547,0.9983832296297681,0.9942074728699221,0.998414412834477,0.0020206990690763253,0.9968289886409759,0.9972629707638172,0.9958164856896871,0.9973853228624284,0.0008499077146795843,-0.4668705749511719,-0.323455810546875,-0.7406814575195313,-0.3118438720703125,0.20984014666951145,-0.0031507493384839084,-0.002178430706107892,-0.004999812349927649,-0.0021014748190547224,0.0014224891385829462,0.11812096536159515,0.10099392756819725,0.09604730680584908,0.15449332743883132,0.032965918207408705,0.019522405478395063,0.015669367283950617,0.014289930555555556,0.026170042438271604,0.011006542597404781,719.0313317871094,669.2836303710938,655.7218200683594,845.2205322265625,130.69257543910788,0.0,0.0,0.0,0.0,0.0,0.0,0.0,0.0,0.0,0.0,0.00044134837962962964,0.000431616512345679,0.0003989679783950617,0.0004986496913580247,4.6127066804037204e-05,915.18,895.0,827.3,1034.0,95.64908572485155,0.0,0.0,0.0,0.0,0.0,1.4467592592592595e-07,0.0,0.0,4.822530864197531e-07,2.4112654320987655e-07,0.0,0.0,0.0,0.0,0.0,1.6396604938271605e-07,0.0,0.0,4.822530864197531e-07,2.660708762371474e-07,0.19996598984015168,0.19938431084960978,0.19819602905132497,0.20229083220606286,0.0016086034559777927,1.154133268372594,1.154054590230903,1.15306858010545,1.1554896190741681,0.0009205917984424135,0.9980535579451995,0.9990294782700702,0.9962816325433372,0.9991020021432112,0.0013218215683106372,0.9988510091003575,0.9988203128995504,0.9986574661324217,0.9991279777163238,0.00023760105786213432,6.109917640686035,6.109917640686035,6.109917640686035,6.109917640686035,0.0,8.124654769897461,8.124654769897461,8.124654769897461,8.124654769897461,0.0,1.05670166015625,1.05670166015625,1.05670166015625,1.05670166015625,0.0,0.8099212646484375,0.8099212646484375,0.8099212646484375,0.8099212646484375,0.0,632.7711791992188,632.7711791992188,632.7711791992188,632.7711791992188,0.0,0.00024787808641975307,0.00024787808641975307,0.00024787808641975307,0.00024787808641975307,0.0,0.0001306905864197531,0.0001306905864197531,0.0001306905864197531,0.0001306905864197531,0.0,8.150077160493826e-05,8.150077160493827e-05,8.150077160493827e-05,8.150077160493827e-05,1.3552527156068805e-20
morning,sunny,mixed,outdoor,1x,50,1,137.77523895263673,137.80181121826172,137.4892135620117,137.95169219970703,0.1821964614803085,136.87657440185546,136.86605072021484,136.674462890625,137.05663452148437,0.13923169003026642,133.43191192626952,133.4023895263672,133.23959197998047,133.60753173828124,0.15906762289368767,72.13905776977539,71.95536041259766,71.91570510864258,72.81877288818359,0.3928172149004252,73.39031387329102,73.22132110595703,73.17735443115234,74.04733200073242,0.35664431645156436,76.95909729003907,76.78246307373047,76.75667343139648,77.58934173583984,0.3620003564985854,136.67404174804688,136.67266082763672,136.44712677001954,136.84514770507812,0.14751443063177497,73.17341659545899,72.99532699584961,72.9603157043457,73.83388748168946,0.3679790445190743,128.74563903808593,128.74149322509766,128.6891098022461,128.80918884277344,0.05102201432369521,126.08162567138672,126.0794448852539,126.0554931640625,126.11413116455078,0.023792561505113708,5.830061473846436,5.829771041870117,5.805614185333252,5.856131219863892,0.019070229500674312,6.0445926475524905,6.0425498485565186,6.030148315429687,6.0610740184783936,0.013101500192571709,0.89866455078125,0.8916473388671875,0.7916946411132812,1.0245437622070312,0.101743112298526,-3.4446624755859374,-3.4491424560546875,-3.492878723144531,-3.383134460449219,0.05458595444569939,0.9934779342165931,0.993528108050507,0.992566367987523,0.9942455932925336,0.000734254756185012,1.0258161613162653,1.0258249072082706,1.0253370443989667,1.0261625877739418,0.0004264523698919104,1.2729989624023437,1.273651123046875,1.1881546020507812,1.3192184448242188,0.06980551684684214,0.009314342136131231,0.009307780598547487,0.008695655907226183,0.00964987147023507,0.000515413301994798,2.017261095046997,2.019534468650818,1.991068148612976,2.036015486717224,0.01991879837677472,0.041165885416666666,0.041041907793209875,0.04061902006172839,0.04149117476851852,0.0006275818218758884,372.9771716308594,366.1415710449219,360.92552795410154,386.9126831054688,20.3685995132774,0.10543709490740742,0.10419897762345678,0.10304157021604939,0.11125014467592594,0.003223709144834711,8.143081684112548,8.065896034240723,8.05156192779541,8.404906368255615,0.14323338566627178,0.0,0.0,0.0,0.0,0.0,0.0,0.0,0.0,0.0,0.0,0.00030598958333333335,0.00023533950617283953,0.00018465470679012347,0.0006005497685185186,0.00016498532167087525,3.3902391975308645e-05,3.18287037037037e-05,2.8308256172839507e-05,4.2004243827160495e-05,6.460931618967477e-06,0.005173967978395062,0.004704137731481482,0.004544656635802469,0.00668016975308642,0.0009691124421418167,0.015878414351851854,0.01578414351851852,0.015652826003086418,0.016249324845679012,0.000244690943595698,1.3108450240724747,1.3078718857777616,1.3059693209629903,1.3242993809874908,0.00730745056346099,0.9618064183201214,0.9616328231897711,0.9612886535490897,0.9625648417806042,0.0005198656305844128,0.9866687583169097,0.9866558202715562,0.9860285632473976,0.9872231851191712,0.0005243325916117147,1.0369699581773104,1.0369768464192566,1.0365963608167201,1.0373014062959973,0.00043212547818649344,3.7474679946899414,3.7474679946899414,3.7474679946899414,3.7474679946899414,0.0,7.222436904907227,7.222436904907227,7.222436904907227,7.222436904907227,0.0,0.5811614990234375,0.5811614990234375,0.5811614990234375,0.5811614990234375,0.0,0.45928192138671875,0.45928192138671875,0.45928192138671875,0.45928192138671875,0.0,105.98736572265625,105.98736572265625,105.98736572265625,105.98736572265625,0.0,0.0,0.0,0.0,0.0,0.0,0.0,0.0,0.0,0.0,0.0,0.0,0.0,0.0,0.0,0.0
morning,sunny,mixed,outdoor,3x,50,1,136.18941619873047,137.013427734375,131.97825775146484,137.6573226928711,1.9658286743206284,138.27049591064454,139.38013458251953,133.7596405029297,139.88681640625,2.220403685927742,138.00062927246094,139.27520751953125,131.81468963623047,140.00853729248047,2.834378044373876,60.58536865234375,59.886474609375,59.73034896850586,62.679409408569335,1.2966338102252533,59.03842170715332,58.23939514160156,58.11476135253906,61.27425537109375,1.4829115698095874,58.50888999938965,57.41026306152344,57.27956695556641,62.156460189819335,2.195232930496164,137.5626205444336,138.61492156982422,133.00130767822264,139.17930297851564,2.2211498156378284,59.38402191162109,58.576276779174805,58.463402557373044,61.71337890625,1.4925914550043025,126.91002975463867,126.80319213867188,126.74696502685546,127.14436569213868,0.22633762921127784,128.17711318969725,128.30569458007812,127.54454040527344,128.41878509521484,0.37338089501798283,2.8787405109405517,2.855183243751526,2.7845969676971434,2.9587158203125,0.10471548397667878,2.98493043422699,2.9481139183044434,2.890485095977783,3.0714888811111454,0.13656133004332616,-2.0810797119140627,-2.2227096557617188,-2.3579833984375,-1.7559661865234375,0.3208349415223524,-0.26986663818359374,-0.0438232421875,-1.4636657714843748,0.15560150146484375,0.6545502500262558,1.0152575576878786,1.0161578774681783,1.0129974602025216,1.0172162857737337,0.002230620158044409,1.0020525535663487,1.0003150375942584,0.9988894114267828,1.011104202135113,0.004967031959598761,1.175473175048828,1.0952873229980469,1.0197967529296874,1.5875267028808595,0.20685854437323534,0.008568014038375342,0.007903043409273072,0.007398984328249206,0.01194070481344813,0.0016623301711834117,0.967352318763733,0.9263091087341309,0.8703569829463959,1.0853190541267395,0.094564149106563,0.020716541280864195,0.02423273533950617,0.007828559027777779,0.02742288773148148,0.007426531947540076,134.571146774292,155.2279815673828,53.32255058288574,176.1687240600586,51.632460599797135,0.010631799768518519,0.007530381944444444,0.005975356867283951,0.018474103009259262,0.006551664579459066,2.8789796590805055,2.5565011501312256,2.4306031703948974,3.868809032440186,0.5666488827808149,0.0,0.0,0.0,0.0,0.0,0.0,0.0,0.0,0.0,0.0,5.979938271604939e-07,4.822530864197531e-07,0.0,1.4467592592592592e-06,5.331896204122397e-07,4.764660493827161e-06,4.581404320987654e-06,1.4467592592592592e-06,7.764274691358026e-06,2.6705502181835617e-06,6.230709876543209e-06,1.9290123456790124e-06,4.822530864197531e-07,2.1122685185185193e-05,1.2280644678908938e-05,0.00015484182098765431,0.0001644483024691358,0.00012991898148148148,0.0001716820987654321,2.2582803435307848e-05,1.1141578746552572,1.0956736157443425,1.0855931862614325,1.1975483292102322,0.042046458514801745,0.9908483939924879,0.9877997598695483,0.980218395962779,1.0075074642002282,0.011494183157413318,1.0282253909228722,1.0292697597861444,1.0252878177611016,1.0316360388722374,0.003535010866386639,0.9940875296401858,0.9921203756744551,0.9906237654081412,1.003280401051215,0.005419891860186253,7.334823131561279,7.334823131561279,7.334823131561279,7.334823131561279,0.0,16.557487678527835,16.55748767852783,16.55748767852783,16.55748767852783,3.552713678800501e-15,6.9907989501953125,6.9907989501953125,6.9907989501953125,6.9907989501953125,0.0,0.7692108154296875,0.7692108154296875,0.7692108154296875,0.7692108154296875,0.0,202.30337524414062,202.30337524414062,202.30337524414062,202.30337524414062,0.0,0.0,0.0,0.0,0.0,0.0,0.0,0.0,0.0,0.0,0.0,0.0,0.0,0.0,0.0,0.0
morning,sunny,mixed,outdoor,5x,50,1,138.75473114013673,138.51998138427734,138.4229705810547,139.80914154052735,0.5564802479966643,143.81643310546875,143.63997650146484,143.52223510742186,144.76013641357423,0.4781639797081138,145.99494354248046,145.9087371826172,145.52462158203124,146.7451385498047,0.4537572339311687,59.05458145141601,59.01271438598633,57.99121322631836,59.98022232055664,0.6861494335628855,55.16326362609863,55.11239814758301,54.28956336975098,56.00443687438965,0.5878946887143424,52.22650085449219,52.15816307067871,51.415615463256835,53.0486026763916,0.5876465284424977,142.4714514160156,142.2715072631836,142.17345581054687,143.44053649902344,0.4997523952000674,55.89555763244629,55.84041976928711,54.98962898254395,56.768748092651364,0.6134036442653361,125.23051025390625,125.2235221862793,125.1802734375,125.30683517456055,0.04772534072265649,129.88103485107422,129.95499420166016,129.75589141845703,129.97455596923828,0.09769293783782125,3.602473611831665,3.6188557147979736,3.4823675632476805,3.668137717247009,0.06792714873221943,3.254561185836792,3.269153118133545,3.1594820737838747,3.301664638519287,0.047297483291220875,-5.061701965332031,-5.0638885498046875,-5.198605346679687,-4.877383422851563,0.12067623796693933,2.1785104370117185,2.2957229614257812,1.8834793090820312,2.379679870605469,0.2056915676667991,1.0364825317120048,1.0365525073915265,1.0349292551134863,1.037535415876784,0.0009760199756226489,0.9850784981903457,0.9842672159294799,0.9836989852684215,0.9870571256236733,0.0014059573907753828,1.4415957641601562,1.4288215637207031,1.3094390869140624,1.6584297180175782,0.1374260064116548,0.010118935472430686,0.009989764989720953,0.009208764992512141,0.011662338705603664,0.000969660750194756,0.8908947777748107,0.8909996747970581,0.862332284450531,0.9178969621658325,0.018867452885182413,0.030718422067901235,0.029918981481481484,0.027943045910493826,0.034034577546296296,0.003399105605717238,288.7313223266602,277.10740661621094,258.66334533691406,326.2355438232422,41.91401045476841,0.013845447530864197,0.013638358410493826,0.011389467592592593,0.016347656250000002,0.0017776079262596279,3.2109566926956177,3.1359695196151733,2.870697808265686,3.642444944381714,0.29771608207006955,0.0,0.0,0.0,0.0,0.0,0.0,0.0,0.0,0.0,0.0,0.0,0.0,0.0,0.0,0.0,4.7260802469135806e-07,4.822530864197531e-07,0.0,1.4467592592592592e-06,5.983826145542477e-07,7.71604938271605e-08,0.0,0.0,0.0,4.7604022682303496e-07,1.6107253086419756e-06,1.4467592592592592e-06,4.3402777777777796e-07,2.8935185185185184e-06,1.2185267294970516e-06,1.0739910192996798,1.0746769429605392,1.0517949596402192,1.0916158623792365,0.01362602898194472,0.8678578790030832,0.867772663515402,0.8663912853955364,0.8699202322652273,0.0012663830053465646,1.0661075974490744,1.0662575619704193,1.0631646256231018,1.068344213801018,0.0020234414607440666,0.9792262511169078,0.9782505574739744,0.977490584041601,0.9816012803054242,0.0018044411962621439,5.743490695953369,5.743490695953369,5.743490695953369,5.743490695953369,0.0,11.371261692047119,11.371261692047119,11.371261692047119,11.371261692047119,0.0,1.9273223876953125,1.9273223876953125,1.9273223876953125,1.9273223876953125,0.0,0.49881744384765625,0.49881744384765625,0.49881744384765625,0.49881744384765625,0.0,233.90025329589844,233.90025329589844,233.90025329589844,233.90025329589844,0.0,0.0,0.0,0.0,0.0,0.0,0.0,0.0,0.0,0.0,0.0,0.0,0.0,0.0,0.0,0.0
morning,sunny,mixed,outdoor,7x,50,1,143.66800323486328,143.1681900024414,142.28436431884765,146.44517974853517,1.4702236923793046,150.30723205566406,149.9967498779297,149.16576538085937,152.51140747070312,1.1677321084593837,152.66120086669923,152.3956069946289,151.79090423583983,154.21413879394532,0.870166649023827,43.16976257324219,43.674421310424805,40.843043899536134,44.405080032348636,1.2234563608962892,37.41239517211914,37.99139404296875,34.873775482177734,38.66644515991211,1.316333124072968,34.93145515441895,35.40021514892578,32.8279369354248,35.896127700805664,1.0668796563404275,148.5432922363281,148.1888427734375,147.3634796142578,150.84359436035157,1.2142636024067999,38.8469083404541,39.41319274902344,36.38216552734375,40.04165382385254,1.2683431094167312,124.4333366394043,124.32988357543945,124.26135025024413,124.72554931640624,0.19850478517136186,130.24243743896486,130.32455444335938,129.82654266357423,130.55095977783202,0.2941000831460461,3.4208989572525024,3.4200735092163086,3.363819980621338,3.477426362037659,0.043281981971740095,3.0234152936935423,3.1023778915405273,2.7042057275772096,3.306184506416321,0.2211554240646511,-6.639228820800781,-6.858024597167969,-6.965437316894532,-6.094534301757812,0.37438826406488485,2.3539688110351564,2.4236602783203125,1.7204559326171875,2.860447692871094,0.46451841282551315,1.0462396362101434,1.0479025881249715,1.0415877134383618,1.0489655549685324,0.0029996404012461514,0.9845716222603252,0.984057519165884,0.9811926196190474,0.9888608483490787,0.0030812926650952118,2.1426300048828124,2.1554107666015625,2.0242546081542967,2.3005935668945314,0.15245166683092237,0.014423669104423142,0.014451595959989712,0.01363660769003364,0.015544072286810366,0.0010151982451328148,0.760592304468155,0.754573404788971,0.7095107018947602,0.8389151811599732,0.042657368799818074,0.011767544367283951,0.0099633487654321,0.004681278935185186,0.01902801890432099,0.008536704912047841,392.1512890625,384.1310577392578,301.3374969482422,458.5337707519531,94.51162021683125,0.0,0.0,0.0,0.0,0.0,0.0,0.0,0.0,0.0,0.0,0.0,0.0,0.0,0.0,0.0,0.0,0.0,0.0,0.0,0.0,0.0,0.0,0.0,0.0,0.0,9.722222222222223e-06,9.403935185185186e-06,1.398533950617284e-06,2.3196373456790123e-05,8.104928501658381e-06,0.0,0.0,0.0,0.0,0.0,0.05238288001543211,0.0579711612654321,0.002904417438271605,0.06558063271604937,0.019365326372479667,0.8550555977088828,0.870317821788007,0.7968164514770449,0.8884807733115894,0.03272011855148569,0.9047167809714661,0.9038861827081208,0.901899136319605,0.9082396859224976,0.0025008816473935398,1.0603650462623744,1.0619187017930258,1.054847383983378,1.0633980494529478,0.0031815261270768617,0.9805968268918979,0.9798365743510837,0.9774702063360863,0.984607126637782,0.0030151565633472015,5.9532470703125,5.9532470703125,5.9532470703125,5.9532470703125,0.0,8.727348136901867,8.727348136901867,8.727348136901867,8.727348136901867,0.0,4.1308135986328125,4.1308135986328125,4.1308135986328125,4.1308135986328125,0.0,0.9301605224609375,0.9301605224609375,0.9301605224609375,0.9301605224609375,0.0,517.6257934570312,517.6257934570312,517.6257934570312,517.6257934570312,0.0,0.0,0.0,0.0,0.0,0.0,0.0,0.0,0.0,0.0,0.0,0.0,0.0,0.0,0.0,0.0
morning,sunny,road_shaded,outdoor,1x,100,1,123.26739067077636,123.75157165527344,120.9965316772461,124.21880798339843,1.499927113793456,131.1798801422119,131.76478576660156,128.9031509399414,132.1134811401367,1.4686546998874863,130.69129730224608,130.64730072021484,129.64820251464843,132.15385894775392,1.2467232468289626,73.54109703063965,74.0495834350586,71.99044036865234,74.21402511596679,0.8976927382376415,67.09482238769532,67.39077377319336,66.0933853149414,67.5465805053711,0.6871314721080449,67.45344009399415,67.8458251953125,65.44091796875,68.93899841308594,1.4945830217906322,128.70445106506347,129.24620056152344,126.58097305297852,129.5658187866211,1.4140622225731565,68.50546882629395,68.93612670898438,67.26772918701172,69.09493789672851,0.7858622290089436,124.04112884521484,124.05976486206055,123.9176010131836,124.12387237548828,0.08235500527416223,129.03487899780274,129.01306915283203,128.4833251953125,129.61078186035155,0.48205316276826293,6.916831698417663,6.959511995315552,6.553925895690918,7.095503139495849,0.19201735490677826,10.63718677520752,10.66984748840332,10.228873538970948,10.936333560943604,0.2778712163068078,-7.9124894714355465,-8.01138687133789,-8.160288238525391,-7.5618232727050785,0.22422318534226382,-0.4885828399658203,-0.5272216796875,-1.6355331420898438,0.6820632934570313,1.0166419041543178,1.0642042452630995,1.0648588547532094,1.0612706795975146,1.066106467047438,0.002138788494847991,1.0037507501446097,1.0040349477742503,0.9948126302130383,1.0125676897939575,0.007795471947950811,4.200536155700684,4.225320816040039,3.5237049102783202,4.845837783813477,0.5923460236613443,0.03262270149179882,0.033355881179732885,0.02729642279157447,0.03750495639834368,0.0044794894883296915,2.8219514513015747,2.890372633934021,2.4434587955474854,3.0148194789886475,0.20220192460942185,0.16034254436728396,0.1662331211419753,0.1390271990740741,0.1720544463734568,0.017215724374783265,1567.0541088867187,1699.1144409179688,911.070965576172,1773.8593017578125,344.15624190307875,0.0576470920138889,0.06218243634259259,0.039152295524691356,0.07356655092592593,0.015630236506176357,7.005681624412537,7.249362945556641,6.457075405120849,7.426176357269287,0.4164915802336436,0.0,0.0,0.0,0.0,0.0,0.0,0.0,0.0,0.0,0.0,6.472800925925926e-05,5.690586419753086e-05,1.1043595679012346e-05,0.0001263985339506173,5.0146603417085515e-05,0.022575245949074074,0.02225935570987654,0.019533757716049382,0.026010079089506175,0.002632274880043121,0.0022988859953703704,0.002443094135802469,0.00042293595679012346,0.003935329861111111,0.001570541501615475,0.05107772472993826,0.050943045910493825,0.04555545910493827,0.05544270833333333,0.003656532962164603,1.0883026355821266,1.0830106076159978,1.0709901617308035,1.1151131830560852,0.01798962073684923,1.2728919919994275,1.2699944674467916,1.0703611075519848,1.4797067634266599,0.2020159651150439,1.0384191251264467,1.0390246991833463,1.0088387811901882,1.0669595039597568,0.028030640337306522,1.0075717007115446,1.0074140585159919,0.9964986964515544,1.0180676906842754,0.009440666134000218,38.21781921386719,38.21781921386719,38.21781921386719,38.21781921386719,0.0,78.47745513916017,78.47745513916017,78.47745513916017,78.47745513916017,0.0,6.686576843261719,6.686576843261719,6.686576843261719,6.686576843261719,0.0,1.4543304443359375,1.4543304443359375,1.4543304443359375,1.4543304443359375,0.0,1373.6678466796875,1373.6678466796875,1373.6678466796875,1373.6678466796875,0.0,0.0,0.0,0.0,0.0,0.0,0.0,0.0,0.0,0.0,0.0,0.0,0.0,0.0,0.0,0.0
morning,sunny,road_shaded,outdoor,3x,100,1,126.43710494995118,123.3841552734375,115.3783561706543,143.13229370117188,11.4208861070167,133.0613564300537,129.75214004516602,125.21335372924804,146.59070892333983,8.527665104925926,130.6639318084717,127.67051315307617,123.43819580078124,143.4327362060547,7.783975698412698,73.78771976470948,77.82183074951172,63.01951675415039,83.14958953857422,9.334923151426542,67.23694709777833,70.10096740722656,58.75010986328125,74.90986404418945,7.491517926909755,69.80107357025146,72.43159484863281,62.04105644226074,76.57359085083007,6.5950330207171195,130.76268928527833,127.56548690795898,122.09128646850586,145.15361480712892,9.289168963624249,69.16440486907959,72.32677459716797,60.18685684204102,77.13483581542968,7.843929083103842,124.82009651184082,124.72500610351562,123.03732452392578,126.63054962158203,1.64498106462436,127.91670379638671,128.10128784179688,126.90416259765625,128.89667053222655,0.8864242285551952,5.700052742958069,6.330126523971558,4.037374258041382,7.072370862960815,1.374165232630868,7.986275825500488,8.364935398101807,5.983344268798828,9.535343170166016,1.4659634224853024,-6.624251480102539,-6.691356658935547,-10.046070861816407,-2.976557922363281,3.1646418202740914,-2.397424621582031,-2.048816680908203,-3.6288726806640623,-1.4379676818847653,0.8667972346652845,1.0549363672479415,1.0546496945235146,1.0225471519108387,1.0869900651588147,0.029735345562103367,1.018080861695654,1.0164457008710592,1.0116000832847583,1.0261139764910157,0.005699896617367911,4.510838050842285,4.566246032714844,2.851035308837891,5.810519790649415,1.2091687916375609,0.03523543673560044,0.0353063183434599,0.02123114674968318,0.047582513007217504,0.011479151383356421,2.1399744927883146,2.142172932624817,1.6663889765739441,2.6631139278411866,0.45168235107776283,0.10197595003858023,0.10614920910493827,0.08075405092592593,0.12214911265432099,0.018730604092969012,889.4441387939453,934.2749633789062,482.3210784912109,1166.1780395507812,273.61447065580717,0.1357453510802469,0.1373659336419753,0.11395423418209877,0.15372757523148148,0.017559879052080223,6.877990055084228,5.801103830337524,5.476437377929687,8.684496784210205,1.4392296964218552,0.0,0.0,0.0,0.0,0.0,0.0,0.0,0.0,0.0,0.0,1.3638117283950615e-05,1.109182098765432e-05,5.304783950617284e-06,2.507716049382716e-05,7.967276371016474e-06,0.019384755979938273,0.023049527391975307,0.01228221450617284,0.025943383487654324,0.006013962593393027,0.0017112991898148148,0.0015067997685185184,0.0010668885030864197,0.0026804108796296307,0.0007053323163245485,0.040303621720679014,0.04903911072530864,0.02279296875,0.056172116126543215,0.015081154892587814,1.2355371850294725,1.2379335914763074,1.0608804126136497,1.407119702829826,0.163421255745778,1.042165731720253,0.9964583674886909,0.675655511949599,1.4154775357971119,0.36058590818837555,1.0687939235313453,1.066509814111387,1.0012747817209167,1.14341278202443,0.06690313154215484,1.0287805085569102,1.0274351319960073,0.9951282230517763,1.0630152840974407,0.031435741767922874,47.773597717285156,47.773597717285156,47.773597717285156,47.773597717285156,0.0,74.90390243530271,74.90390243530274,74.90390243530274,74.90390243530274,2.842170943040401e-14,26.23535919189453,26.23535919189453,26.23535919189453,26.23535919189453,0.0,3.1644325256347656,3.1644325256347656,3.1644325256347656,3.1644325256347656,0.0,1156.768310546875,1156.768310546875,1156.768310546875,1156.768310546875,0.0,0.0,0.0,0.0,0.0,0.0,0.0,0.0,0.0,0.0,0.0,0.0,0.0,0.0,0.0,0.0
morning,sunny,road_shaded,outdoor,5x,100,1,122.44633979797364,124.79862594604492,102.72849884033204,138.75696411132813,16.494566265565066,128.54685821533204,130.5341339111328,113.8595962524414,139.65069427490235,11.278676957827013,128.5947399902344,131.12915802001953,114.10066528320313,139.12538146972656,10.978622957724927,64.0994372177124,63.777496337890625,45.87730026245117,82.92527923583984,18.05985396047036,59.516996688842774,59.393354415893555,44.4389144897461,74.75020370483398,14.81412059271596,59.485397491455075,58.65876770019531,44.38695297241211,76.12601623535156,14.886886646661882,126.70295074462891,128.83824157714844,110.49444885253907,139.25214538574218,12.823748543431885,60.624877281188965,60.36190605163574,44.74583473205566,76.83912353515625,15.646712235491712,124.88745124816894,125.06957244873047,122.03396072387696,127.58279800415039,2.674525934068405,129.04557441711427,128.74320220947266,127.78042907714844,130.69581604003906,1.145608333968496,4.951955292224884,4.960492253303528,3.0391364097595215,6.8685465335845945,1.8518418256839613,6.522819013595581,6.410488605499268,3.816213536262512,9.31553897857666,2.687260115975046,-6.100518417358399,-5.7435760498046875,-11.620712280273438,-0.6568618774414062,5.31424176250929,0.04788177490234375,-0.21563720703125,-0.9340469360351562,1.6692184448242189,0.9278298219708285,1.0567026246272297,1.0508025998172774,1.004732220793202,1.1083581006353604,0.05132325200901753,0.9994732166796555,1.0015606159225152,0.9864600404752709,1.0067686073828874,0.007462510555744621,3.026318321228027,2.5892200469970703,0.41602096557617185,5.7663009643554695,2.4434342227778343,0.026131054852735244,0.021217290303889247,0.0029866743979448103,0.051278202014390525,0.022285810045898677,1.9089088332653046,1.9594703912734985,1.335742449760437,2.460108160972595,0.5180109139078117,0.09179515335648147,0.09059051890432099,0.060916811342592594,0.1298548900462963,0.02882600712979625,783.4049755859374,663.8141784667969,575.5092346191407,1196.525036621094,239.23645341808958,0.08734967206790122,0.06812548225308643,0.05886091820987654,0.1600617283950618,0.04273906341054832,5.900931801795959,6.601097583770752,3.0691726446151733,8.229040336608886,2.186011809256398,0.0,0.0,0.0,0.0,0.0,0.0,0.0,0.0,0.0,0.0,1.115451388888889e-05,7.957175925925925e-06,0.0,2.507716049382716e-05,1.0834855337722082e-05,0.049246465084876546,0.021260368441358025,0.011096739969135802,0.11978477044753087,0.04382019774322542,0.0003302372685185185,0.0003436053240740741,4.224537037037037e-05,0.0005219425154320988,0.00016614068289356383,0.09091711033950615,0.05040485146604939,0.017890576774691358,0.18132233796296296,0.07430198947924149,1.291033534543716,1.2616163128479392,0.8485673181174576,1.783764961634989,0.43828505250797123,0.9054872848083584,0.9100126055091409,0.5309940946111092,1.2697728890256432,0.3608729320398108,1.090830691023354,1.0762817315047721,1.0000271444717213,1.1894253105226897,0.09131297839638354,1.0138693517999153,1.0071232548447573,1.0021724432061123,1.039855214736176,0.016823687596362692,45.54791259765625,45.54791259765625,45.54791259765625,45.54791259765625,0.0,64.89373321533203,64.89373321533203,64.89373321533203,64.89373321533203,0.0,36.32151794433594,36.32151794433594,36.32151794433594,36.32151794433594,0.0,6.631694793701172,6.631694793701172,6.631694793701172,6.631694793701172,0.0,937.5730590820312,937.5730590820312,937.5730590820312,937.5730590820312,0.0,0.0,0.0,0.0,0.0,0.0,0.0,0.0,0.0,0.0,0.0,0.0,0.0,0.0,0.0,0.0
morning,sunny,road_shaded,outdoor,7x,100,1,136.9878771209717,139.18824768066406,130.23533935546874,142.78055267333986,6.1426953906916495,140.1882467651367,142.19366455078125,135.2351104736328,143.7271697998047,4.064133142492389,145.36175460815429,143.8270034790039,142.33535766601562,149.72986907958983,3.0584680795188754,45.311927471160885,46.08864974975586,30.826502799987793,59.58639411926269,13.599654911975929,43.23602867126465,44.08713912963867,30.130417251586913,55.924354553222656,12.132048476326936,36.21104753494263,37.03988838195801,29.08731117248535,42.91992416381836,6.264038099372954,139.7804328918457,141.6672821044922,135.0077865600586,143.43914947509765,4.137703241713982,42.53966833114624,43.37378120422363,29.886328125,54.73915176391601,11.72169345236442,125.9324853515625,126.27360153198242,124.11728057861328,127.51693344116211,1.6041869584156299,131.10841995239258,130.30706787109375,128.1201934814453,134.60437774658203,3.0525282678147634,5.18840695142746,5.073101878166199,3.8935127735137938,6.599478626251221,1.2564177922967275,8.778520555496216,8.646064758300781,4.926333951950073,12.704384708404541,3.7784449523768338,-3.200369644165039,-2.6245346069335938,-6.112174224853516,-0.8336471557617186,2.401642963811776,5.173507843017578,3.5889129638671875,-0.1344024658203125,11.777671813964844,5.438602600943217,1.0241574784811376,1.0190847730786765,1.0058818636091684,1.0460073028884935,0.018916661184942046,0.9649201760700017,0.975845040507167,0.9205102683608365,1.0009440182373972,0.03709849159808465,-0.9865690994262696,-0.19979095458984375,-3.266196060180664,0.520819091796875,1.5956163313395195,-0.007350328907016483,-0.0014307462060373973,-0.02524953887062673,0.003663160160743403,0.01175533286361133,1.887389793395996,1.8493670225143433,1.2880887269973755,2.516049838066101,0.5251264385178943,0.06784694251543211,0.060228346836419755,0.020037471064814814,0.12396084104938271,0.03945381717590237,373.10644737243655,323.0018005371094,143.46987915039062,709.1386901855469,211.80026075032129,5.8603395061728395e-05,1.808449074074074e-05,0.0,0.00017505787037037042,7.105038110071441e-05,5.606487393379211,7.0376880168914795,0.0,9.583583068847656,3.660750163848363,1.745756172839506e-06,0.0,0.0,5.835262345679016e-06,2.692665624973619e-06,3.62,0.0,0.0,12.100000000000009,5.583511439945296,1.7361111111111112e-07,0.0,0.0,4.822530864197531e-07,8.283530306166624e-07,0.02799125192901234,0.029013792438271603,0.005879436728395062,0.050295814043209874,0.01995555112784626,6.317515432098766e-07,0.0,0.0,1.4467592592592592e-06,2.6648094222770183e-06,0.054047424768518516,0.05081669560185185,0.014767939814814814,0.0928287037037037,0.03584236209334137,0.6175648395533984,0.5984108448201928,0.3710722765793646,0.8778306018293032,0.24405251405821055,1.0542225280120252,1.0433751893777283,1.0151412613321316,1.1053031840656193,0.03926999546265496,1.023314535214505,1.018677114951497,1.0000310583444252,1.0488384058020033,0.02354537998835404,1.0305454438271198,1.0179682781055384,1.0063031279851558,1.0640657891407892,0.025560526852468932,29.245241165161133,29.245241165161133,29.245241165161133,29.245241165161133,0.0,55.78322296142578,55.783222961425786,55.783222961425786,55.783222961425786,7.105427357601002e-15,18.286964416503906,18.286964416503906,18.286964416503906,18.286964416503906,0.0,4.198947906494141,4.198947906494141,4.198947906494141,4.198947906494141,0.0,1087.001220703125,1087.001220703125,1087.001220703125,1087.001220703125,0.0,0.0,0.0,0.0,0.0,0.0,0.0,0.0,0.0,0.0,0.0,0.0,0.0,0.0,0.0,0.0
