relative_path,time_of_day,weather,scene,zoom,model,config,checkpoint,output_path,raw_sharpness_laplacian_var,raw_tenengrad,raw_edge_density,raw_hf_energy,raw_ringing_proxy,raw_local_contrast,raw_luma_mean,raw_luma_std,raw_saturation_mean,raw_niqe,raw_brisque,raw_piqe,output_sharpness_laplacian_var,output_tenengrad,output_edge_density,output_hf_energy,output_ringing_proxy,output_local_contrast,output_luma_mean,output_luma_std,output_saturation_mean,raw_output_rgb_mae,raw_output_diff_p95,output_minus_raw_luma_mean,raw_output_lowfreq_luma_mae,raw_output_chroma_mae,flat_raw_hf,flat_output_hf,flat_hf_ratio,strong_edge_raw_grad,strong_edge_output_grad,strong_edge_grad_ratio,output_niqe,output_brisque,output_piqe,niqe,output_minus_raw_niqe,brisque,output_minus_raw_brisque,piqe,output_minus_raw_piqe,sharpness_ratio,edge_density_ratio,hf_energy_ratio,ringing_ratio,failure_labels,risk_score,comparison_path
afternoon/sunny/building/1x/frame_3825.png,afternoon,sunny,building,1x,deploy,checkpoints/csuav_deploy/train_svfocusdenoise_adv_x1_dim32_block3_epoch300_lr1e-4_charbonnier_edge_ssim_hotpixel_260309/train_config.yaml,checkpoints/csuav_deploy/train_svfocusdenoise_adv_x1_dim32_block3_epoch300_lr1e-4_charbonnier_edge_ssim_hotpixel_260309/best.pth,outputs/deploy/afternoon/sunny/building/1x/frame_3825.png,570.9905395507812,11974.37109375,0.08371431327160493,8.853151321411133,10.747563362121582,26.75819206237793,135.84548950195312,67.64742279052734,21.031055450439453,4.203732868091533,32.169677734375,42.658390045166016,530.33349609375,13005.3662109375,0.0806225887345679,8.986289978027344,10.822848320007324,27.188915252685547,136.1992645263672,67.96112060546875,20.859960556030273,1.8833357095718384,6.0,0.3537364900112152,0.35421624779701233,0.5431018471717834,2.360750913619995,2.1896772384643555,0.9275342120303095,239.96920776367188,252.7928924560547,1.053438875811983,5.193214958106761,43.513916015625,50.348873138427734,5.193214958106761,0.9894820900152279,43.513916015625,11.34423828125,50.348873138427734,7.690483093261719,0.9287955917990908,0.9630681490869291,1.0150385610482244,1.0070048396412414,balanced,0,afternoon/sunny/building/1x/frame_3825.compare.jpg
afternoon/sunny/building/3x/frame_3925.png,afternoon,sunny,building,3x,deploy,checkpoints/csuav_deploy/train_svfocusdenoise_adv_x1_dim32_block3_epoch300_lr1e-4_charbonnier_edge_ssim_hotpixel_260309/train_config.yaml,checkpoints/csuav_deploy/train_svfocusdenoise_adv_x1_dim32_block3_epoch300_lr1e-4_charbonnier_edge_ssim_hotpixel_260309/best.pth,outputs/deploy/afternoon/sunny/building/3x/frame_3925.png,306.1339416503906,6472.859375,0.046677276234567903,5.949525833129883,10.02618408203125,19.446704864501953,135.15357971191406,65.6064453125,18.911422729492188,4.4727434853393016,14.56884765625,37.73523712158203,278.5822448730469,7267.1298828125,0.04517168209876543,5.951379299163818,10.641036987304688,19.724523544311523,135.37551879882812,65.7769775390625,18.947267532348633,1.543553352355957,6.0,0.22207175195217133,0.22305189073085785,0.3672475516796112,1.1664670705795288,1.080910325050354,0.9266530983282124,163.5525360107422,172.97996520996094,1.0576415959615542,5.758497900521137,22.58648681640625,44.41748809814453,5.758497900521137,1.2857544151818354,22.58648681640625,8.01763916015625,44.41748809814453,6.6822509765625,0.9100011693286588,0.9677446017150532,1.000311531723018,1.0613247173842904,balanced,0,afternoon/sunny/building/3x/frame_3925.compare.jpg
afternoon/sunny/building/5x/frame_4025.png,afternoon,sunny,building,5x,deploy,checkpoints/csuav_deploy/train_svfocusdenoise_adv_x1_dim32_block3_epoch300_lr1e-4_charbonnier_edge_ssim_hotpixel_260309/train_config.yaml,checkpoints/csuav_deploy/train_svfocusdenoise_adv_x1_dim32_block3_epoch300_lr1e-4_charbonnier_edge_ssim_hotpixel_260309/best.pth,outputs/deploy/afternoon/sunny/building/5x/frame_4025.png,106.16556549072266,1608.0489501953125,0.02855324074074074,3.135908603668213,8.097586631774902,15.770543098449707,131.60858154296875,68.28229522705078,28.180789947509766,6.328207898640507,33.22528076171875,29.057634353637695,39.489227294921875,2105.219482421875,0.02188126929012346,3.227632761001587,10.827024459838867,16.393068313598633,131.77365112304688,68.67176055908203,27.81026268005371,1.728230595588684,7.0,0.16505450010299683,0.1766921728849411,0.4207462966442108,0.6564655900001526,0.5724117755889893,0.8719600605248117,84.74070739746094,89.87033081054688,1.0605331672418825,6.128631397079159,44.86614990234375,37.73268508911133,6.128631397079159,-0.19957650156134754,44.86614990234375,11.640869140625,37.73268508911133,8.675050735473633,0.3719589031753678,0.7663322523983246,1.0292496271179843,1.3370680614090202,oversharpening_or_ringing_risk,1,afternoon/sunny/building/5x/frame_4025.compare.jpg
afternoon/sunny/building/7x/frame_4175.png,afternoon,sunny,building,7x,deploy,checkpoints/csuav_deploy/train_svfocusdenoise_adv_x1_dim32_block3_epoch300_lr1e-4_charbonnier_edge_ssim_hotpixel_260309/train_config.yaml,checkpoints/csuav_deploy/train_svfocusdenoise_adv_x1_dim32_block3_epoch300_lr1e-4_charbonnier_edge_ssim_hotpixel_260309/best.pth,outputs/deploy/afternoon/sunny/building/7x/frame_4175.png,97.45509338378906,929.3801879882812,0.008720100308641975,2.463914394378662,7.08981990814209,12.009684562683105,132.52590942382812,69.70408630371094,35.32742691040039,7.1138087043933975,33.726959228515625,25.145158767700195,19.183767318725586,974.0484619140625,0.011371045524691358,2.0251314640045166,8.24997615814209,11.847764015197754,132.70338439941406,69.92103576660156,34.930233001708984,1.5929412841796875,6.0,0.17749035358428955,0.19087733328342438,0.3818202614784241,0.7023454904556274,0.5771839022636414,0.8217948432888906,62.507564544677734,56.85295486450195,0.9095371940761808,6.945549779824987,41.53485107421875,20.029325485229492,6.945549779824987,-0.16825892456841096,41.53485107421875,7.807891845703125,20.029325485229492,-5.115833282470703,0.19684725192533306,1.3040039818604137,0.8219163249440752,1.1636369139176093,oversharpening_or_ringing_risk,1,afternoon/sunny/building/7x/frame_4175.compare.jpg
afternoon/sunny/mixed/1x/frame_0125.png,afternoon,sunny,mixed,1x,deploy,checkpoints/csuav_deploy/train_svfocusdenoise_adv_x1_dim32_block3_epoch300_lr1e-4_charbonnier_edge_ssim_hotpixel_260309/train_config.yaml,checkpoints/csuav_deploy/train_svfocusdenoise_adv_x1_dim32_block3_epoch300_lr1e-4_charbonnier_edge_ssim_hotpixel_260309/best.pth,outputs/deploy/afternoon/sunny/mixed/1x/frame_0125.png,1767.4268798828125,27150.90234375,0.10564236111111111,13.855549812316895,13.48844051361084,29.575029373168945,130.06640625,60.92420959472656,70.00938415527344,3.4180152765950247,65.93377685546875,49.34072494506836,1405.051025390625,26966.658203125,0.09625964506172839,12.305004119873047,17.27605438232422,27.61318588256836,130.30923461914062,60.970516204833984,69.6931381225586,3.096024990081787,10.0,0.24279899895191193,0.25241443514823914,0.6610108017921448,5.466542720794678,4.179651260375977,0.764587688023844,367.6221923828125,371.1478271484375,1.0095903752240116,3.4020862518566743,22.29833984375,30.83624267578125,3.4020862518566743,-0.01592902473835034,22.29833984375,-43.63543701171875,30.83624267578125,-18.50448226928711,0.7949698182047483,0.9111841504610608,0.8880920848723384,1.2808044313863707,oversharpening_or_ringing_risk,1,afternoon/sunny/mixed/1x/frame_0125.compare.jpg
afternoon/sunny/mixed/3x/frame_0275.png,afternoon,sunny,mixed,3x,deploy,checkpoints/csuav_deploy/train_svfocusdenoise_adv_x1_dim32_block3_epoch300_lr1e-4_charbonnier_edge_ssim_hotpixel_260309/train_config.yaml,checkpoints/csuav_deploy/train_svfocusdenoise_adv_x1_dim32_block3_epoch300_lr1e-4_charbonnier_edge_ssim_hotpixel_260309/best.pth,outputs/deploy/afternoon/sunny/mixed/3x/frame_0275.png,1254.767578125,22787.55078125,0.10412567515432099,12.674996376037598,12.955726623535156,26.324865341186523,122.9809341430664,57.45077133178711,60.176151275634766,3.345829198454528,59.2137451171875,40.75177001953125,988.0147705078125,22936.267578125,0.08799286265432099,11.501702308654785,17.348716735839844,24.9017391204834,123.29691314697266,57.648338317871094,59.997737884521484,2.7578201293945312,9.0,0.3160141706466675,0.3194713592529297,0.5671190023422241,4.42101526260376,3.61080265045166,0.8167360744023027,334.575927734375,340.9771423339844,1.0191323226478248,3.7391007163095717,31.657958984375,31.584575653076172,3.7391007163095717,0.39327151785504366,31.657958984375,-27.5557861328125,31.584575653076172,-9.167194366455078,0.7874085908277959,0.8450640298265522,0.9074323942529124,1.3390770923125574,oversharpening_or_ringing_risk,1,afternoon/sunny/mixed/3x/frame_0275.compare.jpg
afternoon/sunny/mixed/5x/frame_0425.png,afternoon,sunny,mixed,5x,deploy,checkpoints/csuav_deploy/train_svfocusdenoise_adv_x1_dim32_block3_epoch300_lr1e-4_charbonnier_edge_ssim_hotpixel_260309/train_config.yaml,checkpoints/csuav_deploy/train_svfocusdenoise_adv_x1_dim32_block3_epoch300_lr1e-4_charbonnier_edge_ssim_hotpixel_260309/best.pth,outputs/deploy/afternoon/sunny/mixed/5x/frame_0425.png,573.2396850585938,9698.8916015625,0.15296971450617283,9.448613166809082,9.4631929397583,20.56756591796875,141.6194305419922,49.35408401489258,52.82444763183594,3.7574915802962257,36.21124267578125,40.403194427490234,294.9186096191406,9757.6923828125,0.07278694058641975,8.139615058898926,12.670629501342773,19.350975036621094,141.92613220214844,49.656822204589844,52.3992919921875,3.2165489196777344,10.0,0.3067573308944702,0.31152284145355225,0.6151798963546753,4.9158220291137695,4.073624610900879,0.8286761780176319,204.64915466308594,207.48904418945312,1.0138768690789,4.164554050003669,33.33447265625,29.495159149169922,4.164554050003669,0.407062469707443,33.33447265625,-2.87677001953125,29.495159149169922,-10.908035278320312,0.5144769584279488,0.47582582487909764,0.8614613504859759,1.3389380922488507,oversharpening_or_ringing_risk,1,afternoon/sunny/mixed/5x/frame_0425.compare.jpg
afternoon/sunny/mixed/7x/frame_0575.png,afternoon,sunny,mixed,7x,deploy,checkpoints/csuav_deploy/train_svfocusdenoise_adv_x1_dim32_block3_epoch300_lr1e-4_charbonnier_edge_ssim_hotpixel_260309/train_config.yaml,checkpoints/csuav_deploy/train_svfocusdenoise_adv_x1_dim32_block3_epoch300_lr1e-4_charbonnier_edge_ssim_hotpixel_260309/best.pth,outputs/deploy/afternoon/sunny/mixed/7x/frame_0575.png,357.37725830078125,4163.63818359375,0.11446903935185185,6.752402305603027,7.184425354003906,14.510510444641113,144.8164520263672,31.998489379882812,34.623111724853516,4.062443685043314,35.56842041015625,24.044631958007812,119.10214233398438,3776.01953125,0.04858940972222222,5.517220973968506,8.856541633605957,13.548968315124512,145.08973693847656,32.0999870300293,34.15974807739258,2.790225028991699,8.0,0.273220956325531,0.27410888671875,0.5622680187225342,4.979928493499756,4.0634589195251465,0.8159673225888953,123.15348815917969,110.33151245117188,0.8958862156511961,4.427250131656663,35.3907470703125,20.362560272216797,4.427250131656663,0.3648064466133496,35.3907470703125,-0.17767333984375,20.362560272216797,-3.6820716857910156,0.3332672674816477,0.424476434827669,0.8170752754749833,1.232741826549868,oversharpening_or_ringing_risk,1,afternoon/sunny/mixed/7x/frame_0575.compare.jpg
afternoon/sunny/road_shaded/1x/frame_1725.png,afternoon,sunny,road_shaded,1x,deploy,checkpoints/csuav_deploy/train_svfocusdenoise_adv_x1_dim32_block3_epoch300_lr1e-4_charbonnier_edge_ssim_hotpixel_260309/train_config.yaml,checkpoints/csuav_deploy/train_svfocusdenoise_adv_x1_dim32_block3_epoch300_lr1e-4_charbonnier_edge_ssim_hotpixel_260309/best.pth,outputs/deploy/afternoon/sunny/road_shaded/1x/frame_1725.png,1929.2337646484375,28046.02734375,0.19598861882716048,16.5650577545166,11.473057746887207,35.046104431152344,129.55865478515625,63.08814239501953,57.967124938964844,2.8606690542913484,27.06793212890625,27.634788513183594,1724.9429931640625,28518.859375,0.18870177469135802,16.530302047729492,11.328246116638184,35.273902893066406,129.92910766601562,63.38615036010742,57.996376037597656,2.3653860092163086,7.0,0.3704528212547302,0.37591272592544556,0.8863105177879333,5.558093070983887,5.275725364685059,0.949197017269658,360.87994384765625,364.8227233886719,1.0109254604148354,3.198558243479375,28.602294921875,30.69647216796875,3.198558243479375,0.3378891891880267,28.602294921875,1.53436279296875,30.69647216796875,3.0616836547851562,0.8941078187476141,0.9628200648618855,0.9979018662474851,0.9873781137126837,balanced,0,afternoon/sunny/road_shaded/1x/frame_1725.compare.jpg
afternoon/sunny/road_shaded/3x/frame_2925.png,afternoon,sunny,road_shaded,3x,deploy,checkpoints/csuav_deploy/train_svfocusdenoise_adv_x1_dim32_block3_epoch300_lr1e-4_charbonnier_edge_ssim_hotpixel_260309/train_config.yaml,checkpoints/csuav_deploy/train_svfocusdenoise_adv_x1_dim32_block3_epoch300_lr1e-4_charbonnier_edge_ssim_hotpixel_260309/best.pth,outputs/deploy/afternoon/sunny/road_shaded/3x/frame_2925.png,1026.4913330078125,15490.6220703125,0.11411747685185185,10.752687454223633,9.335994720458984,25.238632202148438,130.49266052246094,59.5041618347168,46.185611724853516,3.4512577423488535,35.1444091796875,24.934329986572266,890.1581420898438,15831.068359375,0.10157841435185185,10.362146377563477,9.901769638061523,25.243114471435547,130.7137908935547,59.72493362426758,46.5993766784668,2.1097092628479004,6.0,0.22109664976596832,0.2325170487165451,0.646869957447052,3.779827833175659,3.4076035022735596,0.9015234694990402,270.813232421875,275.94500732421875,1.0189494983551963,3.8735292709417988,32.22216796875,24.116365432739258,3.8735292709417988,0.42227152859294526,32.22216796875,-2.9222412109375,24.116365432739258,-0.8179645538330078,0.8671852488822416,0.8901214533837064,0.9636796774459624,1.0606014607487615,balanced,0,afternoon/sunny/road_shaded/3x/frame_2925.compare.jpg
afternoon/sunny/road_shaded/5x/frame_2175.png,afternoon,sunny,road_shaded,5x,deploy,checkpoints/csuav_deploy/train_svfocusdenoise_adv_x1_dim32_block3_epoch300_lr1e-4_charbonnier_edge_ssim_hotpixel_260309/train_config.yaml,checkpoints/csuav_deploy/train_svfocusdenoise_adv_x1_dim32_block3_epoch300_lr1e-4_charbonnier_edge_ssim_hotpixel_260309/best.pth,outputs/deploy/afternoon/sunny/road_shaded/5x/frame_2175.png,1721.5943603515625,25141.931640625,0.2024754050925926,15.297018051147461,11.338409423828125,35.58012008666992,126.61511993408203,70.08699798583984,65.69286346435547,3.0178908725564897,24.52099609375,26.355134963989258,1534.3336181640625,25625.18359375,0.19242525077160494,15.362472534179688,11.639668464660645,35.9344596862793,126.93096160888672,70.44121551513672,65.63261413574219,2.414768934249878,7.0,0.31582513451576233,0.31785470247268677,0.8409669399261475,4.935675144195557,4.694302082061768,0.9510962421386975,337.6556091308594,341.5712585449219,1.011596577424381,3.24288743948218,26.760498046875,30.9423770904541,3.24288743948218,0.22499656692569037,26.760498046875,2.239501953125,30.9423770904541,4.587242126464844,0.8912283017996993,0.9503635796338242,1.0042789047390395,1.0265697797258415,balanced,0,afternoon/sunny/road_shaded/5x/frame_2175.compare.jpg
afternoon/sunny/road_shaded/7x/frame_3125.png,afternoon,sunny,road_shaded,7x,deploy,checkpoints/csuav_deploy/train_svfocusdenoise_adv_x1_dim32_block3_epoch300_lr1e-4_charbonnier_edge_ssim_hotpixel_260309/train_config.yaml,checkpoints/csuav_deploy/train_svfocusdenoise_adv_x1_dim32_block3_epoch300_lr1e-4_charbonnier_edge_ssim_hotpixel_260309/best.pth,outputs/deploy/afternoon/sunny/road_shaded/7x/frame_3125.png,394.4046630859375,3851.010498046875,0.11660638503086419,6.3466267585754395,6.961292266845703,15.182394981384277,139.6673583984375,42.51955795288086,18.736318588256836,5.2522195328039905,43.556884765625,28.570037841796875,116.35995483398438,3075.318115234375,0.03147617669753086,4.737928867340088,8.1650972366333,13.684406280517578,139.91140747070312,42.4907341003418,19.24109649658203,2.845777988433838,9.0,0.24404080212116241,0.2528654634952545,0.4891893267631531,3.789396047592163,3.0326783657073975,0.8003065205164831,121.83815002441406,95.9080810546875,0.7871761105652814,5.112690149571258,25.07635498046875,15.600757598876953,5.112690149571258,-0.13952938323273223,25.07635498046875,-18.48052978515625,15.600757598876953,-12.969280242919922,0.2950268232721947,0.2699352757501189,0.7465270997602451,1.1729283764626457,oversharpening_or_ringing_risk,1,afternoon/sunny/road_shaded/7x/frame_3125.compare.jpg
morning/cloudy/building/1x/frame_4375.png,morning,cloudy,building,1x,deploy,checkpoints/csuav_deploy/train_svfocusdenoise_adv_x1_dim32_block3_epoch300_lr1e-4_charbonnier_edge_ssim_hotpixel_260309/train_config.yaml,checkpoints/csuav_deploy/train_svfocusdenoise_adv_x1_dim32_block3_epoch300_lr1e-4_charbonnier_edge_ssim_hotpixel_260309/best.pth,outputs/deploy/morning/cloudy/building/1x/frame_4375.png,429.4247741699219,9082.880859375,0.08881510416666667,8.146134376525879,8.825342178344727,22.86809730529785,135.17343139648438,55.8189697265625,16.45009422302246,4.910790523576543,33.203369140625,41.79864501953125,424.6774597167969,10288.638671875,0.0871875,8.369747161865234,9.053055763244629,23.44451904296875,135.5048370361328,56.199005126953125,16.418983459472656,1.8905055522918701,6.0,0.3313773274421692,0.33145761489868164,0.5055482983589172,2.652893304824829,2.43646502494812,0.9184180232642263,211.9490509033203,227.63694763183594,1.0740173011469232,5.721306379964643,46.32879638671875,51.75709533691406,5.721306379964643,0.8105158563880996,46.32879638671875,13.12542724609375,51.75709533691406,9.958450317382812,0.9889449451017316,0.9816742413135904,1.027450171456013,1.025802238632589,balanced,0,morning/cloudy/building/1x/frame_4375.compare.jpg
morning/cloudy/building/3x/frame_4725.png,morning,cloudy,building,3x,deploy,checkpoints/csuav_deploy/train_svfocusdenoise_adv_x1_dim32_block3_epoch300_lr1e-4_charbonnier_edge_ssim_hotpixel_260309/train_config.yaml,checkpoints/csuav_deploy/train_svfocusdenoise_adv_x1_dim32_block3_epoch300_lr1e-4_charbonnier_edge_ssim_hotpixel_260309/best.pth,outputs/deploy/morning/cloudy/building/3x/frame_4725.png,160.50692749023438,3234.4853515625,0.039260223765432097,4.5686774253845215,8.370246887207031,16.759490966796875,130.25416564941406,56.21145248413086,19.45458221435547,4.559868324664759,21.87969970703125,36.07522964477539,120.84532165527344,3992.05078125,0.040285011574074076,4.7072906494140625,9.46717643737793,17.212160110473633,130.4379119873047,56.577274322509766,19.65848731994629,1.700252652168274,6.0,0.18373070657253265,0.20128881931304932,0.361863911151886,1.4262328147888184,1.2891829013824463,0.9039077547611573,116.1466064453125,128.66302490234375,1.1077639617729562,5.4643661310932945,26.71966552734375,44.10145950317383,5.4643661310932945,0.9044978064285356,26.71966552734375,4.8399658203125,44.10145950317383,8.026229858398438,0.7528978564655782,1.0261024444171478,1.0303399017097108,1.1310510388704818,oversharpening_or_ringing_risk,1,morning/cloudy/building/3x/frame_4725.compare.jpg
morning/cloudy/building/5x/frame_4875.png,morning,cloudy,building,5x,deploy,checkpoints/csuav_deploy/train_svfocusdenoise_adv_x1_dim32_block3_epoch300_lr1e-4_charbonnier_edge_ssim_hotpixel_260309/train_config.yaml,checkpoints/csuav_deploy/train_svfocusdenoise_adv_x1_dim32_block3_epoch300_lr1e-4_charbonnier_edge_ssim_hotpixel_260309/best.pth,outputs/deploy/morning/cloudy/building/5x/frame_4875.png,144.12213134765625,3158.57373046875,0.033736496913580244,4.299285411834717,9.052353858947754,15.53426742553711,129.87380981445312,58.37938690185547,23.23334503173828,4.6428541241057735,20.7142333984375,33.3115348815918,121.47450256347656,3897.585693359375,0.03384259259259259,4.449544906616211,10.246822357177734,16.020931243896484,130.0586395263672,58.66756057739258,23.236696243286133,1.5002226829528809,6.0,0.18482108414173126,0.19197522103786469,0.33889201283454895,1.0014256238937378,0.9438055753707886,0.942461979054509,110.3047866821289,119.85320281982422,1.086563932762152,5.549147581109991,25.9962158203125,43.53202438354492,5.549147581109991,0.9062934570042174,25.9962158203125,5.281982421875,43.53202438354492,10.220489501953125,0.8428580775734692,1.0031448338955915,1.0349498766394696,1.1319511495951204,oversharpening_or_ringing_risk,1,morning/cloudy/building/5x/frame_4875.compare.jpg
morning/cloudy/building/7x/frame_5025.png,morning,cloudy,building,7x,deploy,checkpoints/csuav_deploy/train_svfocusdenoise_adv_x1_dim32_block3_epoch300_lr1e-4_charbonnier_edge_ssim_hotpixel_260309/train_config.yaml,checkpoints/csuav_deploy/train_svfocusdenoise_adv_x1_dim32_block3_epoch300_lr1e-4_charbonnier_edge_ssim_hotpixel_260309/best.pth,outputs/deploy/morning/cloudy/building/7x/frame_5025.png,46.18437957763672,562.4650268554688,0.0071730324074074075,1.924492359161377,6.077412128448486,9.85384750366211,127.33038330078125,65.20906066894531,24.34100341796875,6.562556911458827,36.047271728515625,20.830854415893555,13.567264556884766,683.6507568359375,0.012013888888888888,1.849021077156067,7.358559608459473,10.0250883102417,127.455322265625,65.34738159179688,24.069047927856445,1.1656275987625122,5.0,0.12496142089366913,0.1496398150920868,0.3097882866859436,0.6931638121604919,0.6068984866142273,0.8755484287655063,50.50370788574219,52.152870178222656,1.0326542814680355,6.72364434682661,47.1126708984375,29.849136352539062,6.72364434682661,0.16108743536778292,47.1126708984375,11.065399169921875,29.849136352539062,9.018281936645508,0.293763057574,1.6748688987494957,0.9607837975318345,1.210804772316478,oversharpening_or_ringing_risk,1,morning/cloudy/building/7x/frame_5025.compare.jpg
morning/cloudy/mixed/1x/frame_0175.png,morning,cloudy,mixed,1x,deploy,checkpoints/csuav_deploy/train_svfocusdenoise_adv_x1_dim32_block3_epoch300_lr1e-4_charbonnier_edge_ssim_hotpixel_260309/train_config.yaml,checkpoints/csuav_deploy/train_svfocusdenoise_adv_x1_dim32_block3_epoch300_lr1e-4_charbonnier_edge_ssim_hotpixel_260309/best.pth,outputs/deploy/morning/cloudy/mixed/1x/frame_0175.png,509.7300720214844,8415.462890625,0.09338396990740741,7.02699089050293,9.288106918334961,16.089860916137695,135.3048095703125,69.16674041748047,33.15913009643555,3.679076503707657,19.71685791015625,28.207408905029297,435.75494384765625,8908.912109375,0.08806182484567901,7.013047218322754,9.561328887939453,16.27911949157715,135.53842163085938,69.2576675415039,32.793800354003906,1.516420602798462,5.0,0.23364342749118805,0.23546379804611206,0.516733705997467,0.8546543121337891,0.7857018113136292,0.9193211806911635,197.9235382080078,203.95083618164062,1.0304526587802731,3.693021477515419,30.19293212890625,32.90435028076172,3.693021477515419,0.01394497380776194,30.19293212890625,10.47607421875,32.90435028076172,4.696941375732422,0.8548739181103088,0.9430079373686358,0.9980156979854605,1.029416324769598,balanced,0,morning/cloudy/mixed/1x/frame_0175.compare.jpg
morning/cloudy/mixed/3x/frame_0525.png,morning,cloudy,mixed,3x,deploy,checkpoints/csuav_deploy/train_svfocusdenoise_adv_x1_dim32_block3_epoch300_lr1e-4_charbonnier_edge_ssim_hotpixel_260309/train_config.yaml,checkpoints/csuav_deploy/train_svfocusdenoise_adv_x1_dim32_block3_epoch300_lr1e-4_charbonnier_edge_ssim_hotpixel_260309/best.pth,outputs/deploy/morning/cloudy/mixed/3x/frame_0525.png,401.32904052734375,6761.95751953125,0.09662278163580247,7.000420093536377,8.5301513671875,14.868212699890137,141.7381591796875,48.10800552368164,25.76388168334961,4.044176560643476,30.3079833984375,25.744842529296875,307.03533935546875,7211.76904296875,0.0864308449074074,6.746278762817383,9.183916091918945,14.799820899963379,141.98272705078125,48.22904586791992,25.80579376220703,1.8018016815185547,6.0,0.24454620480537415,0.2518673837184906,0.42932990193367004,1.3825653791427612,1.2035998106002808,0.8705554390104536,177.81893920898438,185.50582885742188,1.04322874538917,4.266167289196681,34.63177490234375,26.183048248291016,4.266167289196681,0.22199072855320523,34.63177490234375,4.32379150390625,26.183048248291016,0.4382057189941406,0.7650464041974793,0.8945182848615222,0.9636962743202158,1.0766416323215844,balanced,0,morning/cloudy/mixed/3x/frame_0525.compare.jpg
morning/cloudy/mixed/5x/frame_0775.png,morning,cloudy,mixed,5x,deploy,checkpoints/csuav_deploy/train_svfocusdenoise_adv_x1_dim32_block3_epoch300_lr1e-4_charbonnier_edge_ssim_hotpixel_260309/train_config.yaml,checkpoints/csuav_deploy/train_svfocusdenoise_adv_x1_dim32_block3_epoch300_lr1e-4_charbonnier_edge_ssim_hotpixel_260309/best.pth,outputs/deploy/morning/cloudy/mixed/5x/frame_0775.png,621.0928344726562,9265.94140625,0.1535763888888889,9.55756664276123,9.211825370788574,20.217010498046875,141.9000701904297,42.28519058227539,30.037315368652344,3.9497214774546334,49.51708984375,42.81950378417969,311.18414306640625,9407.4140625,0.08212191358024691,8.281139373779297,11.343196868896484,19.091259002685547,142.2539825439453,42.48453140258789,30.020475387573242,3.341911554336548,10.0,0.35386428236961365,0.35402628779411316,0.5257877707481384,5.470734596252441,4.457757472991943,0.8148370926357117,200.89053344726562,205.94802856445312,1.0251753780051318,4.356989993307601,37.12823486328125,27.810985565185547,4.356989993307601,0.40726851585296764,37.12823486328125,-12.38885498046875,27.810985565185547,-15.00851821899414,0.5010267802085007,0.5347300726002964,0.8664485096791157,1.2313734154000202,oversharpening_or_ringing_risk,1,morning/cloudy/mixed/5x/frame_0775.compare.jpg
morning/cloudy/mixed/7x/frame_0975.png,morning,cloudy,mixed,7x,deploy,checkpoints/csuav_deploy/train_svfocusdenoise_adv_x1_dim32_block3_epoch300_lr1e-4_charbonnier_edge_ssim_hotpixel_260309/train_config.yaml,checkpoints/csuav_deploy/train_svfocusdenoise_adv_x1_dim32_block3_epoch300_lr1e-4_charbonnier_edge_ssim_hotpixel_260309/best.pth,outputs/deploy/morning/cloudy/mixed/7x/frame_0975.png,552.4358520507812,6678.1328125,0.15507474922839506,8.571575164794922,8.535738945007324,19.15116310119629,141.4207305908203,33.16864776611328,32.96242904663086,4.0820594432920485,41.7818603515625,42.01054763793945,195.9465789794922,6709.59423828125,0.06217110339506173,7.213161468505859,10.846043586730957,18.215211868286133,141.76490783691406,33.58185577392578,32.78999328613281,3.61643648147583,11.0,0.3441724479198456,0.3442698121070862,0.5529226660728455,5.903253078460693,4.882403373718262,0.8270699746098936,163.5115203857422,162.97911071777344,0.9967439011837653,4.452742511080692,32.66046142578125,27.086124420166016,4.452742511080692,0.3706830677886437,32.66046142578125,-9.12139892578125,27.086124420166016,-14.924423217773438,0.35469562348658046,0.400910552520035,0.8415211124941978,1.2706625233747293,oversharpening_or_ringing_risk,1,morning/cloudy/mixed/7x/frame_0975.compare.jpg
morning/cloudy/road_shaded/1x/frame_2275.png,morning,cloudy,road_shaded,1x,deploy,checkpoints/csuav_deploy/train_svfocusdenoise_adv_x1_dim32_block3_epoch300_lr1e-4_charbonnier_edge_ssim_hotpixel_260309/train_config.yaml,checkpoints/csuav_deploy/train_svfocusdenoise_adv_x1_dim32_block3_epoch300_lr1e-4_charbonnier_edge_ssim_hotpixel_260309/best.pth,outputs/deploy/morning/cloudy/road_shaded/1x/frame_2275.png,1230.52001953125,21240.716796875,0.18783757716049382,14.338730812072754,10.445223808288574,32.40422821044922,129.77020263671875,62.35566329956055,49.259613037109375,3.097135926940765,25.53778076171875,24.016117095947266,1139.065185546875,22228.88671875,0.17954571759259258,14.586616516113281,10.617549896240234,32.95979690551758,130.12017822265625,62.7852783203125,49.4393424987793,2.2884676456451416,7.0,0.34995901584625244,0.3545418679714203,0.7857750058174133,5.843008518218994,5.646714210510254,0.9664052675780502,313.0633239746094,320.7986145019531,1.024708389437439,3.5106642333603584,27.617431640625,30.307600021362305,3.5106642333603584,0.4135283064195936,27.617431640625,2.07965087890625,30.307600021362305,6.291482925415039,0.9256778983415374,0.9558562259306803,1.0172878413919184,1.0164980752078203,balanced,0,morning/cloudy/road_shaded/1x/frame_2275.compare.jpg
morning/cloudy/road_shaded/3x/frame_3575.png,morning,cloudy,road_shaded,3x,deploy,checkpoints/csuav_deploy/train_svfocusdenoise_adv_x1_dim32_block3_epoch300_lr1e-4_charbonnier_edge_ssim_hotpixel_260309/train_config.yaml,checkpoints/csuav_deploy/train_svfocusdenoise_adv_x1_dim32_block3_epoch300_lr1e-4_charbonnier_edge_ssim_hotpixel_260309/best.pth,outputs/deploy/morning/cloudy/road_shaded/3x/frame_3575.png,888.55712890625,14787.0986328125,0.11082947530864197,10.842535972595215,9.535699844360352,27.17637062072754,132.18212890625,54.937599182128906,28.04407501220703,3.3064406167417433,31.6761474609375,24.098209381103516,779.0988159179688,15388.068359375,0.10019965277777777,10.559123992919922,9.922791481018066,27.28318214416504,132.40731811523438,55.25722885131836,28.439464569091797,2.1425576210021973,6.0,0.22522906959056854,0.23885595798492432,0.5785684585571289,4.700106620788574,4.250296115875244,0.9042978082829403,264.59564208984375,272.034423828125,1.0281137726968133,3.692344719895478,30.239990234375,24.47686004638672,3.692344719895478,0.3859041031537349,30.239990234375,-1.4361572265625,24.47686004638672,0.3786506652832031,0.8768134209636959,0.9040884881818498,0.9738610985113054,1.040593940977143,balanced,0,morning/cloudy/road_shaded/3x/frame_3575.compare.jpg
morning/cloudy/road_shaded/5x/frame_2775.png,morning,cloudy,road_shaded,5x,deploy,checkpoints/csuav_deploy/train_svfocusdenoise_adv_x1_dim32_block3_epoch300_lr1e-4_charbonnier_edge_ssim_hotpixel_260309/train_config.yaml,checkpoints/csuav_deploy/train_svfocusdenoise_adv_x1_dim32_block3_epoch300_lr1e-4_charbonnier_edge_ssim_hotpixel_260309/best.pth,outputs/deploy/morning/cloudy/road_shaded/5x/frame_2775.png,1256.0184326171875,19273.841796875,0.17314236111111111,12.654838562011719,10.157112121582031,31.34980010986328,122.33653259277344,73.48526763916016,63.53373336791992,3.149039366084887,22.14691162109375,24.452980041503906,1136.1922607421875,19958.765625,0.16425974151234568,12.812262535095215,10.398176193237305,31.80048370361328,122.63072967529297,73.84459686279297,63.419551849365234,2.17970871925354,7.0,0.29423272609710693,0.2957742214202881,0.7729291915893555,3.5261049270629883,3.352745771408081,0.9508355085169562,298.96221923828125,304.50018310546875,1.0185239589179447,3.307767145108587,26.52880859375,30.4251766204834,3.307767145108587,0.15872777902370006,26.52880859375,4.38189697265625,30.4251766204834,5.972196578979492,0.9045983969954039,0.9486975946165759,1.0124398246814514,1.023733524723337,balanced,0,morning/cloudy/road_shaded/5x/frame_2775.compare.jpg
morning/cloudy/road_shaded/7x/frame_3875.png,morning,cloudy,road_shaded,7x,deploy,checkpoints/csuav_deploy/train_svfocusdenoise_adv_x1_dim32_block3_epoch300_lr1e-4_charbonnier_edge_ssim_hotpixel_260309/train_config.yaml,checkpoints/csuav_deploy/train_svfocusdenoise_adv_x1_dim32_block3_epoch300_lr1e-4_charbonnier_edge_ssim_hotpixel_260309/best.pth,outputs/deploy/morning/cloudy/road_shaded/7x/frame_3875.png,129.10211181640625,1650.814453125,0.016217689043209877,3.6837339401245117,9.880250930786133,13.585613250732422,135.8153533935547,37.412147521972656,12.174386978149414,6.688824547465132,31.7032470703125,19.217151641845703,39.692291259765625,1900.9739990234375,0.017565586419753088,3.1553537845611572,11.01948070526123,13.469612121582031,135.88711547851562,38.08721923828125,12.416034698486328,1.929343819618225,7.0,0.07174575328826904,0.1446075141429901,0.35186800360679626,2.3004214763641357,1.6467976570129395,0.7158677981113868,78.9154281616211,77.1797103881836,0.978005343012488,6.723395767281717,37.51336669921875,14.423690795898438,6.723395767281717,0.034571219816585064,37.51336669921875,5.81011962890625,14.423690795898438,-4.793460845947266,0.3074488147506937,1.0831127895566326,0.8565639744477597,1.1153037288683976,balanced,0,morning/cloudy/road_shaded/7x/frame_3875.compare.jpg
morning/sunny/building/1x/frame_4375.png,morning,sunny,building,1x,deploy,checkpoints/csuav_deploy/train_svfocusdenoise_adv_x1_dim32_block3_epoch300_lr1e-4_charbonnier_edge_ssim_hotpixel_260309/train_config.yaml,checkpoints/csuav_deploy/train_svfocusdenoise_adv_x1_dim32_block3_epoch300_lr1e-4_charbonnier_edge_ssim_hotpixel_260309/best.pth,outputs/deploy/morning/sunny/building/1x/frame_4375.png,619.9995727539062,12590.490234375,0.09866174768518518,9.638251304626465,9.584864616394043,26.46870994567871,131.06985473632812,58.41965103149414,20.75249671936035,4.6446839801467705,36.66375732421875,42.352378845214844,599.771728515625,13914.43359375,0.09725983796296296,9.7239408493042,9.794816017150879,26.944543838500977,131.41502380371094,58.84625244140625,20.272279739379883,2.078939914703369,6.0,0.345146119594574,0.3451269268989563,0.5706965923309326,3.775876522064209,3.4730098247528076,0.9197890355943554,250.17066955566406,265.78179931640625,1.0624019186120803,5.478955465666705,45.17059326171875,45.112586975097656,5.478955465666705,0.8342714855199347,45.17059326171875,8.5068359375,45.112586975097656,2.7602081298828125,0.9673744222944647,0.985790747122223,1.008890569665537,1.0219044722236068,balanced,0,morning/sunny/building/1x/frame_4375.compare.jpg
morning/sunny/building/3x/frame_4475.png,morning,sunny,building,3x,deploy,checkpoints/csuav_deploy/train_svfocusdenoise_adv_x1_dim32_block3_epoch300_lr1e-4_charbonnier_edge_ssim_hotpixel_260309/train_config.yaml,checkpoints/csuav_deploy/train_svfocusdenoise_adv_x1_dim32_block3_epoch300_lr1e-4_charbonnier_edge_ssim_hotpixel_260309/best.pth,outputs/deploy/morning/sunny/building/3x/frame_4475.png,380.989501953125,8327.80859375,0.05014998070987654,6.866317272186279,11.051240921020508,23.028785705566406,129.25306701660156,63.98367691040039,23.99672508239746,4.567134206396833,23.15576171875,46.53546905517578,358.1405029296875,9373.9169921875,0.05020929783950617,6.84552001953125,11.685236930847168,23.157249450683594,129.55099487304688,64.41064453125,24.049625396728516,1.812354326248169,6.0,0.2979012429714203,0.29882463812828064,0.4021327495574951,2.109374523162842,1.9328579902648926,0.9163180691908251,185.51609802246094,198.27383422851562,1.0687688903661077,5.64010703589884,21.19384765625,46.755470275878906,5.64010703589884,1.0729728295020067,21.19384765625,-1.9619140625,46.755470275878906,0.220001220703125,0.9400272214685623,1.001182794664923,0.996971119767612,1.0573687619659744,balanced,0,morning/sunny/building/3x/frame_4475.compare.jpg
morning/sunny/building/5x/frame_4675.png,morning,sunny,building,5x,deploy,checkpoints/csuav_deploy/train_svfocusdenoise_adv_x1_dim32_block3_epoch300_lr1e-4_charbonnier_edge_ssim_hotpixel_260309/train_config.yaml,checkpoints/csuav_deploy/train_svfocusdenoise_adv_x1_dim32_block3_epoch300_lr1e-4_charbonnier_edge_ssim_hotpixel_260309/best.pth,outputs/deploy/morning/sunny/building/5x/frame_4675.png,224.94544982910156,5180.52001953125,0.038140432098765435,5.205682277679443,11.147021293640137,18.6975040435791,127.7144546508789,66.48572540283203,35.36497497558594,4.484361252671954,24.16357421875,42.3167610168457,216.11614990234375,6077.921875,0.038328510802469136,5.4020676612854,12.166839599609375,19.10577964782715,127.9156494140625,66.84849548339844,35.247032165527344,1.5920050144195557,6.0,0.20118296146392822,0.2113509625196457,0.44251108169555664,1.168179988861084,1.113792896270752,0.9534428828528756,138.7718048095703,150.0084228515625,1.0809719096570924,5.358224979435644,21.25482177734375,50.28616714477539,5.358224979435644,0.8738637267636893,21.25482177734375,-2.90875244140625,50.28616714477539,7.9694061279296875,0.9607491508120493,1.0049312158608132,1.0377251958783587,1.0914879660767391,oversharpening_or_ringing_risk,1,morning/sunny/building/5x/frame_4675.compare.jpg
morning/sunny/building/7x/frame_4825.png,morning,sunny,building,7x,deploy,checkpoints/csuav_deploy/train_svfocusdenoise_adv_x1_dim32_block3_epoch300_lr1e-4_charbonnier_edge_ssim_hotpixel_260309/train_config.yaml,checkpoints/csuav_deploy/train_svfocusdenoise_adv_x1_dim32_block3_epoch300_lr1e-4_charbonnier_edge_ssim_hotpixel_260309/best.pth,outputs/deploy/morning/sunny/building/7x/frame_4825.png,176.9461212158203,3272.736572265625,0.029928144290123457,4.467324256896973,9.9493989944458,16.67691421508789,134.59716796875,59.410865783691406,36.12824249267578,4.53188118262842,26.581787109375,43.34239196777344,102.2823486328125,3830.11083984375,0.029739583333333333,4.248718738555908,11.389078140258789,16.630447387695312,134.7772674560547,59.7220458984375,35.71539306640625,1.9055691957473755,7.0,0.18009547889232635,0.19340279698371887,0.45265433192253113,1.2704070806503296,1.1307002305984497,0.8900298556425212,109.38656616210938,110.13854217529297,1.0068744823022342,5.334732916070068,24.902587890625,39.7103157043457,5.334732916070068,0.8028517334416474,24.902587890625,-1.67919921875,39.7103157043457,-3.6320762634277344,0.5780423324909124,0.9936995439823394,0.9510656702379359,1.1447001116968654,balanced,0,morning/sunny/building/7x/frame_4825.compare.jpg
morning/sunny/dark/1x/frame_3425.png,morning,sunny,dark,1x,deploy,checkpoints/csuav_deploy/train_svfocusdenoise_adv_x1_dim32_block3_epoch300_lr1e-4_charbonnier_edge_ssim_hotpixel_260309/train_config.yaml,checkpoints/csuav_deploy/train_svfocusdenoise_adv_x1_dim32_block3_epoch300_lr1e-4_charbonnier_edge_ssim_hotpixel_260309/best.pth,outputs/deploy/morning/sunny/dark/1x/frame_3425.png,419.236083984375,3778.8115234375,0.14809461805555554,6.754533290863037,5.197938919067383,11.344756126403809,16.76122283935547,11.66038990020752,137.7530517578125,4.507832973059621,39.13232421875,11.756168365478516,198.6116180419922,3065.334228515625,0.10154899691358024,5.8354291915893555,4.7400360107421875,10.598335266113281,16.51524543762207,10.931477546691895,124.89698028564453,2.779458999633789,8.0,-0.245982825756073,0.24614804983139038,1.2892385721206665,5.401699542999268,4.698184013366699,0.8697603367176648,119.39854431152344,107.57999420166016,0.9010159614758164,7.188860656941728,45.79913330078125,28.322898864746094,7.188860656941728,2.6810276838821068,45.79913330078125,6.66680908203125,28.322898864746094,16.566730499267578,0.4737464775322023,0.6857034931241431,0.8639278156320632,0.9119068316394621,balanced,0,morning/sunny/dark/1x/frame_3425.compare.jpg
morning/sunny/dark/7x/frame_4275.png,morning,sunny,dark,7x,deploy,checkpoints/csuav_deploy/train_svfocusdenoise_adv_x1_dim32_block3_epoch300_lr1e-4_charbonnier_edge_ssim_hotpixel_260309/train_config.yaml,checkpoints/csuav_deploy/train_svfocusdenoise_adv_x1_dim32_block3_epoch300_lr1e-4_charbonnier_edge_ssim_hotpixel_260309/best.pth,outputs/deploy/morning/sunny/dark/7x/frame_4275.png,231.72430419921875,2933.434814453125,0.11605131172839506,6.014922142028809,4.854320049285889,10.165678977966309,13.955269813537598,10.450343132019043,152.092529296875,4.495338889586303,38.8441162109375,12.247478485107422,124.7170181274414,2541.234375,0.08090760030864197,5.269100666046143,4.466038703918457,9.80004596710205,13.683587074279785,10.116106986999512,134.0691375732422,2.4519124031066895,7.0,-0.27167871594429016,0.27177223563194275,1.1728527545928955,4.838408470153809,4.174345970153809,0.8627518730391752,106.185302734375,100.2125473022461,0.9437515806959661,7.780339179785049,46.60308837890625,31.987592697143555,7.780339179785049,3.285000290198746,46.60308837890625,7.75897216796875,31.987592697143555,19.740114212036133,0.5382129360941755,0.6971709246854274,0.87600479966793,0.9200132373998391,balanced,0,morning/sunny/dark/7x/frame_4275.compare.jpg
morning/sunny/flat/1x/frame_0225.png,morning,sunny,flat,1x,deploy,checkpoints/csuav_deploy/train_svfocusdenoise_adv_x1_dim32_block3_epoch300_lr1e-4_charbonnier_edge_ssim_hotpixel_260309/train_config.yaml,checkpoints/csuav_deploy/train_svfocusdenoise_adv_x1_dim32_block3_epoch300_lr1e-4_charbonnier_edge_ssim_hotpixel_260309/best.pth,outputs/deploy/morning/sunny/flat/1x/frame_0225.png,1071.5596923828125,5391.62548828125,0.26914689429012345,8.558423042297363,5.5251383781433105,11.282639503479004,151.2290496826172,14.812651634216309,0.0,8.814976639845327,66.81524658203125,41.922950744628906,128.46902465820312,1355.2196044921875,0.04328800154320988,3.902313232421875,3.6698262691497803,5.7430195808410645,151.58160400390625,11.109776496887207,2.7707667350769043,5.39019775390625,16.0,0.3524956703186035,0.352343887090683,0.6695223450660706,7.02898645401001,3.510176420211792,0.4993858564358521,133.3445587158203,58.82550811767578,0.4411541699503677,8.538385706130633,31.22796630859375,5.917209625244141,8.538385706130633,-0.2765909337146937,31.22796630859375,-35.5872802734375,5.917209625244141,-36.005741119384766,0.11988975095967666,0.16083411126619998,0.4559617131726133,0.6642053136021189,oversmoothing_risk;large_raw_deviation,2,morning/sunny/flat/1x/frame_0225.compare.jpg
morning/sunny/flat/3x/frame_1375.png,morning,sunny,flat,3x,deploy,checkpoints/csuav_deploy/train_svfocusdenoise_adv_x1_dim32_block3_epoch300_lr1e-4_charbonnier_edge_ssim_hotpixel_260309/train_config.yaml,checkpoints/csuav_deploy/train_svfocusdenoise_adv_x1_dim32_block3_epoch300_lr1e-4_charbonnier_edge_ssim_hotpixel_260309/best.pth,outputs/deploy/morning/sunny/flat/3x/frame_1375.png,636.5153198242188,1799.968017578125,0.038381076388888886,5.256881237030029,5.155566692352295,7.0334858894348145,147.4545135498047,8.378357887268066,0.0,16.681528392129863,114.90582275390625,48.978580474853516,40.98491668701172,187.4410400390625,1.9772376543209878e-05,1.6836669445037842,2.489697217941284,2.5166666507720947,147.61111450195312,5.163233280181885,1.5687248706817627,3.8984227180480957,11.0,0.1565817892551422,0.1562473028898239,0.496786504983902,4.5040602684021,1.715617299079895,0.38090460536589194,75.52730560302734,18.015588760375977,0.23853080176150043,12.519693182296587,55.995361328125,4.110562801361084,12.519693182296587,-4.161835209833276,55.995361328125,-58.91046142578125,4.110562801361084,-44.86801767349243,0.06438952121110013,0.0005151595109754106,0.320278672579448,0.48291436548274524,oversmoothing_risk,1,morning/sunny/flat/3x/frame_1375.compare.jpg
morning/sunny/flat/5x/frame_1675.png,morning,sunny,flat,5x,deploy,checkpoints/csuav_deploy/train_svfocusdenoise_adv_x1_dim32_block3_epoch300_lr1e-4_charbonnier_edge_ssim_hotpixel_260309/train_config.yaml,checkpoints/csuav_deploy/train_svfocusdenoise_adv_x1_dim32_block3_epoch300_lr1e-4_charbonnier_edge_ssim_hotpixel_260309/best.pth,outputs/deploy/morning/sunny/flat/5x/frame_1675.png,647.0767822265625,1803.10693359375,0.039621913580246915,5.233380317687988,5.107624530792236,6.925045967102051,147.95556640625,7.866817474365234,0.37177759408950806,16.94110497849671,118.68914794921875,48.89833450317383,39.708919525146484,171.9614715576172,1.736111111111111e-05,1.6137959957122803,2.6077075004577637,2.1273765563964844,148.07937622070312,4.28202486038208,1.741902470588684,3.9164061546325684,11.0,0.12381076067686081,0.1542252153158188,0.4692286252975464,4.467647552490234,1.6450990438461304,0.36822489341827425,75.79236602783203,17.24605369567871,0.2275434136644542,12.624766455303376,58.38287353515625,4.050624847412109,12.624766455303376,-4.316338523193334,58.38287353515625,-60.3062744140625,4.050624847412109,-44.84770965576172,0.06136662698437403,0.00043816942551119765,0.3083658931222537,0.5105519179682705,oversmoothing_risk,1,morning/sunny/flat/5x/frame_1675.compare.jpg
morning/sunny/flat/7x/frame_2225.png,morning,sunny,flat,7x,deploy,checkpoints/csuav_deploy/train_svfocusdenoise_adv_x1_dim32_block3_epoch300_lr1e-4_charbonnier_edge_ssim_hotpixel_260309/train_config.yaml,checkpoints/csuav_deploy/train_svfocusdenoise_adv_x1_dim32_block3_epoch300_lr1e-4_charbonnier_edge_ssim_hotpixel_260309/best.pth,outputs/deploy/morning/sunny/flat/7x/frame_2225.png,707.0181884765625,2053.8740234375,0.0630979938271605,5.532901763916016,5.349430561065674,7.311549663543701,148.60020446777344,12.57800579071045,0.9284548759460449,13.965969942777129,109.635009765625,49.9803581237793,38.816375732421875,185.6246337890625,6.751543209876544e-06,1.6491438150405884,2.605376958847046,2.200488567352295,148.69427490234375,10.438756942749023,2.1122071743011475,4.183385848999023,12.0,0.0940755233168602,0.14730653166770935,0.44007620215415955,4.567820072174072,1.660183310508728,0.36345199335282863,81.09825134277344,17.865814208984375,0.22029839007837468,11.463328069129313,46.20306396484375,4.43071985244751,11.463328069129313,-2.502641873647816,46.20306396484375,-63.43194580078125,4.43071985244751,-45.54963827133179,0.05490152356060445,0.00010700091715071843,0.2980612859956826,0.48703818642110236,oversmoothing_risk,1,morning/sunny/flat/7x/frame_2225.compare.jpg
morning/sunny/mixed/1x/frame_0425.png,morning,sunny,mixed,1x,deploy,checkpoints/csuav_deploy/train_svfocusdenoise_adv_x1_dim32_block3_epoch300_lr1e-4_charbonnier_edge_ssim_hotpixel_260309/train_config.yaml,checkpoints/csuav_deploy/train_svfocusdenoise_adv_x1_dim32_block3_epoch300_lr1e-4_charbonnier_edge_ssim_hotpixel_260309/best.pth,outputs/deploy/morning/sunny/mixed/1x/frame_0425.png,382.65948486328125,6320.564453125,0.053742766203703704,5.202060699462891,8.253949165344238,12.191391944885254,136.79200744628906,72.99557495117188,36.07520294189453,3.397766022854997,19.0985107421875,30.99103546142578,324.85546875,6565.205078125,0.05263454861111111,4.997308254241943,8.521455764770508,12.066874504089355,136.97549438476562,73.00457763671875,35.943092346191406,1.2942118644714355,5.0,0.18355853855609894,0.1883397102355957,0.4046679735183716,0.8037018179893494,0.6934481263160706,0.8628176654507208,149.93075561523438,152.58551025390625,1.0177065381133992,3.6401105458781706,25.07861328125,34.19279479980469,3.6401105458781706,0.24234452302317377,25.07861328125,5.9801025390625,34.19279479980469,3.2017593383789062,0.8489413737283062,0.9793792230866557,0.960640127624407,1.0324095283442556,balanced,0,morning/sunny/mixed/1x/frame_0425.compare.jpg
morning/sunny/mixed/3x/frame_0575.png,morning,sunny,mixed,3x,deploy,checkpoints/csuav_deploy/train_svfocusdenoise_adv_x1_dim32_block3_epoch300_lr1e-4_charbonnier_edge_ssim_hotpixel_260309/train_config.yaml,checkpoints/csuav_deploy/train_svfocusdenoise_adv_x1_dim32_block3_epoch300_lr1e-4_charbonnier_edge_ssim_hotpixel_260309/best.pth,outputs/deploy/morning/sunny/mixed/3x/frame_0575.png,155.426513671875,1749.95068359375,0.03532407407407408,3.482700824737549,6.3062520027160645,7.5380635261535645,138.93020629882812,58.464603424072266,16.960832595825195,3.769373931931539,19.39959716796875,28.896709442138672,72.08434295654297,1797.5791015625,0.033254243827160496,3.1202404499053955,7.080196380615234,7.308047771453857,139.0800018310547,58.437110900878906,16.90666961669922,1.3501863479614258,5.0,0.14967255294322968,0.15338197350502014,0.288017213344574,0.45877450704574585,0.41382840275764465,0.9020300744748673,82.89749145507812,80.22512817382812,0.9677630380082352,3.8901811070241923,25.8363037109375,26.56041145324707,3.8901811070241923,0.12080717509265337,25.8363037109375,6.43670654296875,26.56041145324707,-2.3362979888916016,0.46378408196636334,0.9414045434687636,0.8959254920039054,1.1227265224361216,balanced,0,morning/sunny/mixed/3x/frame_0575.compare.jpg
morning/sunny/mixed/5x/frame_0825.png,morning,sunny,mixed,5x,deploy,checkpoints/csuav_deploy/train_svfocusdenoise_adv_x1_dim32_block3_epoch300_lr1e-4_charbonnier_edge_ssim_hotpixel_260309/train_config.yaml,checkpoints/csuav_deploy/train_svfocusdenoise_adv_x1_dim32_block3_epoch300_lr1e-4_charbonnier_edge_ssim_hotpixel_260309/best.pth,outputs/deploy/morning/sunny/mixed/5x/frame_0825.png,274.2837829589844,2113.57373046875,0.06064863040123457,4.329118251800537,6.259978294372559,8.59868049621582,142.2367401123047,55.83924865722656,24.010377883911133,4.329481578513563,23.60986328125,33.83014678955078,73.72742462158203,1791.71337890625,0.02802758487654321,3.303126811981201,7.876885890960693,7.657806873321533,142.40501403808594,55.75257873535156,23.845247268676758,2.043308734893799,7.0,0.1683502048254013,0.17038117349147797,0.33049502968788147,0.5116716623306274,0.43594276905059814,0.8519970933408944,92.14297485351562,76.7677993774414,0.8331378436552876,4.288997743356229,18.392822265625,16.353229522705078,4.288997743356229,-0.04048383515733356,18.392822265625,-5.217041015625,16.353229522705078,-17.476917266845703,0.2687997949649361,0.46213054921637076,0.7630022142747862,1.2582928439291334,oversharpening_or_ringing_risk,1,morning/sunny/mixed/5x/frame_0825.compare.jpg
morning/sunny/mixed/7x/frame_1025.png,morning,sunny,mixed,7x,deploy,checkpoints/csuav_deploy/train_svfocusdenoise_adv_x1_dim32_block3_epoch300_lr1e-4_charbonnier_edge_ssim_hotpixel_260309/train_config.yaml,checkpoints/csuav_deploy/train_svfocusdenoise_adv_x1_dim32_block3_epoch300_lr1e-4_charbonnier_edge_ssim_hotpixel_260309/best.pth,outputs/deploy/morning/sunny/mixed/7x/frame_1025.png,386.3016052246094,1563.7071533203125,0.04641493055555555,4.4842305183410645,5.340816974639893,7.621819972991943,147.83082580566406,39.4051399230957,23.09284019470215,7.543769195684499,42.07696533203125,32.08130645751953,43.6905403137207,589.3507080078125,0.003054591049382716,2.4151878356933594,7.569650173187256,5.550948619842529,148.0018310546875,39.06948471069336,22.815397262573242,2.7225162982940674,9.0,0.17093943059444427,0.17573586106300354,0.32603010535240173,2.5111353397369385,1.5049091577529907,0.5992943247378463,73.65242004394531,37.2766227722168,0.5061153829022237,6.403310899349854,22.75042724609375,6.391400337219238,6.403310899349854,-1.1404582963346446,22.75042724609375,-19.3265380859375,6.391400337219238,-25.689906120300293,0.11309955672671224,0.06581052719074039,0.5385958250395332,1.4173206475958005,oversmoothing_risk;oversharpening_or_ringing_risk,2,morning/sunny/mixed/7x/frame_1025.compare.jpg
morning/sunny/road_shaded/1x/frame_1925.png,morning,sunny,road_shaded,1x,deploy,checkpoints/csuav_deploy/train_svfocusdenoise_adv_x1_dim32_block3_epoch300_lr1e-4_charbonnier_edge_ssim_hotpixel_260309/train_config.yaml,checkpoints/csuav_deploy/train_svfocusdenoise_adv_x1_dim32_block3_epoch300_lr1e-4_charbonnier_edge_ssim_hotpixel_260309/best.pth,outputs/deploy/morning/sunny/road_shaded/1x/frame_1925.png,1821.242431640625,24149.66015625,0.18668595679012345,15.138494491577148,10.386373519897461,33.7614631652832,129.31283569335938,68.98524475097656,57.813899993896484,2.6909691503956474,26.27337646484375,27.72002601623535,1566.562744140625,24401.615234375,0.17501109182098765,14.988861083984375,10.50244140625,33.89900207519531,129.66064453125,69.24268341064453,57.83595657348633,2.4164962768554688,7.0,0.34780430793762207,0.35157424211502075,0.8740403056144714,5.2547125816345215,5.0161895751953125,0.954607792008861,335.4623107910156,338.1691589355469,1.0080690082237511,3.0768599935911856,27.6129150390625,33.79800033569336,3.0768599935911856,0.3858908431955381,27.6129150390625,1.33953857421875,33.79800033569336,6.077974319458008,0.8601615671393196,0.9374625431399698,0.9901157008924483,1.011175015623132,balanced,0,morning/sunny/road_shaded/1x/frame_1925.compare.jpg
morning/sunny/road_shaded/3x/frame_3075.png,morning,sunny,road_shaded,3x,deploy,checkpoints/csuav_deploy/train_svfocusdenoise_adv_x1_dim32_block3_epoch300_lr1e-4_charbonnier_edge_ssim_hotpixel_260309/train_config.yaml,checkpoints/csuav_deploy/train_svfocusdenoise_adv_x1_dim32_block3_epoch300_lr1e-4_charbonnier_edge_ssim_hotpixel_260309/best.pth,outputs/deploy/morning/sunny/road_shaded/3x/frame_3075.png,578.0084838867188,10357.3681640625,0.09059847608024692,8.68837833404541,8.715471267700195,21.394601821899414,138.71554565429688,60.5517578125,30.7866268157959,3.619938863074786,32.14764404296875,21.586536407470703,521.69482421875,10972.9658203125,0.08751012731481482,8.490738868713379,9.07597827911377,21.586421966552734,138.9464569091797,60.8131217956543,31.10650062561035,1.8002102375030518,6.0,0.2310180366039276,0.23725539445877075,0.5377271175384521,3.3438379764556885,2.9340386390686035,0.877446413291396,223.01316833496094,230.3223419189453,1.0327746277879257,3.9267207481419324,35.195556640625,28.080951690673828,3.9267207481419324,0.3067818850671462,35.195556640625,3.04791259765625,28.080951690673828,6.494415283203125,0.9025729531004507,0.9659116919064222,0.9772524333387301,1.041364029590646,balanced,0,morning/sunny/road_shaded/3x/frame_3075.compare.jpg
morning/sunny/road_shaded/5x/frame_2275.png,morning,sunny,road_shaded,5x,deploy,checkpoints/csuav_deploy/train_svfocusdenoise_adv_x1_dim32_block3_epoch300_lr1e-4_charbonnier_edge_ssim_hotpixel_260309/train_config.yaml,checkpoints/csuav_deploy/train_svfocusdenoise_adv_x1_dim32_block3_epoch300_lr1e-4_charbonnier_edge_ssim_hotpixel_260309/best.pth,outputs/deploy/morning/sunny/road_shaded/5x/frame_2275.png,1079.2471923828125,15508.1337890625,0.1417134452160494,10.533384323120117,9.029974937438965,25.932340621948242,115.697265625,76.4899673461914,67.64839172363281,3.401399015147781,25.11578369140625,25.758642196655273,952.0304565429688,15804.611328125,0.13391927083333333,10.500656127929688,9.393474578857422,26.155532836914062,115.96363067626953,76.75101470947266,67.36708068847656,2.017577648162842,6.0,0.26635658740997314,0.26707953214645386,0.7595712542533875,2.412236213684082,2.1887240409851074,0.9073423359490917,272.2841491699219,274.7420349121094,1.009026914529107,3.5227177266966585,29.8115234375,31.548622131347656,3.5227177266966585,0.12131871154887763,29.8115234375,4.69573974609375,31.548622131347656,5.789979934692383,0.8821245616965946,0.9450004594071265,0.9968929079024874,1.040254778549978,balanced,0,morning/sunny/road_shaded/5x/frame_2275.compare.jpg
morning/sunny/road_shaded/7x/frame_3425.png,morning,sunny,road_shaded,7x,deploy,checkpoints/csuav_deploy/train_svfocusdenoise_adv_x1_dim32_block3_epoch300_lr1e-4_charbonnier_edge_ssim_hotpixel_260309/train_config.yaml,checkpoints/csuav_deploy/train_svfocusdenoise_adv_x1_dim32_block3_epoch300_lr1e-4_charbonnier_edge_ssim_hotpixel_260309/best.pth,outputs/deploy/morning/sunny/road_shaded/7x/frame_3425.png,277.04693603515625,3453.299072265625,0.05381751543209876,5.905643463134766,8.677172660827637,15.695657730102539,142.20794677734375,30.945287704467773,8.592721939086914,5.50651340396341,30.1529541015625,25.58096694946289,97.86016845703125,3513.38720703125,0.02498022762345679,4.957751750946045,11.535578727722168,15.216484069824219,142.35256958007812,31.419921875,8.810619354248047,2.4380133152008057,8.0,0.14460118114948273,0.1782011091709137,0.42564982175827026,4.216710090637207,3.4073829650878906,0.8080666898712463,113.77440643310547,104.74713134765625,0.9206563640412673,5.716132789267313,31.743896484375,18.392311096191406,5.716132789267313,0.20961938530390256,31.743896484375,1.5909423828125,18.392311096191406,-7.188655853271484,0.3532259546252955,0.464165382271766,0.8394939149127754,1.3294167557364123,oversharpening_or_ringing_risk,1,morning/sunny/road_shaded/7x/frame_3425.compare.jpg
afternoon/sunny/building/1x/frame_3825.png,afternoon,sunny,building,1x,mtkd,checkpoints/train_svfocusdenoise_adv_x1_dim32_block2_mtkd_nafnet_restormer_toneguard_260605/train_config.yaml,checkpoints/train_svfocusdenoise_adv_x1_dim32_block2_mtkd_nafnet_restormer_toneguard_260605/best.pth,outputs/mtkd/afternoon/sunny/building/1x/frame_3825.png,570.9905395507812,11974.37109375,0.08371431327160493,8.853151321411133,10.747563362121582,26.75819206237793,135.84548950195312,67.64742279052734,21.031055450439453,4.203732868091533,32.169677734375,42.658390045166016,355.9631042480469,11748.529296875,0.06284770447530864,7.929551601409912,11.960402488708496,26.505027770996094,130.16781616210938,69.00399780273438,21.23876190185547,6.680248260498047,14.0,-5.677762508392334,5.6799163818359375,1.4336925745010376,2.360750913619995,1.9177166223526,0.8123333178814521,239.96920776367188,227.3836212158203,0.94755332709084,5.778938473227705,65.06695556640625,79.85565185546875,5.778938473227705,1.5752056051361718,65.06695556640625,32.89727783203125,79.85565185546875,37.197261810302734,0.6234133135167105,0.7507402500144018,0.8956755977086355,1.1128478228713135,tone_or_color_shift,1,afternoon/sunny/building/1x/frame_3825.compare.jpg
afternoon/sunny/building/3x/frame_3925.png,afternoon,sunny,building,3x,mtkd,checkpoints/train_svfocusdenoise_adv_x1_dim32_block2_mtkd_nafnet_restormer_toneguard_260605/train_config.yaml,checkpoints/train_svfocusdenoise_adv_x1_dim32_block2_mtkd_nafnet_restormer_toneguard_260605/best.pth,outputs/mtkd/afternoon/sunny/building/3x/frame_3925.png,306.1339416503906,6472.859375,0.046677276234567903,5.949525833129883,10.02618408203125,19.446704864501953,135.15357971191406,65.6064453125,18.911422729492188,4.4727434853393016,14.56884765625,37.73523712158203,172.35641479492188,6463.71240234375,0.03638840663580247,5.139871120452881,11.7381591796875,19.393539428710938,129.3742218017578,67.1806640625,20.195720672607422,6.329137802124023,13.0,-5.779338836669922,5.7819013595581055,1.1540964841842651,1.1664670705795288,0.9083384275436401,0.7787090184143439,163.5525360107422,151.9827117919922,0.9292592796115978,6.60864137534719,42.902252197265625,82.08297729492188,6.60864137534719,2.1358978900078887,42.902252197265625,28.333404541015625,82.08297729492188,44.347740173339844,0.5630098180741925,0.7795743361917553,0.8639127326469537,1.170750415477053,oversharpening_or_ringing_risk;tone_or_color_shift,2,afternoon/sunny/building/3x/frame_3925.compare.jpg
afternoon/sunny/building/5x/frame_4025.png,afternoon,sunny,building,5x,mtkd,checkpoints/train_svfocusdenoise_adv_x1_dim32_block2_mtkd_nafnet_restormer_toneguard_260605/train_config.yaml,checkpoints/train_svfocusdenoise_adv_x1_dim32_block2_mtkd_nafnet_restormer_toneguard_260605/best.pth,outputs/mtkd/afternoon/sunny/building/5x/frame_4025.png,106.16556549072266,1608.0489501953125,0.02855324074074074,3.135908603668213,8.097586631774902,15.770543098449707,131.60858154296875,68.28229522705078,28.180789947509766,6.328207898640507,33.22528076171875,29.057634353637695,10.410972595214844,1349.576416015625,0.014386091820987655,2.3243472576141357,10.332499504089355,15.41135025024414,125.6759262084961,69.87556457519531,27.535017013549805,6.381301403045654,12.0,-5.932623863220215,5.93520450592041,1.2987024784088135,0.6564655900001526,0.5063413977622986,0.7713144534539592,84.74070739746094,67.8523178100586,0.8007051143886442,7.84889499096397,69.9964599609375,75.83944702148438,7.84889499096397,1.5206870923234632,69.9964599609375,36.77117919921875,75.83944702148438,46.78181266784668,0.09806355334795078,0.5038339413592758,0.7412037630482096,1.2759974019351226,oversmoothing_risk;oversharpening_or_ringing_risk;tone_or_color_shift,3,afternoon/sunny/building/5x/frame_4025.compare.jpg
afternoon/sunny/building/7x/frame_4175.png,afternoon,sunny,building,7x,mtkd,checkpoints/train_svfocusdenoise_adv_x1_dim32_block2_mtkd_nafnet_restormer_toneguard_260605/train_config.yaml,checkpoints/train_svfocusdenoise_adv_x1_dim32_block2_mtkd_nafnet_restormer_toneguard_260605/best.pth,outputs/mtkd/afternoon/sunny/building/7x/frame_4175.png,97.45509338378906,929.3801879882812,0.008720100308641975,2.463914394378662,7.08981990814209,12.009684562683105,132.52590942382812,69.70408630371094,35.32742691040039,7.1138087043933975,33.726959228515625,25.145158767700195,4.591485977172852,670.8551025390625,0.004615644290123457,1.3814095258712769,9.538738250732422,11.232831001281738,126.51517486572266,71.34242248535156,34.08113098144531,6.177847862243652,12.0,-6.010740756988525,6.013615131378174,1.3579745292663574,0.7023454904556274,0.4859778583049774,0.6919356141800136,62.507564544677734,43.745731353759766,0.6998469972781004,8.279511104830588,67.27487182617188,52.364803314208984,8.279511104830588,1.1657024004371905,67.27487182617188,33.54791259765625,52.364803314208984,27.21964454650879,0.0471138636037325,0.5293109169339675,0.5606564615324771,1.3454133355034794,oversmoothing_risk;oversharpening_or_ringing_risk;tone_or_color_shift,3,afternoon/sunny/building/7x/frame_4175.compare.jpg
afternoon/sunny/mixed/1x/frame_0125.png,afternoon,sunny,mixed,1x,mtkd,checkpoints/train_svfocusdenoise_adv_x1_dim32_block2_mtkd_nafnet_restormer_toneguard_260605/train_config.yaml,checkpoints/train_svfocusdenoise_adv_x1_dim32_block2_mtkd_nafnet_restormer_toneguard_260605/best.pth,outputs/mtkd/afternoon/sunny/mixed/1x/frame_0125.png,1767.4268798828125,27150.90234375,0.10564236111111111,13.855549812316895,13.48844051361084,29.575029373168945,130.06640625,60.92420959472656,70.00938415527344,3.4180152765950247,65.93377685546875,49.34072494506836,966.7778930664062,26187.029296875,0.07444396219135803,11.359623908996582,19.070655822753906,27.17136573791504,124.64485168457031,61.38369369506836,73.75374603271484,7.442057132720947,19.0,-5.421611785888672,5.424158096313477,1.694116473197937,5.466542720794678,3.5066652297973633,0.6414776960322731,367.6221923828125,358.48590087890625,0.9751476061750036,4.915297504098734,41.71929931640625,67.56775665283203,4.915297504098734,1.4972822275037094,41.71929931640625,-24.2144775390625,67.56775665283203,18.227031707763672,0.5469973915585733,0.7046790833561581,0.8198609266951241,1.413851794320492,oversharpening_or_ringing_risk;tone_or_color_shift;large_raw_deviation,3,afternoon/sunny/mixed/1x/frame_0125.compare.jpg
afternoon/sunny/mixed/3x/frame_0275.png,afternoon,sunny,mixed,3x,mtkd,checkpoints/train_svfocusdenoise_adv_x1_dim32_block2_mtkd_nafnet_restormer_toneguard_260605/train_config.yaml,checkpoints/train_svfocusdenoise_adv_x1_dim32_block2_mtkd_nafnet_restormer_toneguard_260605/best.pth,outputs/mtkd/afternoon/sunny/mixed/3x/frame_0275.png,1254.767578125,22787.55078125,0.10412567515432099,12.674996376037598,12.955726623535156,26.324865341186523,122.9809341430664,57.45077133178711,60.176151275634766,3.345829198454528,59.2137451171875,40.75177001953125,726.3848266601562,22447.779296875,0.07000675154320987,10.604859352111816,19.702266693115234,24.435213088989258,117.0051040649414,58.42616271972656,62.78042221069336,7.507962226867676,17.0,-5.97584342956543,5.977712631225586,1.405683159828186,4.42101526260376,2.9776864051818848,0.673529998950552,334.575927734375,330.0119934082031,0.9863590475349582,5.253134212439034,47.12811279296875,70.77666473388672,5.253134212439034,1.9073050139845056,47.12811279296875,-12.08563232421875,70.77666473388672,30.02489471435547,0.5788999009247542,0.6723293888798832,0.8366755332696246,1.520738069397391,oversharpening_or_ringing_risk;tone_or_color_shift;large_raw_deviation,3,afternoon/sunny/mixed/3x/frame_0275.compare.jpg
afternoon/sunny/mixed/5x/frame_0425.png,afternoon,sunny,mixed,5x,mtkd,checkpoints/train_svfocusdenoise_adv_x1_dim32_block2_mtkd_nafnet_restormer_toneguard_260605/train_config.yaml,checkpoints/train_svfocusdenoise_adv_x1_dim32_block2_mtkd_nafnet_restormer_toneguard_260605/best.pth,outputs/mtkd/afternoon/sunny/mixed/5x/frame_0425.png,573.2396850585938,9698.8916015625,0.15296971450617283,9.448613166809082,9.4631929397583,20.56756591796875,141.6194305419922,49.35408401489258,52.82444763183594,3.7574915802962257,36.21124267578125,40.403194427490234,176.34136962890625,8205.8984375,0.04710262345679012,6.407952308654785,14.247357368469238,17.83055305480957,135.82595825195312,49.94883346557617,52.90898132324219,7.1245903968811035,18.0,-5.793442726135254,5.79603910446167,1.5718414783477783,4.9158220291137695,3.2202558517456055,0.655079828495369,204.64915466308594,179.56358337402344,0.8774215738620523,5.523516920157111,53.335205078125,75.87361145019531,5.523516920157111,1.7660253398608856,53.335205078125,17.12396240234375,75.87361145019531,35.47041702270508,0.3076224033771868,0.30792123531674226,0.6781897190123651,1.5055549917629736,oversmoothing_risk;oversharpening_or_ringing_risk;tone_or_color_shift;large_raw_deviation,4,afternoon/sunny/mixed/5x/frame_0425.compare.jpg
afternoon/sunny/mixed/7x/frame_0575.png,afternoon,sunny,mixed,7x,mtkd,checkpoints/train_svfocusdenoise_adv_x1_dim32_block2_mtkd_nafnet_restormer_toneguard_260605/train_config.yaml,checkpoints/train_svfocusdenoise_adv_x1_dim32_block2_mtkd_nafnet_restormer_toneguard_260605/best.pth,outputs/mtkd/afternoon/sunny/mixed/7x/frame_0575.png,357.37725830078125,4163.63818359375,0.11446903935185185,6.752402305603027,7.184425354003906,14.510510444641113,144.8164520263672,31.998489379882812,34.623111724853516,4.062443685043314,35.56842041015625,24.044631958007812,46.033226013183594,2495.467529296875,0.01692756558641975,3.4345011711120605,12.139531135559082,11.439183235168457,139.13417053222656,31.78506088256836,32.48411560058594,6.932051181793213,16.0,-5.682289123535156,5.684475421905518,1.3854022026062012,4.979928493499756,2.6402077674865723,0.5301698148744115,123.15348815917969,74.87220001220703,0.6079584194597265,6.746052115224424,55.5609130859375,77.45864868164062,6.746052115224424,2.6836084301811107,55.5609130859375,19.99249267578125,77.45864868164062,53.41401672363281,0.12880849282927906,0.14787898703673277,0.5086339669456854,1.6897010599175726,oversmoothing_risk;oversharpening_or_ringing_risk;tone_or_color_shift;large_raw_deviation,4,afternoon/sunny/mixed/7x/frame_0575.compare.jpg
afternoon/sunny/road_shaded/1x/frame_1725.png,afternoon,sunny,road_shaded,1x,mtkd,checkpoints/train_svfocusdenoise_adv_x1_dim32_block2_mtkd_nafnet_restormer_toneguard_260605/train_config.yaml,checkpoints/train_svfocusdenoise_adv_x1_dim32_block2_mtkd_nafnet_restormer_toneguard_260605/best.pth,outputs/mtkd/afternoon/sunny/road_shaded/1x/frame_1725.png,1929.2337646484375,28046.02734375,0.19598861882716048,16.5650577545166,11.473057746887207,35.046104431152344,129.55865478515625,63.08814239501953,57.967124938964844,2.8606690542913484,27.06793212890625,27.634788513183594,865.5008544921875,23230.12890625,0.14761525848765433,14.092934608459473,11.76379680633545,33.459896087646484,123.54125213623047,63.328407287597656,56.680885314941406,8.411843299865723,22.0,-6.017413139343262,6.018617630004883,2.2212979793548584,5.558093070983887,4.634410858154297,0.8338131080151054,360.87994384765625,329.47308349609375,0.9129714441409336,3.7871163806954606,42.2762451171875,48.38346862792969,3.7871163806954606,0.9264473264041122,42.2762451171875,15.20831298828125,48.38346862792969,20.748680114746094,0.4486241482767678,0.7531828091397189,0.8507627813502139,1.0253410264170528,tone_or_color_shift;large_raw_deviation,2,afternoon/sunny/road_shaded/1x/frame_1725.compare.jpg
afternoon/sunny/road_shaded/3x/frame_2925.png,afternoon,sunny,road_shaded,3x,mtkd,checkpoints/train_svfocusdenoise_adv_x1_dim32_block2_mtkd_nafnet_restormer_toneguard_260605/train_config.yaml,checkpoints/train_svfocusdenoise_adv_x1_dim32_block2_mtkd_nafnet_restormer_toneguard_260605/best.pth,outputs/mtkd/afternoon/sunny/road_shaded/3x/frame_2925.png,1026.4913330078125,15490.6220703125,0.11411747685185185,10.752687454223633,9.335994720458984,25.238632202148438,130.49266052246094,59.5041618347168,46.185611724853516,3.4512577423488535,35.1444091796875,24.934329986572266,492.0465393066406,13793.640625,0.07761043595679012,8.796830177307129,11.137174606323242,24.084880828857422,124.59195709228516,60.009029388427734,48.678531646728516,7.22489070892334,17.0,-5.900653839111328,5.902431488037109,1.5507529973983765,3.779827833175659,2.9502530097961426,0.7805257646662331,270.813232421875,247.58909606933594,0.9142429779193347,4.720161070210264,63.630859375,51.831878662109375,4.720161070210264,1.2689033278614108,63.630859375,28.4864501953125,51.831878662109375,26.89754867553711,0.4793479725394776,0.6800924634667884,0.8181052611039813,1.1929285458910057,oversmoothing_risk;oversharpening_or_ringing_risk;tone_or_color_shift;large_raw_deviation,4,afternoon/sunny/road_shaded/3x/frame_2925.compare.jpg
afternoon/sunny/road_shaded/5x/frame_2175.png,afternoon,sunny,road_shaded,5x,mtkd,checkpoints/train_svfocusdenoise_adv_x1_dim32_block2_mtkd_nafnet_restormer_toneguard_260605/train_config.yaml,checkpoints/train_svfocusdenoise_adv_x1_dim32_block2_mtkd_nafnet_restormer_toneguard_260605/best.pth,outputs/mtkd/afternoon/sunny/road_shaded/5x/frame_2175.png,1721.5943603515625,25141.931640625,0.2024754050925926,15.297018051147461,11.338409423828125,35.58012008666992,126.61511993408203,70.08699798583984,65.69286346435547,3.0178908725564897,24.52099609375,26.355134963989258,721.2113647460938,19920.00390625,0.14133439429012346,12.686402320861816,11.644561767578125,33.86422348022461,120.21638488769531,70.79447937011719,60.46318054199219,8.609047889709473,22.0,-6.3987650871276855,6.400887966156006,2.5318644046783447,4.935675144195557,3.869015693664551,0.7838878330991016,337.6556091308594,298.53204345703125,0.8841317466203689,3.9042317458159723,41.43280029296875,48.53862380981445,3.9042317458159723,0.8863408732594826,41.43280029296875,16.91180419921875,48.53862380981445,22.183488845825195,0.41892061298273364,0.6980324065803983,0.8293382591589596,1.0270013484525093,oversmoothing_risk;tone_or_color_shift;large_raw_deviation,3,afternoon/sunny/road_shaded/5x/frame_2175.compare.jpg
afternoon/sunny/road_shaded/7x/frame_3125.png,afternoon,sunny,road_shaded,7x,mtkd,checkpoints/train_svfocusdenoise_adv_x1_dim32_block2_mtkd_nafnet_restormer_toneguard_260605/train_config.yaml,checkpoints/train_svfocusdenoise_adv_x1_dim32_block2_mtkd_nafnet_restormer_toneguard_260605/best.pth,outputs/mtkd/afternoon/sunny/road_shaded/7x/frame_3125.png,394.4046630859375,3851.010498046875,0.11660638503086419,6.3466267585754395,6.961292266845703,15.182394981384277,139.6673583984375,42.51955795288086,18.736318588256836,5.2522195328039905,43.556884765625,28.570037841796875,38.333560943603516,2026.3504638671875,0.015271508487654321,2.9901018142700195,10.51692008972168,12.038383483886719,133.9837188720703,42.601715087890625,19.906009674072266,7.250838279724121,17.0,-5.683687686920166,5.685793876647949,1.1408237218856812,3.789396047592163,2.218668222427368,0.5854938873008911,121.83815002441406,64.86129760742188,0.5323562249954131,6.094545467600443,50.5484619140625,49.15605926513672,6.094545467600443,0.8423259347964525,50.5484619140625,6.9915771484375,49.15605926513672,20.586021423339844,0.09719347799711726,0.13096631443991813,0.4711324500420403,1.5107712313430997,oversmoothing_risk;oversharpening_or_ringing_risk;tone_or_color_shift;large_raw_deviation,4,afternoon/sunny/road_shaded/7x/frame_3125.compare.jpg
morning/cloudy/building/1x/frame_4375.png,morning,cloudy,building,1x,mtkd,checkpoints/train_svfocusdenoise_adv_x1_dim32_block2_mtkd_nafnet_restormer_toneguard_260605/train_config.yaml,checkpoints/train_svfocusdenoise_adv_x1_dim32_block2_mtkd_nafnet_restormer_toneguard_260605/best.pth,outputs/mtkd/morning/cloudy/building/1x/frame_4375.png,429.4247741699219,9082.880859375,0.08881510416666667,8.146134376525879,8.825342178344727,22.86809730529785,135.17343139648438,55.8189697265625,16.45009422302246,4.910790523576543,33.203369140625,41.79864501953125,240.30035400390625,8151.39794921875,0.06780815972222222,6.941433906555176,9.468241691589355,22.347591400146484,129.3052978515625,56.86668014526367,17.522890090942383,6.6885294914245605,14.0,-5.868162155151367,5.870774745941162,1.3216934204101562,2.652893304824829,2.045959234237671,0.771218062376152,211.9490509033203,192.98345947265625,0.9105181582562729,6.322055872270254,62.841796875,80.44271850585938,6.322055872270254,1.4112653486937106,62.841796875,29.638427734375,80.44271850585938,38.644073486328125,0.5595866108759255,0.7634755412207398,0.8521138475885937,1.0728469786499781,oversmoothing_risk;tone_or_color_shift,2,morning/cloudy/building/1x/frame_4375.compare.jpg
morning/cloudy/building/3x/frame_4725.png,morning,cloudy,building,3x,mtkd,checkpoints/train_svfocusdenoise_adv_x1_dim32_block2_mtkd_nafnet_restormer_toneguard_260605/train_config.yaml,checkpoints/train_svfocusdenoise_adv_x1_dim32_block2_mtkd_nafnet_restormer_toneguard_260605/best.pth,outputs/mtkd/morning/cloudy/building/3x/frame_4725.png,160.50692749023438,3234.4853515625,0.039260223765432097,4.5686774253845215,8.370246887207031,16.759490966796875,130.25416564941406,56.21145248413086,19.45458221435547,4.559868324664759,21.87969970703125,36.07522964477539,55.26194763183594,2820.930419921875,0.029623842592592594,3.505706548690796,9.480222702026367,16.14330291748047,124.2516098022461,57.29488754272461,20.383033752441406,6.447633743286133,12.0,-6.002593040466309,6.005220413208008,1.137669563293457,1.4262328147888184,1.063056468963623,0.7453597042086213,116.1466064453125,98.16934204101562,0.8452192022264425,6.668955108618401,50.065765380859375,82.90455627441406,6.668955108618401,2.109086783953642,50.065765380859375,28.186065673828125,82.90455627441406,46.82932662963867,0.34429633970283435,0.7545510379560252,0.7673350999158666,1.1326096864019397,oversmoothing_risk;tone_or_color_shift,2,morning/cloudy/building/3x/frame_4725.compare.jpg
morning/cloudy/building/5x/frame_4875.png,morning,cloudy,building,5x,mtkd,checkpoints/train_svfocusdenoise_adv_x1_dim32_block2_mtkd_nafnet_restormer_toneguard_260605/train_config.yaml,checkpoints/train_svfocusdenoise_adv_x1_dim32_block2_mtkd_nafnet_restormer_toneguard_260605/best.pth,outputs/mtkd/morning/cloudy/building/5x/frame_4875.png,144.12213134765625,3158.57373046875,0.033736496913580244,4.299285411834717,9.052353858947754,15.53426742553711,129.87380981445312,58.37938690185547,23.23334503173828,4.6428541241057735,20.7142333984375,33.3115348815918,65.35726928710938,3005.906494140625,0.02505304783950617,3.456214666366577,10.880167961120605,15.21023178100586,123.82516479492188,59.73112106323242,24.092350006103516,6.404011249542236,12.0,-6.048650741577148,6.051578044891357,1.1411629915237427,1.0014256238937378,0.8191519379615784,0.8179857978634061,110.3047866821289,95.555908203125,0.8662897692599096,6.491556551552101,45.123138427734375,80.9316635131836,6.491556551552101,1.8487024274463275,45.123138427734375,24.408905029296875,80.9316635131836,47.6201286315918,0.4534853091330739,0.7426096403453599,0.8039044481328446,1.2019158917838986,oversharpening_or_ringing_risk;tone_or_color_shift,2,morning/cloudy/building/5x/frame_4875.compare.jpg
morning/cloudy/building/7x/frame_5025.png,morning,cloudy,building,7x,mtkd,checkpoints/train_svfocusdenoise_adv_x1_dim32_block2_mtkd_nafnet_restormer_toneguard_260605/train_config.yaml,checkpoints/train_svfocusdenoise_adv_x1_dim32_block2_mtkd_nafnet_restormer_toneguard_260605/best.pth,outputs/mtkd/morning/cloudy/building/7x/frame_5025.png,46.18437957763672,562.4650268554688,0.0071730324074074075,1.924492359161377,6.077412128448486,9.85384750366211,127.33038330078125,65.20906066894531,24.34100341796875,6.562556911458827,36.047271728515625,20.830854415893555,2.978910446166992,383.28045654296875,0.0036511381172839507,1.1956294775009155,6.779363632202148,9.383308410644531,121.228515625,66.71725463867188,25.060062408447266,6.306931018829346,11.0,-6.101891994476318,6.105135917663574,1.0799338817596436,0.6931638121604919,0.5160120129585266,0.7444301100344396,50.50370788574219,37.25156784057617,0.737600651517564,8.442848680675578,71.63189697265625,69.1162338256836,8.442848680675578,1.8802917692167505,71.63189697265625,35.584625244140625,69.1162338256836,48.28537940979004,0.06450038894989146,0.509009009009009,0.6212700569109699,1.1155017117348045,oversmoothing_risk;tone_or_color_shift,2,morning/cloudy/building/7x/frame_5025.compare.jpg
morning/cloudy/mixed/1x/frame_0175.png,morning,cloudy,mixed,1x,mtkd,checkpoints/train_svfocusdenoise_adv_x1_dim32_block2_mtkd_nafnet_restormer_toneguard_260605/train_config.yaml,checkpoints/train_svfocusdenoise_adv_x1_dim32_block2_mtkd_nafnet_restormer_toneguard_260605/best.pth,outputs/mtkd/morning/cloudy/mixed/1x/frame_0175.png,509.7300720214844,8415.462890625,0.09338396990740741,7.02699089050293,9.288106918334961,16.089860916137695,135.3048095703125,69.16674041748047,33.15913009643555,3.679076503707657,19.71685791015625,28.207408905029297,220.33673095703125,7018.1591796875,0.054796489197530864,5.523051738739014,9.96115493774414,15.10622501373291,129.72055053710938,70.32757568359375,34.64936065673828,6.4337615966796875,16.0,-5.584278106689453,5.5866475105285645,1.5082550048828125,0.8546543121337891,0.6346146464347839,0.7425395711751118,197.9235382080078,166.51007080078125,0.841284833064107,4.709518053305746,52.44195556640625,66.80813598632812,4.709518053305746,1.0304415495980885,52.44195556640625,32.72509765625,66.80813598632812,38.60072708129883,0.4322615891254389,0.586786889140213,0.7859767893257824,1.0724634228833612,oversmoothing_risk;tone_or_color_shift;large_raw_deviation,3,morning/cloudy/mixed/1x/frame_0175.compare.jpg
morning/cloudy/mixed/3x/frame_0525.png,morning,cloudy,mixed,3x,mtkd,checkpoints/train_svfocusdenoise_adv_x1_dim32_block2_mtkd_nafnet_restormer_toneguard_260605/train_config.yaml,checkpoints/train_svfocusdenoise_adv_x1_dim32_block2_mtkd_nafnet_restormer_toneguard_260605/best.pth,outputs/mtkd/morning/cloudy/mixed/3x/frame_0525.png,401.32904052734375,6761.95751953125,0.09662278163580247,7.000420093536377,8.5301513671875,14.868212699890137,141.7381591796875,48.10800552368164,25.76388168334961,4.044176560643476,30.3079833984375,25.744842529296875,140.1162567138672,5036.5263671875,0.05266927083333333,4.9567341804504395,9.218718528747559,13.273172378540039,136.0443572998047,48.90485763549805,26.289321899414062,6.5352582931518555,16.0,-5.693809986114502,5.695944309234619,1.239270806312561,1.3825653791427612,0.8797992467880249,0.6363527252024285,177.81893920898438,143.04306030273438,0.8044309618483376,5.250847129162251,52.8409423828125,69.99763488769531,5.250847129162251,1.206670568518775,52.8409423828125,22.532958984375,69.99763488769531,44.25279235839844,0.34913061992662014,0.5451019929425974,0.7080623897167383,1.0807215642396142,oversmoothing_risk;tone_or_color_shift;large_raw_deviation,3,morning/cloudy/mixed/3x/frame_0525.compare.jpg
morning/cloudy/mixed/5x/frame_0775.png,morning,cloudy,mixed,5x,mtkd,checkpoints/train_svfocusdenoise_adv_x1_dim32_block2_mtkd_nafnet_restormer_toneguard_260605/train_config.yaml,checkpoints/train_svfocusdenoise_adv_x1_dim32_block2_mtkd_nafnet_restormer_toneguard_260605/best.pth,outputs/mtkd/morning/cloudy/mixed/5x/frame_0775.png,621.0928344726562,9265.94140625,0.1535763888888889,9.55756664276123,9.211825370788574,20.217010498046875,141.9000701904297,42.28519058227539,30.037315368652344,3.9497214774546334,49.51708984375,42.81950378417969,178.97349548339844,7546.541015625,0.05231336805555555,6.47001838684082,12.396827697753906,17.630233764648438,136.3093719482422,42.67326354980469,29.78777313232422,7.389965057373047,18.0,-5.590747356414795,5.592428684234619,1.2789276838302612,5.470734596252441,3.332603931427002,0.6091693670736468,200.89053344726562,175.3022003173828,0.8726254906550894,5.4896645412069836,52.8028564453125,75.18223571777344,5.4896645412069836,1.5399430637523501,52.8028564453125,3.2857666015625,75.18223571777344,32.36273193359375,0.28815900868564565,0.3406341849423468,0.6769524742724261,1.3457514877632424,oversmoothing_risk;oversharpening_or_ringing_risk;tone_or_color_shift;large_raw_deviation,4,morning/cloudy/mixed/5x/frame_0775.compare.jpg
morning/cloudy/mixed/7x/frame_0975.png,morning,cloudy,mixed,7x,mtkd,checkpoints/train_svfocusdenoise_adv_x1_dim32_block2_mtkd_nafnet_restormer_toneguard_260605/train_config.yaml,checkpoints/train_svfocusdenoise_adv_x1_dim32_block2_mtkd_nafnet_restormer_toneguard_260605/best.pth,outputs/mtkd/morning/cloudy/mixed/7x/frame_0975.png,552.4358520507812,6678.1328125,0.15507474922839506,8.571575164794922,8.535738945007324,19.15116310119629,141.4207305908203,33.16864776611328,32.96242904663086,4.0820594432920485,41.7818603515625,42.01054763793945,99.9470443725586,4966.54345703125,0.03761091820987654,5.259198188781738,12.126323699951172,16.299211502075195,135.82334899902344,32.902984619140625,31.403133392333984,7.3774871826171875,18.0,-5.59736442565918,5.599606037139893,1.3010026216506958,5.903253078460693,3.6490206718444824,0.6181372581092162,163.5115203857422,129.19119262695312,0.7901045279389274,5.930651478966602,50.999755859375,76.7422866821289,5.930651478966602,1.848592035674553,50.999755859375,9.2178955078125,76.7422866821289,34.73173904418945,0.18092063359307684,0.2425341223959224,0.6135626285332314,1.4206530656662164,oversmoothing_risk;oversharpening_or_ringing_risk;tone_or_color_shift;large_raw_deviation,4,morning/cloudy/mixed/7x/frame_0975.compare.jpg
morning/cloudy/road_shaded/1x/frame_2275.png,morning,cloudy,road_shaded,1x,mtkd,checkpoints/train_svfocusdenoise_adv_x1_dim32_block2_mtkd_nafnet_restormer_toneguard_260605/train_config.yaml,checkpoints/train_svfocusdenoise_adv_x1_dim32_block2_mtkd_nafnet_restormer_toneguard_260605/best.pth,outputs/mtkd/morning/cloudy/road_shaded/1x/frame_2275.png,1230.52001953125,21240.716796875,0.18783757716049382,14.338730812072754,10.445223808288574,32.40422821044922,129.77020263671875,62.35566329956055,49.259613037109375,3.097135926940765,25.53778076171875,24.016117095947266,604.3030395507812,17889.052734375,0.12775752314814814,12.13841438293457,10.6148099899292,31.136577606201172,123.77523803710938,63.024505615234375,47.982215881347656,7.7953200340271,19.0,-5.994990348815918,5.996217250823975,1.9862576723098755,5.843008518218994,4.695167064666748,0.8035530069872088,313.0633239746094,286.9642028808594,0.9166330927481409,4.045789493645623,39.245361328125,54.62432098388672,4.045789493645623,0.9486535667048583,39.245361328125,13.70758056640625,54.62432098388672,30.608203887939453,0.491095658712633,0.6801489088575097,0.8465473368615312,1.016235763326206,tone_or_color_shift;large_raw_deviation,2,morning/cloudy/road_shaded/1x/frame_2275.compare.jpg
morning/cloudy/road_shaded/3x/frame_3575.png,morning,cloudy,road_shaded,3x,mtkd,checkpoints/train_svfocusdenoise_adv_x1_dim32_block2_mtkd_nafnet_restormer_toneguard_260605/train_config.yaml,checkpoints/train_svfocusdenoise_adv_x1_dim32_block2_mtkd_nafnet_restormer_toneguard_260605/best.pth,outputs/mtkd/morning/cloudy/road_shaded/3x/frame_3575.png,888.55712890625,14787.0986328125,0.11082947530864197,10.842535972595215,9.535699844360352,27.17637062072754,132.18212890625,54.937599182128906,28.04407501220703,3.3064406167417433,31.6761474609375,24.098209381103516,444.1048583984375,13627.9150390625,0.07127555941358024,8.998432159423828,10.928290367126465,26.298444747924805,126.3103256225586,55.516422271728516,29.059682846069336,7.057622909545898,16.0,-5.87177038192749,5.873717308044434,1.4280627965927124,4.700106620788574,3.5432255268096924,0.7538606701256528,264.59564208984375,248.36573791503906,0.9386614834370787,4.839835639372792,59.1866455078125,57.39539337158203,4.839835639372792,1.5333950226310487,59.1866455078125,27.510498046875,57.39539337158203,33.297183990478516,0.49980450772489854,0.643110140286142,0.8299195116500045,1.1460396767406353,tone_or_color_shift;large_raw_deviation,2,morning/cloudy/road_shaded/3x/frame_3575.compare.jpg
morning/cloudy/road_shaded/5x/frame_2775.png,morning,cloudy,road_shaded,5x,mtkd,checkpoints/train_svfocusdenoise_adv_x1_dim32_block2_mtkd_nafnet_restormer_toneguard_260605/train_config.yaml,checkpoints/train_svfocusdenoise_adv_x1_dim32_block2_mtkd_nafnet_restormer_toneguard_260605/best.pth,outputs/mtkd/morning/cloudy/road_shaded/5x/frame_2775.png,1256.0184326171875,19273.841796875,0.17314236111111111,12.654838562011719,10.157112121582031,31.34980010986328,122.33653259277344,73.48526763916016,63.53373336791992,3.149039366084887,22.14691162109375,24.452980041503906,557.61474609375,15847.9853515625,0.11368586033950617,10.48226547241211,10.527284622192383,29.948627471923828,115.83788299560547,74.63441467285156,58.9807014465332,8.08404541015625,20.0,-6.498611927032471,6.501829624176025,2.257359504699707,3.5261049270629883,2.803664207458496,0.7951164997786275,298.96221923828125,264.77471923828125,0.8856460856923476,4.237858538807196,46.86767578125,51.92108154296875,4.237858538807196,1.0888191727223093,46.86767578125,24.72076416015625,51.92108154296875,27.468101501464844,0.4439542697887311,0.65660338469423,0.8283207581864056,1.0364446602714763,oversmoothing_risk;tone_or_color_shift;large_raw_deviation,3,morning/cloudy/road_shaded/5x/frame_2775.compare.jpg
morning/cloudy/road_shaded/7x/frame_3875.png,morning,cloudy,road_shaded,7x,mtkd,checkpoints/train_svfocusdenoise_adv_x1_dim32_block2_mtkd_nafnet_restormer_toneguard_260605/train_config.yaml,checkpoints/train_svfocusdenoise_adv_x1_dim32_block2_mtkd_nafnet_restormer_toneguard_260605/best.pth,outputs/mtkd/morning/cloudy/road_shaded/7x/frame_3875.png,129.10211181640625,1650.814453125,0.016217689043209877,3.6837339401245117,9.880250930786133,13.585613250732422,135.8153533935547,37.412147521972656,12.174386978149414,6.688824547465132,31.7032470703125,19.217151641845703,11.910926818847656,1319.5738525390625,0.012347608024691358,2.131868839263916,10.55909538269043,12.353150367736816,130.08062744140625,37.675750732421875,12.821479797363281,6.20477294921875,12.0,-5.73480224609375,5.737171649932861,1.1047284603118896,2.3004214763641357,1.2425740957260132,0.5401506239151999,78.9154281616211,59.618656158447266,0.7554752923135197,8.386524603713307,60.02587890625,55.20539855957031,8.386524603713307,1.6977000562481743,60.02587890625,28.3226318359375,55.20539855957031,35.98824691772461,0.09225973650830721,0.7613666775699545,0.5787249768618897,1.068707207606344,oversmoothing_risk;tone_or_color_shift,2,morning/cloudy/road_shaded/7x/frame_3875.compare.jpg
morning/sunny/building/1x/frame_4375.png,morning,sunny,building,1x,mtkd,checkpoints/train_svfocusdenoise_adv_x1_dim32_block2_mtkd_nafnet_restormer_toneguard_260605/train_config.yaml,checkpoints/train_svfocusdenoise_adv_x1_dim32_block2_mtkd_nafnet_restormer_toneguard_260605/best.pth,outputs/mtkd/morning/sunny/building/1x/frame_4375.png,619.9995727539062,12590.490234375,0.09866174768518518,9.638251304626465,9.584864616394043,26.46870994567871,131.06985473632812,58.41965103149414,20.75249671936035,4.6446839801467705,36.66375732421875,42.352378845214844,373.6424255371094,11944.5712890625,0.07717737268518518,8.413135528564453,10.307811737060547,26.03278350830078,125.17781066894531,59.417884826660156,20.27682876586914,6.907724857330322,15.0,-5.892061233520508,5.89436149597168,1.4695698022842407,3.775876522064209,3.0500175952911377,0.8077641250894888,250.17066955566406,237.76712036132812,0.950419650647431,6.2993960620377845,65.859130859375,78.46186065673828,6.2993960620377845,1.654712081891014,65.859130859375,29.19537353515625,78.46186065673828,36.10948181152344,0.6026494887366924,0.7822420998606936,0.8728902435368184,1.0754259084087603,tone_or_color_shift;large_raw_deviation,2,morning/sunny/building/1x/frame_4375.compare.jpg
morning/sunny/building/3x/frame_4475.png,morning,sunny,building,3x,mtkd,checkpoints/train_svfocusdenoise_adv_x1_dim32_block2_mtkd_nafnet_restormer_toneguard_260605/train_config.yaml,checkpoints/train_svfocusdenoise_adv_x1_dim32_block2_mtkd_nafnet_restormer_toneguard_260605/best.pth,outputs/mtkd/morning/sunny/building/3x/frame_4475.png,380.989501953125,8327.80859375,0.05014998070987654,6.866317272186279,11.051240921020508,23.028785705566406,129.25306701660156,63.98367691040039,23.99672508239746,4.567134206396833,23.15576171875,46.53546905517578,241.2459716796875,8453.6162109375,0.042512538580246916,5.901808738708496,12.48814582824707,22.60076904296875,123.36705780029297,65.35816192626953,23.73436737060547,6.572369575500488,13.0,-5.885932922363281,5.888406753540039,1.2379164695739746,2.109374523162842,1.7276830673217773,0.8190499355852899,185.51609802246094,177.6134033203125,0.9574015689938044,6.6009444678273095,37.492889404296875,83.20791625976562,6.6009444678273095,2.0338102614304763,37.492889404296875,14.337127685546875,83.20791625976562,36.672447204589844,0.6332089741133318,0.8477079747285823,0.8595304447429535,1.1300220416418063,tone_or_color_shift,1,morning/sunny/building/3x/frame_4475.compare.jpg
morning/sunny/building/5x/frame_4675.png,morning,sunny,building,5x,mtkd,checkpoints/train_svfocusdenoise_adv_x1_dim32_block2_mtkd_nafnet_restormer_toneguard_260605/train_config.yaml,checkpoints/train_svfocusdenoise_adv_x1_dim32_block2_mtkd_nafnet_restormer_toneguard_260605/best.pth,outputs/mtkd/morning/sunny/building/5x/frame_4675.png,224.94544982910156,5180.52001953125,0.038140432098765435,5.205682277679443,11.147021293640137,18.6975040435791,127.7144546508789,66.48572540283203,35.36497497558594,4.484361252671954,24.16357421875,42.3167610168457,137.2021026611328,5123.689453125,0.0309375,4.4332966804504395,12.388436317443848,18.33605194091797,121.73938751220703,67.86066436767578,35.5844612121582,6.376856327056885,12.0,-5.975107192993164,5.977457046508789,1.2334425449371338,1.168179988861084,1.0137646198272705,0.8678154304078085,138.7718048095703,126.94639587402344,0.9147852191461061,6.114862616126326,38.3099365234375,83.03458404541016,6.114862616126326,1.6305013634543721,38.3099365234375,14.1463623046875,83.03458404541016,40.71782302856445,0.6099349987535634,0.8111470766740845,0.8516264427929487,1.1113674219418592,tone_or_color_shift,1,morning/sunny/building/5x/frame_4675.compare.jpg
morning/sunny/building/7x/frame_4825.png,morning,sunny,building,7x,mtkd,checkpoints/train_svfocusdenoise_adv_x1_dim32_block2_mtkd_nafnet_restormer_toneguard_260605/train_config.yaml,checkpoints/train_svfocusdenoise_adv_x1_dim32_block2_mtkd_nafnet_restormer_toneguard_260605/best.pth,outputs/mtkd/morning/sunny/building/7x/frame_4825.png,176.9461212158203,3272.736572265625,0.029928144290123457,4.467324256896973,9.9493989944458,16.67691421508789,134.59716796875,59.410865783691406,36.12824249267578,4.53188118262842,26.581787109375,43.34239196777344,61.261573791503906,3112.671142578125,0.020143229166666665,3.2951161861419678,12.128345489501953,15.870636940002441,128.6061248779297,60.82803726196289,35.97102355957031,6.348920822143555,13.0,-5.9910783767700195,5.992791175842285,1.441095232963562,1.2704070806503296,1.0367732048034668,0.8160952663084465,109.38656616210938,88.22208404541016,0.8065166239396001,6.540163170556678,43.413848876953125,76.44025421142578,6.540163170556678,2.0082819879282576,43.413848876953125,16.832061767578125,76.44025421142578,33.097862243652344,0.3462159745043717,0.6730530624083533,0.7376039876789183,1.219002825826217,oversharpening_or_ringing_risk;tone_or_color_shift,2,morning/sunny/building/7x/frame_4825.compare.jpg
morning/sunny/dark/1x/frame_3425.png,morning,sunny,dark,1x,mtkd,checkpoints/train_svfocusdenoise_adv_x1_dim32_block2_mtkd_nafnet_restormer_toneguard_260605/train_config.yaml,checkpoints/train_svfocusdenoise_adv_x1_dim32_block2_mtkd_nafnet_restormer_toneguard_260605/best.pth,outputs/mtkd/morning/sunny/dark/1x/frame_3425.png,419.236083984375,3778.8115234375,0.14809461805555554,6.754533290863037,5.197938919067383,11.344756126403809,16.76122283935547,11.66038990020752,137.7530517578125,4.507832973059621,39.13232421875,11.756168365478516,38.978187561035156,966.5791015625,0.01679591049382716,2.9753198623657227,3.3612775802612305,6.76533842086792,11.815185546875,7.214280605316162,124.99911499023438,7.416881561279297,22.0,-4.946040153503418,4.948449611663818,2.6055150032043457,5.401699542999268,2.5008628368377686,0.4629770347147403,119.39854431152344,53.102577209472656,0.4447506250237223,9.628289687682818,63.661376953125,55.92781448364258,9.628289687682818,5.120456714623197,63.661376953125,24.529052734375,55.92781448364258,44.17164611816406,0.09297431459284378,0.11341337527557159,0.44049229372967696,0.6466558442868953,oversmoothing_risk;tone_or_color_shift;large_raw_deviation,3,morning/sunny/dark/1x/frame_3425.compare.jpg
morning/sunny/dark/7x/frame_4275.png,morning,sunny,dark,7x,mtkd,checkpoints/train_svfocusdenoise_adv_x1_dim32_block2_mtkd_nafnet_restormer_toneguard_260605/train_config.yaml,checkpoints/train_svfocusdenoise_adv_x1_dim32_block2_mtkd_nafnet_restormer_toneguard_260605/best.pth,outputs/mtkd/morning/sunny/dark/7x/frame_4275.png,231.72430419921875,2933.434814453125,0.11605131172839506,6.014922142028809,4.854320049285889,10.165678977966309,13.955269813537598,10.450343132019043,152.092529296875,4.495338889586303,38.8441162109375,12.247478485107422,21.305082321166992,681.2308349609375,0.010792341820987655,2.5703649520874023,3.1646158695220947,5.960860252380371,9.22848892211914,6.371503829956055,136.80606079101562,6.575350284576416,20.0,-4.72677755355835,4.729033946990967,2.300034761428833,4.838408470153809,2.181774854660034,0.4509282066858397,106.185302734375,44.69772720336914,0.42094080868405626,9.823448333137868,63.2628173828125,55.927650451660156,9.823448333137868,5.328109443551566,63.2628173828125,24.418701171875,55.927650451660156,43.680171966552734,0.09194150952267191,0.09299629327969948,0.42733137543496597,0.6519174338304365,oversmoothing_risk;tone_or_color_shift;large_raw_deviation,3,morning/sunny/dark/7x/frame_4275.compare.jpg
morning/sunny/flat/1x/frame_0225.png,morning,sunny,flat,1x,mtkd,checkpoints/train_svfocusdenoise_adv_x1_dim32_block2_mtkd_nafnet_restormer_toneguard_260605/train_config.yaml,checkpoints/train_svfocusdenoise_adv_x1_dim32_block2_mtkd_nafnet_restormer_toneguard_260605/best.pth,outputs/mtkd/morning/sunny/flat/1x/frame_0225.png,1071.5596923828125,5391.62548828125,0.26914689429012345,8.558423042297363,5.5251383781433105,11.282639503479004,151.2290496826172,14.812651634216309,0.0,8.814976639845327,66.81524658203125,41.922950744628906,11.735562324523926,209.26783752441406,0.0011120756172839506,1.563838005065918,2.6379621028900146,2.8036084175109863,145.73399353027344,9.98227596282959,4.910021781921387,9.203701972961426,23.0,-5.495214462280273,5.497213363647461,0.9894466400146484,7.02898645401001,1.3421454429626465,0.190944377506512,133.3445587158203,21.11492919921875,0.15834863756396853,6.019483294351745,45.724609375,32.600040435791016,6.019483294351745,-2.7954933454935817,45.724609375,-21.09063720703125,32.600040435791016,-9.32291030883789,0.010951851220185146,0.004131853797596501,0.1827250180713353,0.4774472460862575,oversmoothing_risk;tone_or_color_shift;large_raw_deviation,3,morning/sunny/flat/1x/frame_0225.compare.jpg
morning/sunny/flat/3x/frame_1375.png,morning,sunny,flat,3x,mtkd,checkpoints/train_svfocusdenoise_adv_x1_dim32_block2_mtkd_nafnet_restormer_toneguard_260605/train_config.yaml,checkpoints/train_svfocusdenoise_adv_x1_dim32_block2_mtkd_nafnet_restormer_toneguard_260605/best.pth,outputs/mtkd/morning/sunny/flat/3x/frame_1375.png,636.5153198242188,1799.968017578125,0.038381076388888886,5.256881237030029,5.155566692352295,7.0334858894348145,147.4545135498047,8.378357887268066,0.0,16.681528392129863,114.90582275390625,48.978580474853516,4.033481121063232,22.307741165161133,7.71604938271605e-06,0.5483009219169617,0.9672590494155884,1.476466178894043,141.8024444580078,4.841269016265869,4.905616760253906,7.159515380859375,17.0,-5.652093887329102,5.654620170593262,0.9922608137130737,4.5040602684021,0.5275752544403076,0.11713325821625271,75.52730560302734,5.491528511047363,0.07270918070228694,10.345429256313142,44.30108642578125,38.418704986572266,10.345429256313142,-6.3360991358167205,44.30108642578125,-70.604736328125,38.418704986572266,-10.55987548828125,0.006336817033998688,0.00020103785794162366,0.10430156155225113,0.187614496549993,oversmoothing_risk;tone_or_color_shift;large_raw_deviation,3,morning/sunny/flat/3x/frame_1375.compare.jpg
morning/sunny/flat/5x/frame_1675.png,morning,sunny,flat,5x,mtkd,checkpoints/train_svfocusdenoise_adv_x1_dim32_block2_mtkd_nafnet_restormer_toneguard_260605/train_config.yaml,checkpoints/train_svfocusdenoise_adv_x1_dim32_block2_mtkd_nafnet_restormer_toneguard_260605/best.pth,outputs/mtkd/morning/sunny/flat/5x/frame_1675.png,647.0767822265625,1803.10693359375,0.039621913580246915,5.233380317687988,5.107624530792236,6.925045967102051,147.95556640625,7.866817474365234,0.37177759408950806,16.94110497849671,118.68914794921875,48.89833450317383,3.9021663665771484,16.085355758666992,3.858024691358025e-06,0.4784163236618042,1.162807583808899,0.8889862895011902,142.3040008544922,3.843803882598877,4.736410617828369,7.1709065437316895,17.0,-5.651623249053955,5.654240131378174,1.0251089334487915,4.467647552490234,0.4562636911869049,0.10212616054115255,75.79236602783203,4.866200923919678,0.06420436752340915,11.561406628769607,44.35150146484375,49.42342758178711,11.561406628769607,-5.379698349727104,44.35150146484375,-74.337646484375,49.42342758178711,0.5250930786132812,0.006030453377031961,9.737098344693281e-05,0.09141631118320095,0.22766113225408477,oversmoothing_risk;tone_or_color_shift;large_raw_deviation,3,morning/sunny/flat/5x/frame_1675.compare.jpg
morning/sunny/flat/7x/frame_2225.png,morning,sunny,flat,7x,mtkd,checkpoints/train_svfocusdenoise_adv_x1_dim32_block2_mtkd_nafnet_restormer_toneguard_260605/train_config.yaml,checkpoints/train_svfocusdenoise_adv_x1_dim32_block2_mtkd_nafnet_restormer_toneguard_260605/best.pth,outputs/mtkd/morning/sunny/flat/7x/frame_2225.png,707.0181884765625,2053.8740234375,0.0630979938271605,5.532901763916016,5.349430561065674,7.311549663543701,148.60020446777344,12.57800579071045,0.9284548759460449,13.965969942777129,109.635009765625,49.9803581237793,3.9733173847198486,18.611143112182617,3.858024691358025e-06,0.5110554695129395,1.003050684928894,0.9572793245315552,142.96566772460938,10.454416275024414,4.677798748016357,7.387425422668457,18.0,-5.6345086097717285,5.636960029602051,1.0620447397232056,4.567820072174072,0.49396657943725586,0.10814055099200755,81.09825134277344,5.185211181640625,0.06393739810399343,9.886886106319539,41.17230224609375,44.98835754394531,9.886886106319539,-4.07908383645759,41.17230224609375,-68.46270751953125,44.98835754394531,-4.992000579833984,0.005619823435209352,6.114338122898196e-05,0.09236662628747457,0.18750606695025007,oversmoothing_risk;tone_or_color_shift;large_raw_deviation,3,morning/sunny/flat/7x/frame_2225.compare.jpg
morning/sunny/mixed/1x/frame_0425.png,morning,sunny,mixed,1x,mtkd,checkpoints/train_svfocusdenoise_adv_x1_dim32_block2_mtkd_nafnet_restormer_toneguard_260605/train_config.yaml,checkpoints/train_svfocusdenoise_adv_x1_dim32_block2_mtkd_nafnet_restormer_toneguard_260605/best.pth,outputs/mtkd/morning/sunny/mixed/1x/frame_0425.png,382.65948486328125,6320.564453125,0.053742766203703704,5.202060699462891,8.253949165344238,12.191391944885254,136.79200744628906,72.99557495117188,36.07520294189453,3.397766022854997,19.0985107421875,30.99103546142578,202.7199249267578,5833.8916015625,0.028023726851851852,3.881930112838745,9.977669715881348,11.108953475952148,131.46278381347656,74.22419738769531,40.78358459472656,6.010971546173096,14.0,-5.329211235046387,5.331937313079834,1.2767773866653442,0.8037018179893494,0.5001159310340881,0.6222655216647969,149.93075561523438,123.7801284790039,0.8255819692969432,5.284017716377552,55.116058349609375,68.94407653808594,5.284017716377552,1.8862516935225555,55.116058349609375,36.017547607421875,68.94407653808594,37.953041076660156,0.5297658439047623,0.5214418391794762,0.7462292997156976,1.2088358573583753,oversmoothing_risk;oversharpening_or_ringing_risk;tone_or_color_shift,3,morning/sunny/mixed/1x/frame_0425.compare.jpg
morning/sunny/mixed/3x/frame_0575.png,morning,sunny,mixed,3x,mtkd,checkpoints/train_svfocusdenoise_adv_x1_dim32_block2_mtkd_nafnet_restormer_toneguard_260605/train_config.yaml,checkpoints/train_svfocusdenoise_adv_x1_dim32_block2_mtkd_nafnet_restormer_toneguard_260605/best.pth,outputs/mtkd/morning/sunny/mixed/3x/frame_0575.png,155.426513671875,1749.95068359375,0.03532407407407408,3.482700824737549,6.3062520027160645,7.5380635261535645,138.93020629882812,58.464603424072266,16.960832595825195,3.769373931931539,19.39959716796875,28.896709442138672,22.61029815673828,941.1279907226562,0.012546296296296297,1.8377734422683716,7.060636520385742,5.966157913208008,133.2069854736328,59.765785217285156,17.25531578063965,6.183979511260986,14.0,-5.7231903076171875,5.7259087562561035,1.0421680212020874,0.45877450704574585,0.28317946195602417,0.6172519562596085,82.89749145507812,46.930091857910156,0.5661219782910007,5.822856690576516,60.21234130859375,73.12504577636719,5.822856690576516,2.053482758644977,60.21234130859375,40.812744140625,73.12504577636719,44.228336334228516,0.14547259423492878,0.3551769331585845,0.5276862799166401,1.1196248607484713,oversmoothing_risk;tone_or_color_shift,2,morning/sunny/mixed/3x/frame_0575.compare.jpg
morning/sunny/mixed/5x/frame_0825.png,morning,sunny,mixed,5x,mtkd,checkpoints/train_svfocusdenoise_adv_x1_dim32_block2_mtkd_nafnet_restormer_toneguard_260605/train_config.yaml,checkpoints/train_svfocusdenoise_adv_x1_dim32_block2_mtkd_nafnet_restormer_toneguard_260605/best.pth,outputs/mtkd/morning/sunny/mixed/5x/frame_0825.png,274.2837829589844,2113.57373046875,0.06064863040123457,4.329118251800537,6.259978294372559,8.59868049621582,142.2367401123047,55.83924865722656,24.010377883911133,4.329481578513563,23.60986328125,33.83014678955078,18.458141326904297,892.0162963867188,0.013312114197530865,1.919908881187439,7.975074768066406,6.211862564086914,136.69082641601562,56.95692825317383,22.904468536376953,6.344293117523193,15.0,-5.54584264755249,5.548437118530273,1.0735828876495361,0.5116716623306274,0.30588096380233765,0.597807121873961,92.14297485351562,45.017738342285156,0.4885639780336173,6.223718303617713,56.495086669921875,67.94593048095703,6.223718303617713,1.8942367251041503,56.495086669921875,32.885223388671875,67.94593048095703,34.11578369140625,0.06729578077047477,0.21949571011680888,0.4434872806694351,1.2739780224534714,oversmoothing_risk;oversharpening_or_ringing_risk;tone_or_color_shift;large_raw_deviation,4,morning/sunny/mixed/5x/frame_0825.compare.jpg
morning/sunny/mixed/7x/frame_1025.png,morning,sunny,mixed,7x,mtkd,checkpoints/train_svfocusdenoise_adv_x1_dim32_block2_mtkd_nafnet_restormer_toneguard_260605/train_config.yaml,checkpoints/train_svfocusdenoise_adv_x1_dim32_block2_mtkd_nafnet_restormer_toneguard_260605/best.pth,outputs/mtkd/morning/sunny/mixed/7x/frame_1025.png,386.3016052246094,1563.7071533203125,0.04641493055555555,4.4842305183410645,5.340816974639893,7.621819972991943,147.83082580566406,39.4051399230957,23.09284019470215,7.543769195684499,42.07696533203125,32.08130645751953,4.290274620056152,186.63002014160156,0.0014930555555555556,1.1696500778198242,8.495771408081055,4.322994709014893,142.335205078125,39.72616195678711,20.26985740661621,6.491848468780518,16.0,-5.49572229385376,5.497851848602295,0.987951397895813,2.5111353397369385,0.7715495228767395,0.307251270239208,73.65242004394531,15.858649253845215,0.2153174226234932,8.141502941670474,60.066162109375,52.444976806640625,8.141502941670474,0.5977337459859751,60.066162109375,17.98919677734375,52.444976806640625,20.363670349121094,0.011106023278266305,0.03216757060033664,0.26083629577824086,1.5907250610575148,oversmoothing_risk;oversharpening_or_ringing_risk;tone_or_color_shift;large_raw_deviation,4,morning/sunny/mixed/7x/frame_1025.compare.jpg
morning/sunny/road_shaded/1x/frame_1925.png,morning,sunny,road_shaded,1x,mtkd,checkpoints/train_svfocusdenoise_adv_x1_dim32_block2_mtkd_nafnet_restormer_toneguard_260605/train_config.yaml,checkpoints/train_svfocusdenoise_adv_x1_dim32_block2_mtkd_nafnet_restormer_toneguard_260605/best.pth,outputs/mtkd/morning/sunny/road_shaded/1x/frame_1925.png,1821.242431640625,24149.66015625,0.18668595679012345,15.138494491577148,10.386373519897461,33.7614631652832,129.31283569335938,68.98524475097656,57.813899993896484,2.6909691503956474,26.27337646484375,27.72002601623535,720.40478515625,19338.166015625,0.1309302662037037,12.441747665405273,11.03722095489502,31.903654098510742,123.34461212158203,69.46407318115234,56.50680160522461,8.346029281616211,22.0,-5.968204498291016,5.969588279724121,2.128387212753296,5.2547125816345215,4.200700759887695,0.7994158947093226,335.4623107910156,298.2735290527344,0.8891416992550054,3.804903252811443,39.03839111328125,51.344608306884766,3.804903252811443,1.1139341024157954,39.03839111328125,12.7650146484375,51.344608306884766,23.624582290649414,0.39555677631960817,0.7013396639732171,0.8218616238442794,1.0626635883786302,oversmoothing_risk;tone_or_color_shift;large_raw_deviation,3,morning/sunny/road_shaded/1x/frame_1925.compare.jpg
morning/sunny/road_shaded/3x/frame_3075.png,morning,sunny,road_shaded,3x,mtkd,checkpoints/train_svfocusdenoise_adv_x1_dim32_block2_mtkd_nafnet_restormer_toneguard_260605/train_config.yaml,checkpoints/train_svfocusdenoise_adv_x1_dim32_block2_mtkd_nafnet_restormer_toneguard_260605/best.pth,outputs/mtkd/morning/sunny/road_shaded/3x/frame_3075.png,578.0084838867188,10357.3681640625,0.09059847608024692,8.68837833404541,8.715471267700195,21.394601821899414,138.71554565429688,60.5517578125,30.7866268157959,3.619938863074786,32.14764404296875,21.586536407470703,279.9194030761719,9099.662109375,0.06515480324074074,6.953040599822998,9.74273681640625,20.291166305541992,133.16380310058594,61.17797088623047,31.93495750427246,6.449093341827393,15.0,-5.551677227020264,5.554080963134766,1.4911390542984009,3.3438379764556885,2.3252882957458496,0.6953950257513811,223.01316833496094,199.9862823486328,0.8967465187896786,5.160523293073511,70.53399658203125,60.48120880126953,5.160523293073511,1.5405844299987246,70.53399658203125,38.3863525390625,60.48120880126953,38.89467239379883,0.4842825163982057,0.7191600351316104,0.8002690873367598,1.1178668963677423,oversmoothing_risk;tone_or_color_shift;large_raw_deviation,3,morning/sunny/road_shaded/3x/frame_3075.compare.jpg
morning/sunny/road_shaded/5x/frame_2275.png,morning,sunny,road_shaded,5x,mtkd,checkpoints/train_svfocusdenoise_adv_x1_dim32_block2_mtkd_nafnet_restormer_toneguard_260605/train_config.yaml,checkpoints/train_svfocusdenoise_adv_x1_dim32_block2_mtkd_nafnet_restormer_toneguard_260605/best.pth,outputs/mtkd/morning/sunny/road_shaded/5x/frame_2275.png,1079.2471923828125,15508.1337890625,0.1417134452160494,10.533384323120117,9.029974937438965,25.932340621948242,115.697265625,76.4899673461914,67.64839172363281,3.401399015147781,25.11578369140625,25.758642196655273,442.7751159667969,12269.40625,0.09242573302469136,8.445419311523438,9.795870780944824,24.37779998779297,109.05794525146484,77.63365173339844,64.11096954345703,7.941187858581543,20.0,-6.639323711395264,6.642601490020752,2.065272808074951,2.412236213684082,1.8397941589355469,0.7626923717083766,272.2841491699219,231.67529296875,0.8508585375793232,4.559623440968155,50.96893310546875,50.305450439453125,4.559623440968155,1.1582244258203738,50.96893310546875,25.8531494140625,50.305450439453125,24.54680824279785,0.4102629305796175,0.6522015810411186,0.8017764331437401,1.0848170508569628,oversmoothing_risk;tone_or_color_shift;large_raw_deviation,3,morning/sunny/road_shaded/5x/frame_2275.compare.jpg
morning/sunny/road_shaded/7x/frame_3425.png,morning,sunny,road_shaded,7x,mtkd,checkpoints/train_svfocusdenoise_adv_x1_dim32_block2_mtkd_nafnet_restormer_toneguard_260605/train_config.yaml,checkpoints/train_svfocusdenoise_adv_x1_dim32_block2_mtkd_nafnet_restormer_toneguard_260605/best.pth,outputs/mtkd/morning/sunny/road_shaded/7x/frame_3425.png,277.04693603515625,3453.299072265625,0.05381751543209876,5.905643463134766,8.677172660827637,15.695657730102539,142.20794677734375,30.945287704467773,8.592721939086914,5.50651340396341,30.1529541015625,25.58096694946289,38.18068313598633,2572.3232421875,0.017681809413580246,3.359110116958618,12.569499969482422,13.753500938415527,136.45228576660156,31.062070846557617,8.528489112854004,6.722724914550781,15.0,-5.755690574645996,5.757573127746582,1.1000382900238037,4.216710090637207,2.4454519748687744,0.5799431125935506,113.77440643310547,77.69056701660156,0.682847482595133,7.34010702506752,56.2103271484375,61.18115234375,7.34010702506752,1.83359362110411,56.2103271484375,26.057373046875,61.18115234375,35.60018539428711,0.13781304959511026,0.3285512025520628,0.5687966329033304,1.4485709182930482,oversmoothing_risk;oversharpening_or_ringing_risk;tone_or_color_shift;large_raw_deviation,4,morning/sunny/road_shaded/7x/frame_3425.compare.jpg
afternoon/sunny/building/1x/frame_3825.png,afternoon,sunny,building,1x,stkd,checkpoints/train_svfocusdenoise_adv_x1_dim32_block2_stkd_nafnet_mcg105_260605/train_config.yaml,checkpoints/train_svfocusdenoise_adv_x1_dim32_block2_stkd_nafnet_mcg105_260605/best.pth,outputs/stkd/afternoon/sunny/building/1x/frame_3825.png,570.9905395507812,11974.37109375,0.08371431327160493,8.853151321411133,10.747563362121582,26.75819206237793,135.84548950195312,67.64742279052734,21.031055450439453,4.203732868091533,32.169677734375,42.658390045166016,385.7044372558594,12619.27734375,0.07057291666666667,8.442954063415527,11.776110649108887,27.172468185424805,130.6698760986328,68.69667053222656,22.969465255737305,5.757630348205566,13.0,-5.175689220428467,5.178400993347168,1.180323600769043,2.360750913619995,1.9931164979934692,0.844272255278812,239.96920776367188,241.79647827148438,1.0076146040770866,5.850198459556538,60.112548828125,72.80864715576172,5.850198459556538,1.646465591465005,60.112548828125,27.94287109375,72.80864715576172,30.150257110595703,0.6755005740713443,0.8430209113428193,0.9536665258388216,1.095700509253315,tone_or_color_shift,1,afternoon/sunny/building/1x/frame_3825.compare.jpg
afternoon/sunny/building/3x/frame_3925.png,afternoon,sunny,building,3x,stkd,checkpoints/train_svfocusdenoise_adv_x1_dim32_block2_stkd_nafnet_mcg105_260605/train_config.yaml,checkpoints/train_svfocusdenoise_adv_x1_dim32_block2_stkd_nafnet_mcg105_260605/best.pth,outputs/stkd/afternoon/sunny/building/3x/frame_3925.png,306.1339416503906,6472.859375,0.046677276234567903,5.949525833129883,10.02618408203125,19.446704864501953,135.15357971191406,65.6064453125,18.911422729492188,4.4727434853393016,14.56884765625,37.73523712158203,190.3727569580078,6860.05224609375,0.03904079861111111,5.4644293785095215,11.670419692993164,19.705610275268555,130.1948699951172,66.69499206542969,21.566007614135742,5.242076873779297,11.0,-4.958669185638428,4.960132122039795,0.9405710101127625,1.1664670705795288,0.9434157609939575,0.8087804489202134,163.5525360107422,161.55331420898438,0.9877762714628497,6.644347658682586,33.532684326171875,67.83837890625,6.644347658682586,2.171604173343284,33.532684326171875,18.963836669921875,67.83837890625,30.10314178466797,0.6218609930401519,0.8363983882632502,0.9184646863924675,1.1639941574490622,oversharpening_or_ringing_risk;tone_or_color_shift,2,afternoon/sunny/building/3x/frame_3925.compare.jpg
afternoon/sunny/building/5x/frame_4025.png,afternoon,sunny,building,5x,stkd,checkpoints/train_svfocusdenoise_adv_x1_dim32_block2_stkd_nafnet_mcg105_260605/train_config.yaml,checkpoints/train_svfocusdenoise_adv_x1_dim32_block2_stkd_nafnet_mcg105_260605/best.pth,outputs/stkd/afternoon/sunny/building/5x/frame_4025.png,106.16556549072266,1608.0489501953125,0.02855324074074074,3.135908603668213,8.097586631774902,15.770543098449707,131.60858154296875,68.28229522705078,28.180789947509766,6.328207898640507,33.22528076171875,29.057634353637695,13.309965133666992,1467.379638671875,0.01620804398148148,2.5026416778564453,10.259979248046875,15.624314308166504,126.5983657836914,69.19638061523438,29.353731155395508,5.104673862457275,10.0,-5.010168552398682,5.011312961578369,1.1345263719558716,0.6564655900001526,0.5001667737960815,0.7619085926437748,84.74070739746094,73.95628356933594,0.8727362071980045,6.792323416920144,61.891326904296875,59.512474060058594,6.792323416920144,0.4641155182796375,61.891326904296875,28.666046142578125,59.512474060058594,30.4548397064209,0.125369888740715,0.5676428860964735,0.7980595081530735,1.2670416155582394,oversmoothing_risk;oversharpening_or_ringing_risk;tone_or_color_shift,3,afternoon/sunny/building/5x/frame_4025.compare.jpg
afternoon/sunny/building/7x/frame_4175.png,afternoon,sunny,building,7x,stkd,checkpoints/train_svfocusdenoise_adv_x1_dim32_block2_stkd_nafnet_mcg105_260605/train_config.yaml,checkpoints/train_svfocusdenoise_adv_x1_dim32_block2_stkd_nafnet_mcg105_260605/best.pth,outputs/stkd/afternoon/sunny/building/7x/frame_4175.png,97.45509338378906,929.3801879882812,0.008720100308641975,2.463914394378662,7.08981990814209,12.009684562683105,132.52590942382812,69.70408630371094,35.32742691040039,7.1138087043933975,33.726959228515625,25.145158767700195,5.857618808746338,707.4777221679688,0.0048895640432098765,1.4999196529388428,9.329410552978516,11.403059005737305,127.84503173828125,70.87830352783203,36.174644470214844,4.656041145324707,10.0,-4.68089485168457,4.683394432067871,1.2109097242355347,0.7023454904556274,0.5126264095306396,0.7298778400329549,62.507564544677734,47.308956146240234,0.7568516945245214,7.311288957304676,61.219635009765625,34.1285514831543,7.311288957304676,0.19748025291127824,61.219635009765625,27.49267578125,34.1285514831543,8.983392715454102,0.06010582520995983,0.5607233713084836,0.6087547750688331,1.3158882276070842,oversmoothing_risk;oversharpening_or_ringing_risk;tone_or_color_shift,3,afternoon/sunny/building/7x/frame_4175.compare.jpg
afternoon/sunny/mixed/1x/frame_0125.png,afternoon,sunny,mixed,1x,stkd,checkpoints/train_svfocusdenoise_adv_x1_dim32_block2_stkd_nafnet_mcg105_260605/train_config.yaml,checkpoints/train_svfocusdenoise_adv_x1_dim32_block2_stkd_nafnet_mcg105_260605/best.pth,outputs/stkd/afternoon/sunny/mixed/1x/frame_0125.png,1767.4268798828125,27150.90234375,0.10564236111111111,13.855549812316895,13.48844051361084,29.575029373168945,130.06640625,60.92420959472656,70.00938415527344,3.4180152765950247,65.93377685546875,49.34072494506836,988.125244140625,26176.31640625,0.0808641975308642,11.647184371948242,18.579835891723633,27.264415740966797,125.3122787475586,61.1790885925293,74.08647918701172,6.581428527832031,17.0,-4.754152297973633,4.755686283111572,1.5850920677185059,5.466542720794678,3.680290460586548,0.6732391291092918,367.6221923828125,362.50787353515625,0.9860881117799042,4.756582833116949,29.67681884765625,50.50337219238281,4.756582833116949,1.338567556521924,29.67681884765625,-36.2569580078125,50.50337219238281,1.1626472473144531,0.5590756004605643,0.7654523874737515,0.8406150986223928,1.3774636047047244,oversharpening_or_ringing_risk;tone_or_color_shift;large_raw_deviation,3,afternoon/sunny/mixed/1x/frame_0125.compare.jpg
afternoon/sunny/mixed/3x/frame_0275.png,afternoon,sunny,mixed,3x,stkd,checkpoints/train_svfocusdenoise_adv_x1_dim32_block2_stkd_nafnet_mcg105_260605/train_config.yaml,checkpoints/train_svfocusdenoise_adv_x1_dim32_block2_stkd_nafnet_mcg105_260605/best.pth,outputs/stkd/afternoon/sunny/mixed/3x/frame_0275.png,1254.767578125,22787.55078125,0.10412567515432099,12.674996376037598,12.955726623535156,26.324865341186523,122.9809341430664,57.45077133178711,60.176151275634766,3.345829198454528,59.2137451171875,40.75177001953125,740.2059326171875,22535.67578125,0.07587287808641975,10.879653930664062,19.02311897277832,24.53634262084961,118.01270294189453,58.04039764404297,64.1531753540039,6.31865930557251,15.0,-4.968224048614502,4.969274044036865,1.270246148109436,4.42101526260376,3.0586023330688477,0.6918325659132608,334.575927734375,334.8641357421875,1.0008614128630358,4.9913178419037845,35.490234375,46.93023681640625,4.9913178419037845,1.6454886434492564,35.490234375,-23.7235107421875,46.93023681640625,6.178466796875,0.5899147742749918,0.7286663733413612,0.8583555851134068,1.4683174109448436,oversharpening_or_ringing_risk;tone_or_color_shift;large_raw_deviation,3,afternoon/sunny/mixed/3x/frame_0275.compare.jpg
afternoon/sunny/mixed/5x/frame_0425.png,afternoon,sunny,mixed,5x,stkd,checkpoints/train_svfocusdenoise_adv_x1_dim32_block2_stkd_nafnet_mcg105_260605/train_config.yaml,checkpoints/train_svfocusdenoise_adv_x1_dim32_block2_stkd_nafnet_mcg105_260605/best.pth,outputs/stkd/afternoon/sunny/mixed/5x/frame_0425.png,573.2396850585938,9698.8916015625,0.15296971450617283,9.448613166809082,9.4631929397583,20.56756591796875,141.6194305419922,49.35408401489258,52.82444763183594,3.7574915802962257,36.21124267578125,40.403194427490234,195.7227783203125,8746.251953125,0.05566116898148148,6.995463848114014,13.819334030151367,18.270126342773438,136.85964965820312,49.66966247558594,55.46555709838867,5.9614129066467285,15.0,-4.7597503662109375,4.76099157333374,1.2422603368759155,4.9158220291137695,3.4902782440185547,0.7100090734260749,204.64915466308594,191.28964233398438,0.934719924198586,4.5014425353961505,40.40606689453125,47.298866271972656,4.5014425353961505,0.7439509550999248,40.40606689453125,4.19482421875,47.298866271972656,6.895671844482422,0.34143270855420044,0.3638705162075423,0.7403693774539901,1.4603246618898935,oversharpening_or_ringing_risk;tone_or_color_shift;large_raw_deviation,3,afternoon/sunny/mixed/5x/frame_0425.compare.jpg
afternoon/sunny/mixed/7x/frame_0575.png,afternoon,sunny,mixed,7x,stkd,checkpoints/train_svfocusdenoise_adv_x1_dim32_block2_stkd_nafnet_mcg105_260605/train_config.yaml,checkpoints/train_svfocusdenoise_adv_x1_dim32_block2_stkd_nafnet_mcg105_260605/best.pth,outputs/stkd/afternoon/sunny/mixed/7x/frame_0575.png,357.37725830078125,4163.63818359375,0.11446903935185185,6.752402305603027,7.184425354003906,14.510510444641113,144.8164520263672,31.998489379882812,34.623111724853516,4.062443685043314,35.56842041015625,24.044631958007812,59.26833724975586,2903.480224609375,0.02566358024691358,4.187068462371826,10.439244270324707,12.122167587280273,140.72665405273438,31.61202621459961,36.69975280761719,5.206279754638672,13.0,-4.089885711669922,4.0886688232421875,1.1463462114334106,4.979928493499756,3.1016783714294434,0.6228359253507413,123.15348815917969,90.26750183105469,0.7329674796899066,5.097771937936409,39.18988037109375,41.442298889160156,5.097771937936409,1.0353282528930956,39.18988037109375,3.6214599609375,41.442298889160156,17.397666931152344,0.16584249801332782,0.22419669451430932,0.6200857521326104,1.45303817020061,oversmoothing_risk;oversharpening_or_ringing_risk;tone_or_color_shift,3,afternoon/sunny/mixed/7x/frame_0575.compare.jpg
afternoon/sunny/road_shaded/1x/frame_1725.png,afternoon,sunny,road_shaded,1x,stkd,checkpoints/train_svfocusdenoise_adv_x1_dim32_block2_stkd_nafnet_mcg105_260605/train_config.yaml,checkpoints/train_svfocusdenoise_adv_x1_dim32_block2_stkd_nafnet_mcg105_260605/best.pth,outputs/stkd/afternoon/sunny/road_shaded/1x/frame_1725.png,1929.2337646484375,28046.02734375,0.19598861882716048,16.5650577545166,11.473057746887207,35.046104431152344,129.55865478515625,63.08814239501953,57.967124938964844,2.8606690542913484,27.06793212890625,27.634788513183594,1011.8275756835938,25821.94921875,0.16369695216049382,15.181583404541016,12.040093421936035,34.355716705322266,124.18751525878906,63.65446853637695,58.63461685180664,7.105570316314697,19.0,-5.371184349060059,5.371486186981201,1.9279518127441406,5.558093070983887,4.8218464851379395,0.8675361177937926,360.87994384765625,348.8317565917969,0.9666144171731931,4.113466326713285,37.80328369140625,42.66291046142578,4.113466326713285,1.2527972724219363,37.80328369140625,10.7353515625,42.66291046142578,15.028121948242188,0.5244712145435513,0.8352370313138223,0.9164823708750204,1.0494232389968292,tone_or_color_shift;large_raw_deviation,2,afternoon/sunny/road_shaded/1x/frame_1725.compare.jpg
afternoon/sunny/road_shaded/3x/frame_2925.png,afternoon,sunny,road_shaded,3x,stkd,checkpoints/train_svfocusdenoise_adv_x1_dim32_block2_stkd_nafnet_mcg105_260605/train_config.yaml,checkpoints/train_svfocusdenoise_adv_x1_dim32_block2_stkd_nafnet_mcg105_260605/best.pth,outputs/stkd/afternoon/sunny/road_shaded/3x/frame_2925.png,1026.4913330078125,15490.6220703125,0.11411747685185185,10.752687454223633,9.335994720458984,25.238632202148438,130.49266052246094,59.5041618347168,46.185611724853516,3.4512577423488535,35.1444091796875,24.934329986572266,569.683837890625,14935.560546875,0.08613618827160494,9.42366886138916,10.878390312194824,24.475597381591797,125.63502502441406,60.29588317871094,49.79003143310547,5.840550899505615,14.0,-4.857548236846924,4.857085227966309,1.2337565422058105,3.779827833175659,3.005861759185791,0.7952377441118494,270.813232421875,262.8559265136719,0.9706169974153731,4.550778230059546,46.35693359375,37.63139724731445,4.550778230059546,1.0995204877106923,46.35693359375,11.2125244140625,37.63139724731445,12.697067260742188,0.5549816345953398,0.7548027755943778,0.8764012626152882,1.1652095612646203,oversharpening_or_ringing_risk;tone_or_color_shift,2,afternoon/sunny/road_shaded/3x/frame_2925.compare.jpg
afternoon/sunny/road_shaded/5x/frame_2175.png,afternoon,sunny,road_shaded,5x,stkd,checkpoints/train_svfocusdenoise_adv_x1_dim32_block2_stkd_nafnet_mcg105_260605/train_config.yaml,checkpoints/train_svfocusdenoise_adv_x1_dim32_block2_stkd_nafnet_mcg105_260605/best.pth,outputs/stkd/afternoon/sunny/road_shaded/5x/frame_2175.png,1721.5943603515625,25141.931640625,0.2024754050925926,15.297018051147461,11.338409423828125,35.58012008666992,126.61511993408203,70.08699798583984,65.69286346435547,3.0178908725564897,24.52099609375,26.355134963989258,877.4446411132812,22625.810546875,0.16099537037037037,13.811051368713379,12.164655685424805,34.85757064819336,120.8487319946289,71.07315063476562,64.28639221191406,7.336258888244629,19.0,-5.766355514526367,5.7661662101745605,2.2072231769561768,4.935675144195557,4.073659896850586,0.8253500844036066,337.6556091308594,321.39129638671875,0.9518316524164794,3.974834467102841,35.42034912109375,42.5030517578125,3.974834467102841,0.9569435945463511,35.42034912109375,10.89935302734375,42.5030517578125,16.147916793823242,0.5096697929087666,0.7951354402612343,0.9028590619775979,1.0728714434901503,tone_or_color_shift;large_raw_deviation,2,afternoon/sunny/road_shaded/5x/frame_2175.compare.jpg
afternoon/sunny/road_shaded/7x/frame_3125.png,afternoon,sunny,road_shaded,7x,stkd,checkpoints/train_svfocusdenoise_adv_x1_dim32_block2_stkd_nafnet_mcg105_260605/train_config.yaml,checkpoints/train_svfocusdenoise_adv_x1_dim32_block2_stkd_nafnet_mcg105_260605/best.pth,outputs/stkd/afternoon/sunny/road_shaded/7x/frame_3125.png,394.4046630859375,3851.010498046875,0.11660638503086419,6.3466267585754395,6.961292266845703,15.182394981384277,139.6673583984375,42.51955795288086,18.736318588256836,5.2522195328039905,43.556884765625,28.570037841796875,57.3934326171875,2321.314208984375,0.01843798225308642,3.6609411239624023,9.680736541748047,12.50006103515625,135.62985229492188,42.60577392578125,21.90252685546875,5.388701915740967,13.0,-4.037550926208496,4.037191867828369,0.7958024740219116,3.789396047592163,2.452531337738037,0.6472090293376462,121.83815002441406,78.91712951660156,0.6477210093947426,4.928622055175549,32.31793212890625,26.02296257019043,4.928622055175549,-0.32359747762844115,32.31793212890625,-11.23895263671875,26.02296257019043,-2.5470752716064453,0.1455191532679266,0.15812154924626232,0.576832585753654,1.3906522195389128,oversmoothing_risk;oversharpening_or_ringing_risk;tone_or_color_shift,3,afternoon/sunny/road_shaded/7x/frame_3125.compare.jpg
morning/cloudy/building/1x/frame_4375.png,morning,cloudy,building,1x,stkd,checkpoints/train_svfocusdenoise_adv_x1_dim32_block2_stkd_nafnet_mcg105_260605/train_config.yaml,checkpoints/train_svfocusdenoise_adv_x1_dim32_block2_stkd_nafnet_mcg105_260605/best.pth,outputs/stkd/morning/cloudy/building/1x/frame_4375.png,429.4247741699219,9082.880859375,0.08881510416666667,8.146134376525879,8.825342178344727,22.86809730529785,135.17343139648438,55.8189697265625,16.45009422302246,4.910790523576543,33.203369140625,41.79864501953125,278.86328125,9390.0390625,0.07514515817901235,7.699419975280762,9.710342407226562,23.35529327392578,130.49276733398438,56.98184585571289,17.762784957885742,5.1189398765563965,12.0,-4.680706977844238,4.682670593261719,1.042995810508728,2.652893304824829,2.205885410308838,0.8315017442642658,211.9490509033203,212.617919921875,1.003155800961146,6.562336985565797,58.83062744140625,73.31568145751953,6.562336985565797,1.6515464619892537,58.83062744140625,25.62725830078125,73.31568145751953,31.51703643798828,0.6493879674013749,0.8460853464518616,0.9451624070267756,1.1002794238452775,tone_or_color_shift,1,morning/cloudy/building/1x/frame_4375.compare.jpg
morning/cloudy/building/3x/frame_4725.png,morning,cloudy,building,3x,stkd,checkpoints/train_svfocusdenoise_adv_x1_dim32_block2_stkd_nafnet_mcg105_260605/train_config.yaml,checkpoints/train_svfocusdenoise_adv_x1_dim32_block2_stkd_nafnet_mcg105_260605/best.pth,outputs/stkd/morning/cloudy/building/3x/frame_4725.png,160.50692749023438,3234.4853515625,0.039260223765432097,4.5686774253845215,8.370246887207031,16.759490966796875,130.25416564941406,56.21145248413086,19.45458221435547,4.559868324664759,21.87969970703125,36.07522964477539,65.99231719970703,3201.65625,0.034835551697530866,3.918541193008423,9.515421867370605,16.620330810546875,125.79876708984375,57.429466247558594,22.785728454589844,4.647867679595947,10.0,-4.455417633056641,4.456247329711914,0.8736391067504883,1.4262328147888184,1.1282730102539062,0.7910861386406742,116.1466064453125,110.1147232055664,0.9480666424585878,6.098159096355582,35.5430908203125,67.49414825439453,6.098159096355582,1.5382907716908232,35.5430908203125,13.66339111328125,67.49414825439453,31.41891860961914,0.4111493393562229,0.8872988576341974,0.8576970593800721,1.1368149584588532,tone_or_color_shift,1,morning/cloudy/building/3x/frame_4725.compare.jpg
morning/cloudy/building/5x/frame_4875.png,morning,cloudy,building,5x,stkd,checkpoints/train_svfocusdenoise_adv_x1_dim32_block2_stkd_nafnet_mcg105_260605/train_config.yaml,checkpoints/train_svfocusdenoise_adv_x1_dim32_block2_stkd_nafnet_mcg105_260605/best.pth,outputs/stkd/morning/cloudy/building/5x/frame_4875.png,144.12213134765625,3158.57373046875,0.033736496913580244,4.299285411834717,9.052353858947754,15.53426742553711,129.87380981445312,58.37938690185547,23.23334503173828,4.6428541241057735,20.7142333984375,33.3115348815918,71.65487670898438,3252.60107421875,0.027390046296296298,3.7576491832733154,10.887950897216797,15.571044921875,125.25968170166016,59.533050537109375,26.085084915161133,4.715054035186768,10.0,-4.6141180992126465,4.61274528503418,0.8779197931289673,1.0014256238937378,0.8435098528862,0.8423090369971455,110.3047866821289,104.23046112060547,0.9449314418328179,6.446878101441032,36.0330810546875,63.8899040222168,6.446878101441032,1.8040239773352589,36.0330810546875,15.31884765625,63.8899040222168,30.578369140625,0.49718163365303053,0.8118817542455259,0.8740171501360599,1.20277566110108,oversharpening_or_ringing_risk;tone_or_color_shift,2,morning/cloudy/building/5x/frame_4875.compare.jpg
morning/cloudy/building/7x/frame_5025.png,morning,cloudy,building,7x,stkd,checkpoints/train_svfocusdenoise_adv_x1_dim32_block2_stkd_nafnet_mcg105_260605/train_config.yaml,checkpoints/train_svfocusdenoise_adv_x1_dim32_block2_stkd_nafnet_mcg105_260605/best.pth,outputs/stkd/morning/cloudy/building/7x/frame_5025.png,46.18437957763672,562.4650268554688,0.0071730324074074075,1.924492359161377,6.077412128448486,9.85384750366211,127.33038330078125,65.20906066894531,24.34100341796875,6.562556911458827,36.047271728515625,20.830854415893555,4.029243469238281,432.8249816894531,0.0044396219135802465,1.313792109489441,7.045356273651123,9.545987129211426,122.5166244506836,66.20829772949219,26.823204040527344,4.736692905426025,9.0,-4.813723564147949,4.811959743499756,0.8926948308944702,0.6931638121604919,0.5175009965896606,0.7465782077928801,50.50370788574219,40.809898376464844,0.8080574691424979,7.2908371272637815,62.42242431640625,44.87855529785156,7.2908371272637815,0.7282802158049542,62.42242431640625,26.375152587890625,44.87855529785156,24.047700881958008,0.08724255919612507,0.6189323652010219,0.6826694339602072,1.1592691304694758,oversmoothing_risk;oversharpening_or_ringing_risk;tone_or_color_shift,3,morning/cloudy/building/7x/frame_5025.compare.jpg
morning/cloudy/mixed/1x/frame_0175.png,morning,cloudy,mixed,1x,stkd,checkpoints/train_svfocusdenoise_adv_x1_dim32_block2_stkd_nafnet_mcg105_260605/train_config.yaml,checkpoints/train_svfocusdenoise_adv_x1_dim32_block2_stkd_nafnet_mcg105_260605/best.pth,outputs/stkd/morning/cloudy/mixed/1x/frame_0175.png,509.7300720214844,8415.462890625,0.09338396990740741,7.02699089050293,9.288106918334961,16.089860916137695,135.3048095703125,69.16674041748047,33.15913009643555,3.679076503707657,19.71685791015625,28.207408905029297,251.06813049316406,7692.13134765625,0.0665407986111111,6.051493167877197,9.839699745178223,15.616161346435547,130.4202880859375,69.87523651123047,33.96192169189453,5.483489036560059,13.0,-4.884481430053711,4.888085842132568,1.2477710247039795,0.8546543121337891,0.6793049573898315,0.7948300824620329,197.9235382080078,181.59291076660156,0.917490220772814,4.519985892756388,45.40081787109375,57.32609558105469,4.519985892756388,0.8409093890487309,45.40081787109375,25.6839599609375,57.32609558105469,29.11868667602539,0.4925511447607547,0.7125505445644258,0.8611784563511915,1.0593870022915437,oversmoothing_risk;tone_or_color_shift,2,morning/cloudy/mixed/1x/frame_0175.compare.jpg
morning/cloudy/mixed/3x/frame_0525.png,morning,cloudy,mixed,3x,stkd,checkpoints/train_svfocusdenoise_adv_x1_dim32_block2_stkd_nafnet_mcg105_260605/train_config.yaml,checkpoints/train_svfocusdenoise_adv_x1_dim32_block2_stkd_nafnet_mcg105_260605/best.pth,outputs/stkd/morning/cloudy/mixed/3x/frame_0525.png,401.32904052734375,6761.95751953125,0.09662278163580247,7.000420093536377,8.5301513671875,14.868212699890137,141.7381591796875,48.10800552368164,25.76388168334961,4.044176560643476,30.3079833984375,25.744842529296875,172.8665313720703,5987.5078125,0.06742428626543209,5.724347114562988,9.368097305297852,13.986403465270996,137.38343811035156,48.34663772583008,26.965513229370117,5.000494003295898,12.0,-4.354763031005859,4.356744289398193,1.003882646560669,1.3825653791427612,0.9896946549415588,0.7158393157184393,177.81893920898438,162.8847198486328,0.9160144615259463,5.177544665480018,41.6766357421875,51.422386169433594,5.177544665480018,1.133368104836542,41.6766357421875,11.36865234375,51.422386169433594,25.67754364013672,0.4307351671957873,0.697809410202788,0.8177147996944338,1.0982334195538002,oversmoothing_risk;tone_or_color_shift,2,morning/cloudy/mixed/3x/frame_0525.compare.jpg
morning/cloudy/mixed/5x/frame_0775.png,morning,cloudy,mixed,5x,stkd,checkpoints/train_svfocusdenoise_adv_x1_dim32_block2_stkd_nafnet_mcg105_260605/train_config.yaml,checkpoints/train_svfocusdenoise_adv_x1_dim32_block2_stkd_nafnet_mcg105_260605/best.pth,outputs/stkd/morning/cloudy/mixed/5x/frame_0775.png,621.0928344726562,9265.94140625,0.1535763888888889,9.55756664276123,9.211825370788574,20.217010498046875,141.9000701904297,42.28519058227539,30.037315368652344,3.9497214774546334,49.51708984375,42.81950378417969,203.87457275390625,8281.802734375,0.06233217592592592,7.224536895751953,12.074746131896973,18.24688720703125,137.55325317382812,42.60127258300781,30.923398971557617,5.891804218292236,15.0,-4.346771240234375,4.348440647125244,1.0705569982528687,5.470734596252441,3.744818687438965,0.6845184356053825,200.89053344726562,189.35459899902344,0.9425760176436069,4.750372517583123,41.44659423828125,42.68330764770508,4.750372517583123,0.8006510401284892,41.44659423828125,-8.07049560546875,42.68330764770508,-0.13619613647460938,0.3282513682950594,0.40587082673901576,0.7558970986850213,1.3107875633625172,oversharpening_or_ringing_risk;tone_or_color_shift;large_raw_deviation,3,morning/cloudy/mixed/5x/frame_0775.compare.jpg
morning/cloudy/mixed/7x/frame_0975.png,morning,cloudy,mixed,7x,stkd,checkpoints/train_svfocusdenoise_adv_x1_dim32_block2_stkd_nafnet_mcg105_260605/train_config.yaml,checkpoints/train_svfocusdenoise_adv_x1_dim32_block2_stkd_nafnet_mcg105_260605/best.pth,outputs/stkd/morning/cloudy/mixed/7x/frame_0975.png,552.4358520507812,6678.1328125,0.15507474922839506,8.571575164794922,8.535738945007324,19.15116310119629,141.4207305908203,33.16864776611328,32.96242904663086,4.0820594432920485,41.7818603515625,42.01054763793945,115.51898956298828,5497.35400390625,0.045814043209876545,5.985061168670654,11.652613639831543,16.902645111083984,137.10772705078125,32.94579315185547,33.79510498046875,5.875119686126709,15.0,-4.313029766082764,4.312516689300537,1.1154909133911133,5.903253078460693,4.067628383636475,0.6890486193922642,163.5115203857422,142.87351989746094,0.8737825907337057,5.053381057294269,39.254150390625,43.0550537109375,5.053381057294269,0.9713216140022203,39.254150390625,-2.5277099609375,43.0550537109375,1.0445060729980469,0.20910842251485426,0.29543199932828096,0.6982451945649886,1.365155813094228,oversmoothing_risk;oversharpening_or_ringing_risk;tone_or_color_shift;large_raw_deviation,4,morning/cloudy/mixed/7x/frame_0975.compare.jpg
morning/cloudy/road_shaded/1x/frame_2275.png,morning,cloudy,road_shaded,1x,stkd,checkpoints/train_svfocusdenoise_adv_x1_dim32_block2_stkd_nafnet_mcg105_260605/train_config.yaml,checkpoints/train_svfocusdenoise_adv_x1_dim32_block2_stkd_nafnet_mcg105_260605/best.pth,outputs/stkd/morning/cloudy/road_shaded/1x/frame_2275.png,1230.52001953125,21240.716796875,0.18783757716049382,14.338730812072754,10.445223808288574,32.40422821044922,129.77020263671875,62.35566329956055,49.259613037109375,3.097135926940765,25.53778076171875,24.016117095947266,711.1665649414062,19916.2578125,0.14782841435185184,13.181055068969727,10.803803443908691,31.981287002563477,124.55184936523438,63.11502456665039,49.69751739501953,6.400716781616211,16.0,-5.218352317810059,5.217826843261719,1.6785821914672852,5.843008518218994,4.955695629119873,0.8481410926695717,313.0633239746094,305.58502197265625,0.9761124940890245,4.15149282760165,33.91705322265625,46.62208557128906,4.15149282760165,1.0543569006608848,33.91705322265625,8.3792724609375,46.62208557128906,22.605968475341797,0.5779398576646608,0.7870012836970475,0.9192623281463447,1.034329531104501,tone_or_color_shift;large_raw_deviation,2,morning/cloudy/road_shaded/1x/frame_2275.compare.jpg
morning/cloudy/road_shaded/3x/frame_3575.png,morning,cloudy,road_shaded,3x,stkd,checkpoints/train_svfocusdenoise_adv_x1_dim32_block2_stkd_nafnet_mcg105_260605/train_config.yaml,checkpoints/train_svfocusdenoise_adv_x1_dim32_block2_stkd_nafnet_mcg105_260605/best.pth,outputs/stkd/morning/cloudy/road_shaded/3x/frame_3575.png,888.55712890625,14787.0986328125,0.11082947530864197,10.842535972595215,9.535699844360352,27.17637062072754,132.18212890625,54.937599182128906,28.04407501220703,3.3064406167417433,31.6761474609375,24.098209381103516,512.6180419921875,14685.9970703125,0.08158757716049382,9.64794635772705,10.580817222595215,26.72576141357422,127.65958404541016,55.774471282958984,31.0484619140625,5.438346862792969,14.0,-4.522550582885742,4.5222086906433105,1.036283254623413,4.700106620788574,3.726348400115967,0.7928220997443602,264.59564208984375,261.9998779296875,0.9901896942079081,4.641519883917722,42.11297607421875,40.904212951660156,4.641519883917722,1.3350792671759786,42.11297607421875,10.43682861328125,40.904212951660156,16.80600357055664,0.5769106175797425,0.7361541407038674,0.8898237812733553,1.109600490293638,tone_or_color_shift,1,morning/cloudy/road_shaded/3x/frame_3575.compare.jpg
morning/cloudy/road_shaded/5x/frame_2775.png,morning,cloudy,road_shaded,5x,stkd,checkpoints/train_svfocusdenoise_adv_x1_dim32_block2_stkd_nafnet_mcg105_260605/train_config.yaml,checkpoints/train_svfocusdenoise_adv_x1_dim32_block2_stkd_nafnet_mcg105_260605/best.pth,outputs/stkd/morning/cloudy/road_shaded/5x/frame_2775.png,1256.0184326171875,19273.841796875,0.17314236111111111,12.654838562011719,10.157112121582031,31.34980010986328,122.33653259277344,73.48526763916016,63.53373336791992,3.149039366084887,22.14691162109375,24.452980041503906,659.3560791015625,17692.044921875,0.13299045138888888,11.398305892944336,10.743913650512695,30.789445877075195,116.61774444580078,74.65016174316406,63.04842758178711,6.784931182861328,17.0,-5.718710899353027,5.718259334564209,1.9414771795272827,3.5261049270629883,2.929964303970337,0.8309350868951035,298.96221923828125,284.208740234375,0.9506510252650108,4.162018318515459,39.9324951171875,45.30331039428711,4.162018318515459,1.0129789524305721,39.9324951171875,17.78558349609375,45.30331039428711,20.850330352783203,0.5249573270414916,0.7680988669407399,0.900707333174574,1.0577724772461472,tone_or_color_shift;large_raw_deviation,2,morning/cloudy/road_shaded/5x/frame_2775.compare.jpg
morning/cloudy/road_shaded/7x/frame_3875.png,morning,cloudy,road_shaded,7x,stkd,checkpoints/train_svfocusdenoise_adv_x1_dim32_block2_stkd_nafnet_mcg105_260605/train_config.yaml,checkpoints/train_svfocusdenoise_adv_x1_dim32_block2_stkd_nafnet_mcg105_260605/best.pth,outputs/stkd/morning/cloudy/road_shaded/7x/frame_3875.png,129.10211181640625,1650.814453125,0.016217689043209877,3.6837339401245117,9.880250930786133,13.585613250732422,135.8153533935547,37.412147521972656,12.174386978149414,6.688824547465132,31.7032470703125,19.217151641845703,16.042072296142578,1358.6082763671875,0.013169367283950618,2.3359735012054443,10.215871810913086,12.370560646057129,132.46395874023438,37.5604362487793,14.5269193649292,3.778042793273926,9.0,-3.351466417312622,3.3495824337005615,0.6670731902122498,2.3004214763641357,1.3557169437408447,0.5893341536193549,78.9154281616211,63.009552001953125,0.798444023808725,7.4368330883899,46.252197265625,25.670177459716797,7.4368330883899,0.7480085409247677,46.252197265625,14.5489501953125,25.670177459716797,6.453025817871094,0.12425879073888207,0.812037229771923,0.6341319810752911,1.033968861973048,oversmoothing_risk;tone_or_color_shift,2,morning/cloudy/road_shaded/7x/frame_3875.compare.jpg
morning/sunny/building/1x/frame_4375.png,morning,sunny,building,1x,stkd,checkpoints/train_svfocusdenoise_adv_x1_dim32_block2_stkd_nafnet_mcg105_260605/train_config.yaml,checkpoints/train_svfocusdenoise_adv_x1_dim32_block2_stkd_nafnet_mcg105_260605/best.pth,outputs/stkd/morning/sunny/building/1x/frame_4375.png,619.9995727539062,12590.490234375,0.09866174768518518,9.638251304626465,9.584864616394043,26.46870994567871,131.06985473632812,58.41965103149414,20.75249671936035,4.6446839801467705,36.66375732421875,42.352378845214844,406.2650146484375,13152.2138671875,0.08582417052469135,9.155840873718262,10.536396980285645,27.07843589782715,126.50493621826172,59.837039947509766,21.579330444335938,5.299746513366699,13.0,-4.564964771270752,4.566349506378174,1.222075343132019,3.775876522064209,3.280620574951172,0.8688368265701949,250.17066955566406,254.9134521484375,1.0189581880289853,6.439246413661726,58.5855712890625,67.06722259521484,6.439246413661726,1.7945624335149555,58.5855712890625,21.92181396484375,67.06722259521484,24.71484375,0.6552666042073138,0.8698829337439206,0.9499483448126487,1.0992744709470483,tone_or_color_shift,1,morning/sunny/building/1x/frame_4375.compare.jpg
morning/sunny/building/3x/frame_4475.png,morning,sunny,building,3x,stkd,checkpoints/train_svfocusdenoise_adv_x1_dim32_block2_stkd_nafnet_mcg105_260605/train_config.yaml,checkpoints/train_svfocusdenoise_adv_x1_dim32_block2_stkd_nafnet_mcg105_260605/best.pth,outputs/stkd/morning/sunny/building/3x/frame_4475.png,380.989501953125,8327.80859375,0.05014998070987654,6.866317272186279,11.051240921020508,23.028785705566406,129.25306701660156,63.98367691040039,23.99672508239746,4.567134206396833,23.15576171875,46.53546905517578,255.09002685546875,8848.728515625,0.04511670524691358,6.30265474319458,12.663804054260254,23.0003662109375,124.86534881591797,65.39389038085938,27.432947158813477,4.810150146484375,11.0,-4.387718200683594,4.387487888336182,0.8948211073875427,2.109374523162842,1.8141636848449707,0.8600481635308529,185.51609802246094,186.8873748779297,1.0073916865980155,6.202548890435636,24.67633056640625,60.276634216308594,6.202548890435636,1.6354146840388024,24.67633056640625,1.52056884765625,60.276634216308594,13.741165161132812,0.6695460781668827,0.8996355453837351,0.9179090469246223,1.1459169286747244,tone_or_color_shift,1,morning/sunny/building/3x/frame_4475.compare.jpg
morning/sunny/building/5x/frame_4675.png,morning,sunny,building,5x,stkd,checkpoints/train_svfocusdenoise_adv_x1_dim32_block2_stkd_nafnet_mcg105_260605/train_config.yaml,checkpoints/train_svfocusdenoise_adv_x1_dim32_block2_stkd_nafnet_mcg105_260605/best.pth,outputs/stkd/morning/sunny/building/5x/frame_4675.png,224.94544982910156,5180.52001953125,0.038140432098765435,5.205682277679443,11.147021293640137,18.6975040435791,127.7144546508789,66.48572540283203,35.36497497558594,4.484361252671954,24.16357421875,42.3167610168457,147.09828186035156,5495.60205078125,0.03252025462962963,4.768504619598389,12.859984397888184,18.762956619262695,123.10111236572266,68.02194213867188,38.76591491699219,4.747251033782959,10.0,-4.61337423324585,4.612633228302002,1.072882890701294,1.168179988861084,1.0489246845245361,0.8979135873977642,138.7718048095703,136.0642852783203,0.9804894118443916,5.960841173812053,28.01959228515625,66.97236633300781,5.960841173812053,1.4764799211400987,28.01959228515625,3.85601806640625,66.97236633300781,24.65560531616211,0.6539286834746244,0.8526451547643131,0.9160191431667749,1.1536700306857193,oversharpening_or_ringing_risk;tone_or_color_shift,2,morning/sunny/building/5x/frame_4675.compare.jpg
morning/sunny/building/7x/frame_4825.png,morning,sunny,building,7x,stkd,checkpoints/train_svfocusdenoise_adv_x1_dim32_block2_stkd_nafnet_mcg105_260605/train_config.yaml,checkpoints/train_svfocusdenoise_adv_x1_dim32_block2_stkd_nafnet_mcg105_260605/best.pth,outputs/stkd/morning/sunny/building/7x/frame_4825.png,176.9461212158203,3272.736572265625,0.029928144290123457,4.467324256896973,9.9493989944458,16.67691421508789,134.59716796875,59.410865783691406,36.12824249267578,4.53188118262842,26.581787109375,43.34239196777344,66.48129272460938,3261.032958984375,0.023619791666666667,3.5340025424957275,11.5994234085083,16.058605194091797,129.92298889160156,60.17178726196289,36.371185302734375,4.863645076751709,11.0,-4.674204349517822,4.674606800079346,1.1725045442581177,1.2704070806503296,1.0469475984573364,0.8241040327966349,109.38656616210938,95.09661865234375,0.8693628659246134,5.789260395261912,36.53826904296875,49.97344970703125,5.789260395261912,1.2573792126334915,36.53826904296875,9.95648193359375,49.97344970703125,6.6310577392578125,0.3757148914472246,0.78921671312783,0.7910781352035692,1.1658416166628374,oversharpening_or_ringing_risk;tone_or_color_shift,2,morning/sunny/building/7x/frame_4825.compare.jpg
morning/sunny/dark/1x/frame_3425.png,morning,sunny,dark,1x,stkd,checkpoints/train_svfocusdenoise_adv_x1_dim32_block2_stkd_nafnet_mcg105_260605/train_config.yaml,checkpoints/train_svfocusdenoise_adv_x1_dim32_block2_stkd_nafnet_mcg105_260605/best.pth,outputs/stkd/morning/sunny/dark/1x/frame_3425.png,419.236083984375,3778.8115234375,0.14809461805555554,6.754533290863037,5.197938919067383,11.344756126403809,16.76122283935547,11.66038990020752,137.7530517578125,4.507832973059621,39.13232421875,11.756168365478516,39.83956527709961,1051.107177734375,0.01810185185185185,3.084892749786377,3.4464762210845947,6.876264572143555,10.725847244262695,7.325637340545654,134.99203491210938,7.83306884765625,22.0,-6.03538179397583,6.039431095123291,2.4918925762176514,5.401699542999268,2.5104317665100098,0.4647485011941454,119.39854431152344,56.523468017578125,0.4734016511131192,9.601172974942678,57.6473388671875,55.11216354370117,9.601172974942678,5.093340001883057,57.6473388671875,18.5150146484375,55.11216354370117,43.355995178222656,0.09502895098739744,0.12223166573859696,0.45671441933069745,0.6630466949971323,oversmoothing_risk;tone_or_color_shift;large_raw_deviation,3,morning/sunny/dark/1x/frame_3425.compare.jpg
morning/sunny/dark/7x/frame_4275.png,morning,sunny,dark,7x,stkd,checkpoints/train_svfocusdenoise_adv_x1_dim32_block2_stkd_nafnet_mcg105_260605/train_config.yaml,checkpoints/train_svfocusdenoise_adv_x1_dim32_block2_stkd_nafnet_mcg105_260605/best.pth,outputs/stkd/morning/sunny/dark/7x/frame_4275.png,231.72430419921875,2933.434814453125,0.11605131172839506,6.014922142028809,4.854320049285889,10.165678977966309,13.955269813537598,10.450343132019043,152.092529296875,4.495338889586303,38.8441162109375,12.247478485107422,22.650917053222656,734.3436279296875,0.011374421296296296,2.59443736076355,3.177691698074341,5.9322285652160645,8.32455062866211,6.3436455726623535,148.25848388671875,6.92515754699707,20.0,-5.63071346282959,5.634781360626221,2.1716179847717285,4.838408470153809,2.092963457107544,0.4325727085710501,106.185302734375,47.726715087890625,0.4494662995620035,10.155020554765576,57.50054931640625,54.052215576171875,10.155020554765576,5.659681665179273,57.50054931640625,18.65643310546875,54.052215576171875,41.80473709106445,0.09774942309784276,0.09801200113030036,0.43133349019351674,0.6546110816368208,oversmoothing_risk;tone_or_color_shift;large_raw_deviation,3,morning/sunny/dark/7x/frame_4275.compare.jpg
morning/sunny/flat/1x/frame_0225.png,morning,sunny,flat,1x,stkd,checkpoints/train_svfocusdenoise_adv_x1_dim32_block2_stkd_nafnet_mcg105_260605/train_config.yaml,checkpoints/train_svfocusdenoise_adv_x1_dim32_block2_stkd_nafnet_mcg105_260605/best.pth,outputs/stkd/morning/sunny/flat/1x/frame_0225.png,1071.5596923828125,5391.62548828125,0.26914689429012345,8.558423042297363,5.5251383781433105,11.282639503479004,151.2290496826172,14.812651634216309,0.0,8.814976639845327,66.81524658203125,41.922950744628906,43.69627380371094,707.8346557617188,0.00923852237654321,2.8298254013061523,3.4049019813537598,4.364509582519531,147.04022216796875,10.207284927368164,3.6899454593658447,7.366940021514893,19.0,-4.188940048217773,4.18790864944458,0.8189409971237183,7.02898645401001,2.395611047744751,0.3408188454223104,133.3445587158203,43.807857513427734,0.3285312721817892,6.973416228021897,44.78790283203125,9.034783363342285,6.973416228021897,-1.8415604118234299,44.78790283203125,-22.02734375,9.034783363342285,-32.88816738128662,0.040778198465588174,0.03432520520405732,0.33064799289782876,0.6162564171827958,oversmoothing_risk;tone_or_color_shift;large_raw_deviation,3,morning/sunny/flat/1x/frame_0225.compare.jpg
morning/sunny/flat/3x/frame_1375.png,morning,sunny,flat,3x,stkd,checkpoints/train_svfocusdenoise_adv_x1_dim32_block2_stkd_nafnet_mcg105_260605/train_config.yaml,checkpoints/train_svfocusdenoise_adv_x1_dim32_block2_stkd_nafnet_mcg105_260605/best.pth,outputs/stkd/morning/sunny/flat/3x/frame_1375.png,636.5153198242188,1799.968017578125,0.038381076388888886,5.256881237030029,5.155566692352295,7.0334858894348145,147.4545135498047,8.378357887268066,0.0,16.681528392129863,114.90582275390625,48.978580474853516,12.92464542388916,80.89490509033203,1.54320987654321e-05,1.040210247039795,1.594787359237671,1.9174518585205078,143.94244384765625,4.874002933502197,3.2091989517211914,5.402134895324707,14.0,-3.512125253677368,3.5103843212127686,0.8108699917793274,4.5040602684021,0.9824076294898987,0.21811600443757523,75.52730560302734,13.300640106201172,0.17610372831396284,11.613740475098558,33.316650390625,7.103187561035156,11.613740475098558,-5.067787917031305,33.316650390625,-81.58917236328125,7.103187561035156,-41.87539291381836,0.020305317124901964,0.0004020757158832473,0.19787592683518196,0.3093330868172764,oversmoothing_risk;tone_or_color_shift,2,morning/sunny/flat/3x/frame_1375.compare.jpg
morning/sunny/flat/5x/frame_1675.png,morning,sunny,flat,5x,stkd,checkpoints/train_svfocusdenoise_adv_x1_dim32_block2_stkd_nafnet_mcg105_260605/train_config.yaml,checkpoints/train_svfocusdenoise_adv_x1_dim32_block2_stkd_nafnet_mcg105_260605/best.pth,outputs/stkd/morning/sunny/flat/5x/frame_1675.png,647.0767822265625,1803.10693359375,0.039621913580246915,5.233380317687988,5.107624530792236,6.925045967102051,147.95556640625,7.866817474365234,0.37177759408950806,16.94110497849671,118.68914794921875,48.89833450317383,12.888854026794434,74.91287994384766,3.858024691358025e-06,1.0045719146728516,1.9162765741348267,1.49383544921875,144.39219665527344,4.0173468589782715,3.3135788440704346,5.423548698425293,14.0,-3.5634360313415527,3.5616769790649414,0.7777905464172363,4.467647552490234,0.9422056674957275,0.2108952544769448,75.79236602783203,12.988554000854492,0.17137021419920986,11.698338501487148,35.264892578125,7.211334228515625,11.698338501487148,-5.242766477009562,35.264892578125,-83.42425537109375,7.211334228515625,-41.6870002746582,0.019918585214021216,9.737098344693281e-05,0.1919546934660107,0.3751796089517167,oversmoothing_risk;tone_or_color_shift,2,morning/sunny/flat/5x/frame_1675.compare.jpg
morning/sunny/flat/7x/frame_2225.png,morning,sunny,flat,7x,stkd,checkpoints/train_svfocusdenoise_adv_x1_dim32_block2_stkd_nafnet_mcg105_260605/train_config.yaml,checkpoints/train_svfocusdenoise_adv_x1_dim32_block2_stkd_nafnet_mcg105_260605/best.pth,outputs/stkd/morning/sunny/flat/7x/frame_2225.png,707.0181884765625,2053.8740234375,0.0630979938271605,5.532901763916016,5.349430561065674,7.311549663543701,148.60020446777344,12.57800579071045,0.9284548759460449,13.965969942777129,109.635009765625,49.9803581237793,13.479402542114258,87.5550308227539,7.71604938271605e-06,1.0746138095855713,1.8824248313903809,1.5966631174087524,144.83517456054688,10.151519775390625,3.4470129013061523,5.710025787353516,15.0,-3.7650346755981445,3.7630717754364014,0.7064135074615479,4.567820072174072,0.9884629845619202,0.2163970929116429,81.09825134277344,14.05716609954834,0.1733350086690982,10.747784581384906,31.488037109375,6.30584716796875,10.747784581384906,-3.218185361392223,31.488037109375,-78.14697265625,6.30584716796875,-43.67451095581055,0.019065142540616687,0.0001222867624579639,0.19422246326401305,0.3518925631245839,oversmoothing_risk;tone_or_color_shift;large_raw_deviation,3,morning/sunny/flat/7x/frame_2225.compare.jpg
morning/sunny/mixed/1x/frame_0425.png,morning,sunny,mixed,1x,stkd,checkpoints/train_svfocusdenoise_adv_x1_dim32_block2_stkd_nafnet_mcg105_260605/train_config.yaml,checkpoints/train_svfocusdenoise_adv_x1_dim32_block2_stkd_nafnet_mcg105_260605/best.pth,outputs/stkd/morning/sunny/mixed/1x/frame_0425.png,382.65948486328125,6320.564453125,0.053742766203703704,5.202060699462891,8.253949165344238,12.191391944885254,136.79200744628906,72.99557495117188,36.07520294189453,3.397766022854997,19.0985107421875,30.99103546142578,208.7828369140625,5866.23828125,0.03344280478395062,4.1396260261535645,9.465157508850098,11.396329879760742,131.95986938476562,73.5723648071289,38.45845031738281,5.281122207641602,12.0,-4.832040309906006,4.834447383880615,1.0326403379440308,0.8037018179893494,0.5288910865783691,0.6580687945953831,149.93075561523438,131.3487548828125,0.8760627820744887,5.061899477099399,44.9547119140625,57.023990631103516,5.061899477099399,1.6641334542444017,44.9547119140625,25.856201171875,57.023990631103516,26.032955169677734,0.5456099879208733,0.6222754641469478,0.7957665750768687,1.1467428886758047,oversmoothing_risk;tone_or_color_shift,2,morning/sunny/mixed/1x/frame_0425.compare.jpg
morning/sunny/mixed/3x/frame_0575.png,morning,sunny,mixed,3x,stkd,checkpoints/train_svfocusdenoise_adv_x1_dim32_block2_stkd_nafnet_mcg105_260605/train_config.yaml,checkpoints/train_svfocusdenoise_adv_x1_dim32_block2_stkd_nafnet_mcg105_260605/best.pth,outputs/stkd/morning/sunny/mixed/3x/frame_0575.png,155.426513671875,1749.95068359375,0.03532407407407408,3.482700824737549,6.3062520027160645,7.5380635261535645,138.93020629882812,58.464603424072266,16.960832595825195,3.769373931931539,19.39959716796875,28.896709442138672,30.142135620117188,1155.5997314453125,0.017102141203703704,2.1710309982299805,7.000607013702393,6.34031867980957,134.28749084472656,58.596744537353516,18.278745651245117,4.971340656280518,10.0,-4.6427531242370605,4.645294666290283,0.7552254796028137,0.45877450704574585,0.308606892824173,0.6726766376175318,82.89749145507812,57.114402770996094,0.6889762496847832,5.161645604549508,45.709075927734375,41.54414367675781,5.161645604549508,1.3922716726179694,45.709075927734375,26.309478759765625,41.54414367675781,12.64743423461914,0.19393174888906692,0.4841497378768021,0.6233756809684008,1.1101058141487643,oversmoothing_risk;tone_or_color_shift,2,morning/sunny/mixed/3x/frame_0575.compare.jpg
morning/sunny/mixed/5x/frame_0825.png,morning,sunny,mixed,5x,stkd,checkpoints/train_svfocusdenoise_adv_x1_dim32_block2_stkd_nafnet_mcg105_260605/train_config.yaml,checkpoints/train_svfocusdenoise_adv_x1_dim32_block2_stkd_nafnet_mcg105_260605/best.pth,outputs/stkd/morning/sunny/mixed/5x/frame_0825.png,274.2837829589844,2113.57373046875,0.06064863040123457,4.329118251800537,6.259978294372559,8.59868049621582,142.2367401123047,55.83924865722656,24.010377883911133,4.329481578513563,23.60986328125,33.83014678955078,27.916536331176758,1141.9903564453125,0.017822627314814814,2.3378262519836426,7.899400234222412,6.665898323059082,137.85153198242188,55.937835693359375,25.905473709106445,5.148763656616211,12.0,-4.3852362632751465,4.3882951736450195,0.795267641544342,0.5116716623306274,0.33839255571365356,0.6613470720115707,92.14297485351562,56.332706451416016,0.611361924671642,5.196450623929341,38.142333984375,32.49543380737305,5.196450623929341,0.8669690454157779,38.142333984375,14.532470703125,32.49543380737305,-1.3347129821777344,0.10177975536873544,0.2938669380809631,0.5400236528561699,1.2618893968567944,oversmoothing_risk;oversharpening_or_ringing_risk;tone_or_color_shift,3,morning/sunny/mixed/5x/frame_0825.compare.jpg
morning/sunny/mixed/7x/frame_1025.png,morning,sunny,mixed,7x,stkd,checkpoints/train_svfocusdenoise_adv_x1_dim32_block2_stkd_nafnet_mcg105_260605/train_config.yaml,checkpoints/train_svfocusdenoise_adv_x1_dim32_block2_stkd_nafnet_mcg105_260605/best.pth,outputs/stkd/morning/sunny/mixed/7x/frame_1025.png,386.3016052246094,1563.7071533203125,0.04641493055555555,4.4842305183410645,5.340816974639893,7.621819972991943,147.83082580566406,39.4051399230957,23.09284019470215,7.543769195684499,42.07696533203125,32.08130645751953,11.093917846679688,283.2077331542969,0.0017824074074074075,1.5811657905578613,8.0204496383667,4.686525344848633,144.08827209472656,39.203834533691406,25.489870071411133,4.864264011383057,12.0,-3.742574691772461,3.7444660663604736,0.7439228892326355,2.5111353397369385,1.0038378238677979,0.39975456837501955,73.65242004394531,24.38817596435547,0.33112524951392047,6.103805746794175,34.535400390625,24.437232971191406,6.103805746794175,-1.4399634488903237,34.535400390625,-7.54156494140625,24.437232971191406,-7.644073486328125,0.028718280474732412,0.0384015959104794,0.35260582257997114,1.5017271096258606,oversmoothing_risk;oversharpening_or_ringing_risk;tone_or_color_shift,3,morning/sunny/mixed/7x/frame_1025.compare.jpg
morning/sunny/road_shaded/1x/frame_1925.png,morning,sunny,road_shaded,1x,stkd,checkpoints/train_svfocusdenoise_adv_x1_dim32_block2_stkd_nafnet_mcg105_260605/train_config.yaml,checkpoints/train_svfocusdenoise_adv_x1_dim32_block2_stkd_nafnet_mcg105_260605/best.pth,outputs/stkd/morning/sunny/road_shaded/1x/frame_1925.png,1821.242431640625,24149.66015625,0.18668595679012345,15.138494491577148,10.386373519897461,33.7614631652832,129.31283569335938,68.98524475097656,57.813899993896484,2.6909691503956474,26.27337646484375,27.72002601623535,846.0715942382812,21473.125,0.14534577546296296,13.400541305541992,11.196006774902344,32.75351333618164,123.71400451660156,69.52085876464844,59.39503860473633,7.2907843589782715,19.0,-5.598776340484619,5.59837532043457,1.8482633829116821,5.2547125816345215,4.399522304534912,0.8372527014915067,335.4623107910156,317.27532958984375,0.945785321879268,3.9531935622497385,35.0091552734375,47.36985778808594,3.9531935622497385,1.262224411854091,35.0091552734375,8.73577880859375,47.36985778808594,19.649831771850586,0.4645573700345411,0.7785576267333485,0.8851964317190107,1.077951486479265,tone_or_color_shift;large_raw_deviation,2,morning/sunny/road_shaded/1x/frame_1925.compare.jpg
morning/sunny/road_shaded/3x/frame_3075.png,morning,sunny,road_shaded,3x,stkd,checkpoints/train_svfocusdenoise_adv_x1_dim32_block2_stkd_nafnet_mcg105_260605/train_config.yaml,checkpoints/train_svfocusdenoise_adv_x1_dim32_block2_stkd_nafnet_mcg105_260605/best.pth,outputs/stkd/morning/sunny/road_shaded/3x/frame_3075.png,578.0084838867188,10357.3681640625,0.09059847608024692,8.68837833404541,8.715471267700195,21.394601821899414,138.71554565429688,60.5517578125,30.7866268157959,3.619938863074786,32.14764404296875,21.586536407470703,334.85418701171875,10124.259765625,0.0731833526234568,7.522775650024414,9.6182279586792,20.68269157409668,134.19322204589844,61.68293380737305,35.41025924682617,5.148681163787842,13.0,-4.52218770980835,4.521728038787842,1.0180275440216064,3.3438379764556885,2.401989221572876,0.7183330168762758,223.01316833496094,215.6420135498047,0.9669474460176947,4.832634084945661,54.92633056640625,45.54523468017578,4.832634084945661,1.2126952218708746,54.92633056640625,22.7786865234375,45.54523468017578,23.958698272705078,0.5793240001600829,0.8077768610438346,0.8658434705296405,1.1035809382247233,tone_or_color_shift,1,morning/sunny/road_shaded/3x/frame_3075.compare.jpg
morning/sunny/road_shaded/5x/frame_2275.png,morning,sunny,road_shaded,5x,stkd,checkpoints/train_svfocusdenoise_adv_x1_dim32_block2_stkd_nafnet_mcg105_260605/train_config.yaml,checkpoints/train_svfocusdenoise_adv_x1_dim32_block2_stkd_nafnet_mcg105_260605/best.pth,outputs/stkd/morning/sunny/road_shaded/5x/frame_2275.png,1079.2471923828125,15508.1337890625,0.1417134452160494,10.533384323120117,9.029974937438965,25.932340621948242,115.697265625,76.4899673461914,67.64839172363281,3.401399015147781,25.11578369140625,25.758642196655273,538.8595581054688,13965.9609375,0.10789737654320988,9.229310035705566,9.903833389282227,25.204092025756836,109.86768341064453,77.7828369140625,69.39276123046875,6.6176557540893555,17.0,-5.829602241516113,5.8295793533325195,1.854490041732788,2.412236213684082,1.881104826927185,0.7798178371819865,272.2841491699219,253.13302612304688,0.929664936041049,4.526281072486093,44.0211181640625,44.878597259521484,4.526281072486093,1.1248820573383118,44.0211181640625,18.90533447265625,44.878597259521484,19.11995506286621,0.49929206386513675,0.7613771324147459,0.8761960783532611,1.0967730761045833,tone_or_color_shift;large_raw_deviation,2,morning/sunny/road_shaded/5x/frame_2275.compare.jpg
morning/sunny/road_shaded/7x/frame_3425.png,morning,sunny,road_shaded,7x,stkd,checkpoints/train_svfocusdenoise_adv_x1_dim32_block2_stkd_nafnet_mcg105_260605/train_config.yaml,checkpoints/train_svfocusdenoise_adv_x1_dim32_block2_stkd_nafnet_mcg105_260605/best.pth,outputs/stkd/morning/sunny/road_shaded/7x/frame_3425.png,277.04693603515625,3453.299072265625,0.05381751543209876,5.905643463134766,8.677172660827637,15.695657730102539,142.20794677734375,30.945287704467773,8.592721939086914,5.50651340396341,30.1529541015625,25.58096694946289,49.4272346496582,2698.8720703125,0.018856095679012346,3.8071630001068115,11.987858772277832,13.81783390045166,138.54356384277344,30.406848907470703,10.606693267822266,4.5843658447265625,11.0,-3.6643717288970947,3.6630280017852783,0.6734164953231812,4.216710090637207,2.688950300216675,0.6376891563371232,113.77440643310547,85.69298553466797,0.753183323219988,6.2019640599145225,38.1668701171875,32.854305267333984,6.2019640599145225,0.6954506559511122,38.1668701171875,8.013916015625,32.854305267333984,7.273338317871094,0.17840744011471785,0.3503709810387469,0.6446652297709041,1.3815397296859158,oversmoothing_risk;oversharpening_or_ringing_risk;tone_or_color_shift,3,morning/sunny/road_shaded/7x/frame_3425.compare.jpg
