epoch,train_loss,val_loss,psnr,ssim,lpips,niqe,lr
1,0.0694124307632416,0.052386667467653754,23.77891372680664,0.7169665661841864,0.3925656214356422,6.362714056036325,0.0002
1,0.06961823209274713,0.05437455620616674,23.51445617675781,0.7009060183135252,0.4082797628641128,6.715039657084287,0.0002
2,0.05874910780689609,0.042084615603089334,25.252377281188966,0.7431787399413012,0.3704220813512802,6.248669783081797,0.00019997807931331082
2,0.058780451065365724,0.039304404258728026,25.726924629211425,0.7449010306157271,0.3760632649064064,6.424851708924313,0.00019997807931331082
3,0.055792241144004245,0.04653766490519047,24.78513376235962,0.752063124061111,0.34416955083608625,5.831017033244631,0.0001999123268683809
3,0.055670264016547996,0.045444932095706464,24.927362861633302,0.751574974202248,0.351094074845314,6.047831125173832,0.0001999123268683809
4,0.05401187814950604,0.04140030488371849,25.600792274475097,0.7536357228077715,0.34749529376626015,5.9794605047302944,0.00019980277150640575
4,0.05424708676552063,0.04562400478869676,25.147525177001953,0.740236443238046,0.35450242206454274,6.106142972488012,0.00019980277150640575
