file_path,relative_path,time_label,weather_label,scene_label,scene_kind,zoom_label,frame_index,frame_number,burst_id,width,height,mean_r,mean_g,mean_b,std_r,std_g,std_b,mean_y,std_y,mean_cr,mean_cb,std_cr,std_cb,tint_rg,tint_bg,g_over_r,g_over_b,green_excess,green_excess_norm,chroma_mottle_std,edge_density,high_freq_energy,dark_region_ratio,dark_noise_std,hot_pixel_ratio,hot_pixel_count,y_clip_low_ratio,y_clip_high_ratio,rgb_clip_low_ratio,rgb_clip_high_ratio,r_clip_high_ratio,g_clip_high_ratio,b_clip_high_ratio,flat_shading_range_norm,flat_center_y,flat_corner_y,flat_center_corner_y_ratio,flat_center_g_over_r,flat_center_g_over_b,frame_count,burst_temporal_noise_mean,burst_temporal_noise_median,burst_temporal_noise_p90,burst_temporal_noise_max,burst_mean_y_std,burst_mean_y_range,burst_mean_y_drift,burst_g_over_r_range,burst_g_over_b_range,burst_green_excess_range,burst_edge_density_range,burst_high_freq_range,burst_high_freq_rel_range,unstable_auto,hot_persistence_count_25,hot_persistence_count_50,hot_persistence_count_75,hot_persistence_ratio_25,hot_persistence_ratio_50,hot_persistence_ratio_75,map_temporal_std,map_hot_persistence,map_hot_fixed_mask,map_flat_shading,map_flat_green_excess
/home/jshong/Code/unfied-sr-denoise-platform/results/mc_g105_capture_frames/morning/sunny/dark/1x/frame_3401.png,morning/sunny/dark/1x/frame_3401.png,morning,sunny,dark,calibration_dark,1x,frame_3401,3401,morning/sunny/dark/1x,1920,1080,22.582664489746094,17.695011138916016,23.140182495117188,17.364898681640625,14.243380546569824,18.36276626586914,19.72014617919922,13.659740447998047,130.00527954101562,129.8528289794922,6.8564653396606445,6.460265636444092,4.887653350830078,5.445171356201172,0.7835661005982942,0.7646875895625391,-5.166412353515625,-0.2619865007379432,5.862925052642822,0.1466454475308642,532.7003173828125,0.9138343942901235,9.040789604187012,0.001488233024691358,3086,0.03753858024691358,0.0,0.2185763888888889,4.822530864197531e-07,0.0,0.0,4.822530864197531e-07,0.23010537270740575,19.712753295898438,19.144865036010742,1.0296626395201471,0.7860019789408366,0.7694886788324817,50,7.328258037567139,6.478425979614258,11.437641143798828,73.35409545898438,2.002930164337158,8.127252578735352,1.1472740173339844,0.17276835441589355,0.20302623510360718,5.236502647399902,0.09571662545204163,1124.96630859375,2.6063671612361525,True,3435,1096,266,0.0016565393518518517,0.0005285493827160494,0.0001282793209876543,/home/jshong/Code/unfied-sr-denoise-platform/results/mc_g105_analysis/flat_dark_first/maps/morning_sunny_dark_1x_temporal_std.png,/home/jshong/Code/unfied-sr-denoise-platform/results/mc_g105_analysis/flat_dark_first/maps/morning_sunny_dark_1x_hot_persistence.png,/home/jshong/Code/unfied-sr-denoise-platform/results/mc_g105_analysis/flat_dark_first/maps/morning_sunny_dark_1x_hot_fixed_mask.png,,
/home/jshong/Code/unfied-sr-denoise-platform/results/mc_g105_capture_frames/morning/sunny/dark/1x/frame_3402.png,morning/sunny/dark/1x/frame_3402.png,morning,sunny,dark,calibration_dark,1x,frame_3402,3402,morning/sunny/dark/1x,1920,1080,18.60491180419922,14.192549705505371,19.12059783935547,16.04432487487793,12.972864151000977,16.9718074798584,16.021038055419922,12.358519554138184,129.80935668945312,129.6782684326172,6.562634468078613,6.18630313873291,4.412362098693848,4.928048133850098,0.7628388186964274,0.7422649167395943,-4.670205116271973,-0.29150450854759263,5.666110515594482,0.11247974537037037,450.234130859375,0.943720100308642,8.496954917907715,0.0014289158950617283,2963,0.062492766203703705,0.0,0.3210908564814815,0.0,0.0,0.0,0.0,0.27118937883135574,16.01102066040039,15.579511642456055,1.027697144823929,0.7651584131903794,0.7494215410797711,50,7.328258037567139,6.478425979614258,11.437641143798828,73.35409545898438,2.002930164337158,8.127252578735352,1.1472740173339844,0.17276835441589355,0.20302623510360718,5.236502647399902,0.09571662545204163,1124.96630859375,2.6063671612361525,True,3435,1096,266,0.0016565393518518517,0.0005285493827160494,0.0001282793209876543,/home/jshong/Code/unfied-sr-denoise-platform/results/mc_g105_analysis/flat_dark_first/maps/morning_sunny_dark_1x_temporal_std.png,/home/jshong/Code/unfied-sr-denoise-platform/results/mc_g105_analysis/flat_dark_first/maps/morning_sunny_dark_1x_hot_persistence.png,/home/jshong/Code/unfied-sr-denoise-platform/results/mc_g105_analysis/flat_dark_first/maps/morning_sunny_dark_1x_hot_fixed_mask.png,,
/home/jshong/Code/unfied-sr-denoise-platform/results/mc_g105_capture_frames/morning/sunny/dark/1x/frame_3403.png,morning/sunny/dark/1x/frame_3403.png,morning,sunny,dark,calibration_dark,1x,frame_3403,3403,morning/sunny/dark/1x,1920,1080,23.578548431396484,19.336444854736328,24.321529388427734,17.500572204589844,14.803731918334961,18.593097686767578,21.113672256469727,14.192621231079102,129.71975708007812,129.72897338867188,6.684635639190674,6.331979274749756,4.242103576660156,4.985084533691406,0.8200862784624274,0.7950340519664286,-4.613594055175781,-0.2185121460929148,5.773534774780273,0.1589086612654321,552.093505859375,0.8979460841049383,8.991264343261719,0.001420235339506173,2945,0.03047260802469136,0.0,0.17966676311728394,0.0,0.0,0.0,0.0,0.23097988767323385,21.097885131835938,20.58742904663086,1.024794502473057,0.8239549289534193,0.8042863701430406,50,7.328258037567139,6.478425979614258,11.437641143798828,73.35409545898438,2.002930164337158,8.127252578735352,1.1472740173339844,0.17276835441589355,0.20302623510360718,5.236502647399902,0.09571662545204163,1124.96630859375,2.6063671612361525,True,3435,1096,266,0.0016565393518518517,0.0005285493827160494,0.0001282793209876543,/home/jshong/Code/unfied-sr-denoise-platform/results/mc_g105_analysis/flat_dark_first/maps/morning_sunny_dark_1x_temporal_std.png,/home/jshong/Code/unfied-sr-denoise-platform/results/mc_g105_analysis/flat_dark_first/maps/morning_sunny_dark_1x_hot_persistence.png,/home/jshong/Code/unfied-sr-denoise-platform/results/mc_g105_analysis/flat_dark_first/maps/morning_sunny_dark_1x_hot_fixed_mask.png,,
/home/jshong/Code/unfied-sr-denoise-platform/results/mc_g105_capture_frames/morning/sunny/dark/1x/frame_3404.png,morning/sunny/dark/1x/frame_3404.png,morning,sunny,dark,calibration_dark,1x,frame_3404,3404,morning/sunny/dark/1x,1920,1080,21.423221588134766,17.223682403564453,22.19190788269043,17.26028060913086,14.54853343963623,18.334630966186523,18.987728118896484,13.951167106628418,129.6993865966797,129.72991943359375,6.609838008880615,6.292301177978516,4.1995391845703125,4.968225479125977,0.8039725271352861,0.776124419697795,-4.5838823318481445,-0.2414128779247377,5.717971324920654,0.1517066936728395,580.7792358398438,0.9079422260802469,8.529433250427246,0.0013401813271604938,2779,0.025012538580246914,0.0,0.22677324459876544,4.822530864197531e-07,0.0,0.0,4.822530864197531e-07,0.23065485382087286,19.039287567138672,18.452741622924805,1.031786328796738,0.8089415384931748,0.786898599428609,50,7.328258037567139,6.478425979614258,11.437641143798828,73.35409545898438,2.002930164337158,8.127252578735352,1.1472740173339844,0.17276835441589355,0.20302623510360718,5.236502647399902,0.09571662545204163,1124.96630859375,2.6063671612361525,True,3435,1096,266,0.0016565393518518517,0.0005285493827160494,0.0001282793209876543,/home/jshong/Code/unfied-sr-denoise-platform/results/mc_g105_analysis/flat_dark_first/maps/morning_sunny_dark_1x_temporal_std.png,/home/jshong/Code/unfied-sr-denoise-platform/results/mc_g105_analysis/flat_dark_first/maps/morning_sunny_dark_1x_hot_persistence.png,/home/jshong/Code/unfied-sr-denoise-platform/results/mc_g105_analysis/flat_dark_first/maps/morning_sunny_dark_1x_hot_fixed_mask.png,,
/home/jshong/Code/unfied-sr-denoise-platform/results/mc_g105_capture_frames/morning/sunny/dark/1x/frame_3405.png,morning/sunny/dark/1x/frame_3405.png,morning,sunny,dark,calibration_dark,1x,frame_3405,3405,morning/sunny/dark/1x,1920,1080,20.075456619262695,15.866456985473633,20.82118034362793,16.600337982177734,13.706829071044922,17.63315773010254,17.633852005004883,13.119839668273926,129.70570373535156,129.72354125976562,6.550952434539795,6.232372760772705,4.2089996337890625,4.954723358154297,0.7903409868101604,0.7620344265590564,-4.58186149597168,-0.25983325905411847,5.664834976196289,0.13117621527777779,469.8592529296875,0.9279171489197531,8.715743064880371,0.0014009452160493828,2905,0.04391975308641975,0.0,0.2706066743827161,4.822530864197531e-07,0.0,0.0,4.822530864197531e-07,0.2496430262785053,17.682016372680664,17.27910614013672,1.0233177113421588,0.7954595154373819,0.773511296346292,50,7.328258037567139,6.478425979614258,11.437641143798828,73.35409545898438,2.002930164337158,8.127252578735352,1.1472740173339844,0.17276835441589355,0.20302623510360718,5.236502647399902,0.09571662545204163,1124.96630859375,2.6063671612361525,True,3435,1096,266,0.0016565393518518517,0.0005285493827160494,0.0001282793209876543,/home/jshong/Code/unfied-sr-denoise-platform/results/mc_g105_analysis/flat_dark_first/maps/morning_sunny_dark_1x_temporal_std.png,/home/jshong/Code/unfied-sr-denoise-platform/results/mc_g105_analysis/flat_dark_first/maps/morning_sunny_dark_1x_hot_persistence.png,/home/jshong/Code/unfied-sr-denoise-platform/results/mc_g105_analysis/flat_dark_first/maps/morning_sunny_dark_1x_hot_fixed_mask.png,,
/home/jshong/Code/unfied-sr-denoise-platform/results/mc_g105_capture_frames/morning/sunny/dark/1x/frame_3406.png,morning/sunny/dark/1x/frame_3406.png,morning,sunny,dark,calibration_dark,1x,frame_3406,3406,morning/sunny/dark/1x,1920,1080,21.462692260742188,16.973621368408203,22.041810989379883,16.923492431640625,13.884490013122559,17.828357696533203,18.836519241333008,13.329217910766602,129.8367156982422,129.7319793701172,6.651307106018066,6.257169246673584,4.489070892333984,5.06818962097168,0.790843029912512,0.770064701422296,-4.778630256652832,-0.2536896515613895,5.710154056549072,0.13300443672839507,473.6803894042969,0.9212046682098766,8.739035606384277,0.001400462962962963,2904,0.03494164737654321,0.0,0.23155092592592594,0.0,0.0,0.0,0.0,0.23483418827794372,18.935638427734375,18.472463607788086,1.0250737424475027,0.7949680819455425,0.7806563107336918,50,7.328258037567139,6.478425979614258,11.437641143798828,73.35409545898438,2.002930164337158,8.127252578735352,1.1472740173339844,0.17276835441589355,0.20302623510360718,5.236502647399902,0.09571662545204163,1124.96630859375,2.6063671612361525,True,3435,1096,266,0.0016565393518518517,0.0005285493827160494,0.0001282793209876543,/home/jshong/Code/unfied-sr-denoise-platform/results/mc_g105_analysis/flat_dark_first/maps/morning_sunny_dark_1x_temporal_std.png,/home/jshong/Code/unfied-sr-denoise-platform/results/mc_g105_analysis/flat_dark_first/maps/morning_sunny_dark_1x_hot_persistence.png,/home/jshong/Code/unfied-sr-denoise-platform/results/mc_g105_analysis/flat_dark_first/maps/morning_sunny_dark_1x_hot_fixed_mask.png,,
/home/jshong/Code/unfied-sr-denoise-platform/results/mc_g105_capture_frames/morning/sunny/dark/1x/frame_3407.png,morning/sunny/dark/1x/frame_3407.png,morning,sunny,dark,calibration_dark,1x,frame_3407,3407,morning/sunny/dark/1x,1920,1080,22.141353607177734,17.314226150512695,22.523723602294922,17.137012481689453,13.992033958435059,17.920654296875,19.29281997680664,13.445116996765137,129.99461364746094,129.74465942382812,6.749581336975098,6.267204284667969,4.827127456665039,5.209497451782227,0.7819858566783356,0.7687106131970981,-5.018312454223633,-0.2601129435791959,5.744291305541992,0.13495563271604938,500.66522216796875,0.9153014081790124,8.449368476867676,0.0013980516975308642,2899,0.02257764274691358,0.0,0.20926456404320987,0.0,0.0,0.0,0.0,0.22870810887427814,19.341373443603516,18.870527267456055,1.0249513510948962,0.7898199566177503,0.779402837713284,50,7.328258037567139,6.478425979614258,11.437641143798828,73.35409545898438,2.002930164337158,8.127252578735352,1.1472740173339844,0.17276835441589355,0.20302623510360718,5.236502647399902,0.09571662545204163,1124.96630859375,2.6063671612361525,True,3435,1096,266,0.0016565393518518517,0.0005285493827160494,0.0001282793209876543,/home/jshong/Code/unfied-sr-denoise-platform/results/mc_g105_analysis/flat_dark_first/maps/morning_sunny_dark_1x_temporal_std.png,/home/jshong/Code/unfied-sr-denoise-platform/results/mc_g105_analysis/flat_dark_first/maps/morning_sunny_dark_1x_hot_persistence.png,/home/jshong/Code/unfied-sr-denoise-platform/results/mc_g105_analysis/flat_dark_first/maps/morning_sunny_dark_1x_hot_fixed_mask.png,,
/home/jshong/Code/unfied-sr-denoise-platform/results/mc_g105_capture_frames/morning/sunny/dark/1x/frame_3408.png,morning/sunny/dark/1x/frame_3408.png,morning,sunny,dark,calibration_dark,1x,frame_3408,3408,morning/sunny/dark/1x,1920,1080,20.432424545288086,15.552507400512695,20.741182327270508,16.57787322998047,13.305008888244629,17.320056915283203,17.547067642211914,12.766036033630371,130.02328491210938,129.72837829589844,6.679675102233887,6.1910600662231445,4.879917144775391,5.1886749267578125,0.7611679468030291,0.7498370346143297,-5.034296035766602,-0.2869023959737584,5.682349681854248,0.11629677854938271,417.29400634765625,0.9334485918209876,8.56570816040039,0.0014269868827160494,2959,0.0427662037037037,0.0,0.2648659336419753,4.822530864197531e-07,0.0,0.0,4.822530864197531e-07,0.25649025240195555,17.478961944580078,17.070411682128906,1.0239331801789937,0.7684066774330104,0.7597841987604785,50,7.328258037567139,6.478425979614258,11.437641143798828,73.35409545898438,2.002930164337158,8.127252578735352,1.1472740173339844,0.17276835441589355,0.20302623510360718,5.236502647399902,0.09571662545204163,1124.96630859375,2.6063671612361525,True,3435,1096,266,0.0016565393518518517,0.0005285493827160494,0.0001282793209876543,/home/jshong/Code/unfied-sr-denoise-platform/results/mc_g105_analysis/flat_dark_first/maps/morning_sunny_dark_1x_temporal_std.png,/home/jshong/Code/unfied-sr-denoise-platform/results/mc_g105_analysis/flat_dark_first/maps/morning_sunny_dark_1x_hot_persistence.png,/home/jshong/Code/unfied-sr-denoise-platform/results/mc_g105_analysis/flat_dark_first/maps/morning_sunny_dark_1x_hot_fixed_mask.png,,
/home/jshong/Code/unfied-sr-denoise-platform/results/mc_g105_capture_frames/morning/sunny/dark/1x/frame_3409.png,morning/sunny/dark/1x/frame_3409.png,morning,sunny,dark,calibration_dark,1x,frame_3409,3409,morning/sunny/dark/1x,1920,1080,23.4267635345459,18.2557373046875,23.615121841430664,17.50313949584961,14.274168014526367,18.2084903717041,20.35332679748535,13.768120765686035,130.15542602539062,129.76162719726562,6.8138041496276855,6.271345615386963,5.171026229858398,5.359384536743164,0.7792683995165859,0.773052819892997,-5.265205383300781,-0.2586901481511685,5.755835056304932,0.1438749035493827,491.5997009277344,0.906400462962963,8.674956321716309,0.0013821373456790124,2866,0.022823109567901234,0.0,0.18319685570987654,9.645061728395062e-07,0.0,0.0,9.645061728395062e-07,0.2333303092229469,20.336185455322266,19.981237411499023,1.0177640162493118,0.7872186936218467,0.7812330091113532,50,7.328258037567139,6.478425979614258,11.437641143798828,73.35409545898438,2.002930164337158,8.127252578735352,1.1472740173339844,0.17276835441589355,0.20302623510360718,5.236502647399902,0.09571662545204163,1124.96630859375,2.6063671612361525,True,3435,1096,266,0.0016565393518518517,0.0005285493827160494,0.0001282793209876543,/home/jshong/Code/unfied-sr-denoise-platform/results/mc_g105_analysis/flat_dark_first/maps/morning_sunny_dark_1x_temporal_std.png,/home/jshong/Code/unfied-sr-denoise-platform/results/mc_g105_analysis/flat_dark_first/maps/morning_sunny_dark_1x_hot_persistence.png,/home/jshong/Code/unfied-sr-denoise-platform/results/mc_g105_analysis/flat_dark_first/maps/morning_sunny_dark_1x_hot_fixed_mask.png,,
/home/jshong/Code/unfied-sr-denoise-platform/results/mc_g105_capture_frames/morning/sunny/dark/1x/frame_3410.png,morning/sunny/dark/1x/frame_3410.png,morning,sunny,dark,calibration_dark,1x,frame_3410,3410,morning/sunny/dark/1x,1920,1080,22.497642517089844,17.031593322753906,22.487960815429688,17.467899322509766,14.073369979858398,18.027450561523438,19.2296199798584,13.600700378417969,130.29566955566406,129.7623291015625,6.846505641937256,6.2262372970581055,5.4660491943359375,5.456367492675781,0.757038989875372,0.7573649165069287,-5.461208343505859,-0.28399979121928975,5.743165493011475,0.13888551311728395,485.6335144042969,0.913686824845679,8.632013320922852,0.0014221643518518518,2949,0.02921682098765432,0.0,0.22111496913580247,9.645061728395062e-07,4.822530864197531e-07,0.0,9.645061728395062e-07,0.25709510926529405,19.285049438476562,19.006872177124023,1.0146355615024223,0.7663862220316927,0.7664113902131725,50,7.328258037567139,6.478425979614258,11.437641143798828,73.35409545898438,2.002930164337158,8.127252578735352,1.1472740173339844,0.17276835441589355,0.20302623510360718,5.236502647399902,0.09571662545204163,1124.96630859375,2.6063671612361525,True,3435,1096,266,0.0016565393518518517,0.0005285493827160494,0.0001282793209876543,/home/jshong/Code/unfied-sr-denoise-platform/results/mc_g105_analysis/flat_dark_first/maps/morning_sunny_dark_1x_temporal_std.png,/home/jshong/Code/unfied-sr-denoise-platform/results/mc_g105_analysis/flat_dark_first/maps/morning_sunny_dark_1x_hot_persistence.png,/home/jshong/Code/unfied-sr-denoise-platform/results/mc_g105_analysis/flat_dark_first/maps/morning_sunny_dark_1x_hot_fixed_mask.png,,
/home/jshong/Code/unfied-sr-denoise-platform/results/mc_g105_capture_frames/morning/sunny/dark/1x/frame_3411.png,morning/sunny/dark/1x/frame_3411.png,morning,sunny,dark,calibration_dark,1x,frame_3411,3411,morning/sunny/dark/1x,1920,1080,26.72614097595215,20.753231048583984,26.53708839416504,18.50682258605957,15.180038452148438,19.034610748291016,23.135923385620117,14.69880199432373,130.52395629882812,129.83787536621094,7.069769859313965,6.325997829437256,5.972909927368164,5.783857345581055,0.7765142857976839,0.7820462425373294,-5.878383636474609,-0.254080344424373,5.858227729797363,0.16749131944444445,602.7863159179688,0.8716864390432099,8.30853271484375,0.0013715277777777777,2844,0.006526813271604938,0.0,0.12208719135802469,1.9290123456790124e-06,9.645061728395062e-07,0.0,1.4467592592592592e-06,0.22932690809252254,23.134479522705078,22.68890380859375,1.0196384408092962,0.7809465538452149,0.7888617459553299,50,7.328258037567139,6.478425979614258,11.437641143798828,73.35409545898438,2.002930164337158,8.127252578735352,1.1472740173339844,0.17276835441589355,0.20302623510360718,5.236502647399902,0.09571662545204163,1124.96630859375,2.6063671612361525,True,3435,1096,266,0.0016565393518518517,0.0005285493827160494,0.0001282793209876543,/home/jshong/Code/unfied-sr-denoise-platform/results/mc_g105_analysis/flat_dark_first/maps/morning_sunny_dark_1x_temporal_std.png,/home/jshong/Code/unfied-sr-denoise-platform/results/mc_g105_analysis/flat_dark_first/maps/morning_sunny_dark_1x_hot_persistence.png,/home/jshong/Code/unfied-sr-denoise-platform/results/mc_g105_analysis/flat_dark_first/maps/morning_sunny_dark_1x_hot_fixed_mask.png,,
/home/jshong/Code/unfied-sr-denoise-platform/results/mc_g105_capture_frames/morning/sunny/dark/1x/frame_3412.png,morning/sunny/dark/1x/frame_3412.png,morning,sunny,dark,calibration_dark,1x,frame_3412,3412,morning/sunny/dark/1x,1920,1080,21.949033737182617,15.991246223449707,21.657686233520508,17.709943771362305,14.254996299743652,18.131723403930664,18.36213493347168,13.814958572387695,130.52525329589844,129.78622436523438,6.8910112380981445,6.156302452087402,5.95778751373291,5.666440010070801,0.7285626185811188,0.7383635219692057,-5.8121137619018555,-0.31652710681153173,5.729109764099121,0.14542293595679012,549.1489868164062,0.9160807291666667,8.653719902038574,0.0013695987654320989,2840,0.03353153935185185,0.0,0.2596580825617284,0.0,0.0,0.0,0.0,0.256226312694185,18.341520309448242,17.96024513244629,1.0212287835138938,0.7325969684869689,0.7451726324999788,50,7.328258037567139,6.478425979614258,11.437641143798828,73.35409545898438,2.002930164337158,8.127252578735352,1.1472740173339844,0.17276835441589355,0.20302623510360718,5.236502647399902,0.09571662545204163,1124.96630859375,2.6063671612361525,True,3435,1096,266,0.0016565393518518517,0.0005285493827160494,0.0001282793209876543,/home/jshong/Code/unfied-sr-denoise-platform/results/mc_g105_analysis/flat_dark_first/maps/morning_sunny_dark_1x_temporal_std.png,/home/jshong/Code/unfied-sr-denoise-platform/results/mc_g105_analysis/flat_dark_first/maps/morning_sunny_dark_1x_hot_persistence.png,/home/jshong/Code/unfied-sr-denoise-platform/results/mc_g105_analysis/flat_dark_first/maps/morning_sunny_dark_1x_hot_fixed_mask.png,,
/home/jshong/Code/unfied-sr-denoise-platform/results/mc_g105_capture_frames/morning/sunny/dark/1x/frame_3413.png,morning/sunny/dark/1x/frame_3413.png,morning,sunny,dark,calibration_dark,1x,frame_3413,3413,morning/sunny/dark/1x,1920,1080,23.761592864990234,17.642791748046875,23.418405532836914,17.913415908813477,14.449015617370605,18.328882217407227,20.072010040283203,13.996837615966797,130.5978240966797,129.81192016601562,6.96562385559082,6.193693161010742,6.118801116943359,5.775613784790039,0.7424919324979012,0.753372853242958,-5.947207450866699,-0.29629355219718867,5.765573024749756,0.1460503472222222,525.1815185546875,0.9062938850308642,8.743953704833984,0.0013695987654320989,2840,0.028645351080246913,0.0,0.20729648919753085,4.822530864197531e-07,0.0,0.0,4.822530864197531e-07,0.2643738918517728,20.20461082458496,19.639066696166992,1.028796841946237,0.7483901857392449,0.7614831576807176,50,7.328258037567139,6.478425979614258,11.437641143798828,73.35409545898438,2.002930164337158,8.127252578735352,1.1472740173339844,0.17276835441589355,0.20302623510360718,5.236502647399902,0.09571662545204163,1124.96630859375,2.6063671612361525,True,3435,1096,266,0.0016565393518518517,0.0005285493827160494,0.0001282793209876543,/home/jshong/Code/unfied-sr-denoise-platform/results/mc_g105_analysis/flat_dark_first/maps/morning_sunny_dark_1x_temporal_std.png,/home/jshong/Code/unfied-sr-denoise-platform/results/mc_g105_analysis/flat_dark_first/maps/morning_sunny_dark_1x_hot_persistence.png,/home/jshong/Code/unfied-sr-denoise-platform/results/mc_g105_analysis/flat_dark_first/maps/morning_sunny_dark_1x_hot_fixed_mask.png,,
/home/jshong/Code/unfied-sr-denoise-platform/results/mc_g105_capture_frames/morning/sunny/dark/1x/frame_3414.png,morning/sunny/dark/1x/frame_3414.png,morning,sunny,dark,calibration_dark,1x,frame_3414,3414,morning/sunny/dark/1x,1920,1080,25.376014709472656,18.88761329650879,24.873363494873047,18.45337677001953,15.009318351745605,18.838985443115234,21.44873046875,14.54320240020752,130.76535034179688,129.85398864746094,7.112010478973389,6.253204822540283,6.488401412963867,5.985750198364258,0.744309647060086,0.7593509635739847,-6.2370758056640625,-0.2907899618563106,5.8324198722839355,0.16078510802469137,636.0899658203125,0.8879764660493827,8.351070404052734,0.0014009452160493828,2905,0.00806616512345679,0.0,0.16158275462962962,0.0,0.0,0.0,0.0,0.2681238412277289,21.576749801635742,21.166736602783203,1.0193705901469967,0.7481588459077545,0.7665251044931275,50,7.328258037567139,6.478425979614258,11.437641143798828,73.35409545898438,2.002930164337158,8.127252578735352,1.1472740173339844,0.17276835441589355,0.20302623510360718,5.236502647399902,0.09571662545204163,1124.96630859375,2.6063671612361525,True,3435,1096,266,0.0016565393518518517,0.0005285493827160494,0.0001282793209876543,/home/jshong/Code/unfied-sr-denoise-platform/results/mc_g105_analysis/flat_dark_first/maps/morning_sunny_dark_1x_temporal_std.png,/home/jshong/Code/unfied-sr-denoise-platform/results/mc_g105_analysis/flat_dark_first/maps/morning_sunny_dark_1x_hot_persistence.png,/home/jshong/Code/unfied-sr-denoise-platform/results/mc_g105_analysis/flat_dark_first/maps/morning_sunny_dark_1x_hot_fixed_mask.png,,
/home/jshong/Code/unfied-sr-denoise-platform/results/mc_g105_capture_frames/morning/sunny/dark/1x/frame_3415.png,morning/sunny/dark/1x/frame_3415.png,morning,sunny,dark,calibration_dark,1x,frame_3415,3415,morning/sunny/dark/1x,1920,1080,25.49846649169922,18.81319236755371,24.918724060058594,18.472219467163086,14.914337158203125,18.79802894592285,21.447765350341797,14.474181175231934,130.85552978515625,129.88072204589844,7.137720584869385,6.252491474151611,6.685274124145508,6.105531692504883,0.7378165912786,0.7549821398249928,-6.395402908325195,-0.2981850325977314,5.838524341583252,0.15868248456790124,583.706787109375,0.8915210262345679,8.72116756439209,0.0014313271604938272,2968,0.021612172067901236,0.0,0.17634645061728396,9.645061728395062e-07,0.0,0.0,9.645061728395062e-07,0.24090364372901144,21.451263427734375,21.027292251586914,1.0201628507804001,0.7392018471362777,0.7609293380123792,50,7.328258037567139,6.478425979614258,11.437641143798828,73.35409545898438,2.002930164337158,8.127252578735352,1.1472740173339844,0.17276835441589355,0.20302623510360718,5.236502647399902,0.09571662545204163,1124.96630859375,2.6063671612361525,True,3435,1096,266,0.0016565393518518517,0.0005285493827160494,0.0001282793209876543,/home/jshong/Code/unfied-sr-denoise-platform/results/mc_g105_analysis/flat_dark_first/maps/morning_sunny_dark_1x_temporal_std.png,/home/jshong/Code/unfied-sr-denoise-platform/results/mc_g105_analysis/flat_dark_first/maps/morning_sunny_dark_1x_hot_persistence.png,/home/jshong/Code/unfied-sr-denoise-platform/results/mc_g105_analysis/flat_dark_first/maps/morning_sunny_dark_1x_hot_fixed_mask.png,,
/home/jshong/Code/unfied-sr-denoise-platform/results/mc_g105_capture_frames/morning/sunny/dark/1x/frame_3416.png,morning/sunny/dark/1x/frame_3416.png,morning,sunny,dark,calibration_dark,1x,frame_3416,3416,morning/sunny/dark/1x,1920,1080,23.12477684020996,16.428457260131836,22.49104118347168,17.825580596923828,14.107491493225098,18.10454750061035,19.06488037109375,13.682178497314453,130.8649139404297,129.86016845703125,7.0595598220825195,6.1852803230285645,6.696319580078125,6.062583923339844,0.7104265984153849,0.7304444643390005,-6.379451751708984,-0.3346179620808727,5.776483535766602,0.13502025462962963,470.57537841796875,0.9182552083333333,8.98000717163086,0.0014250578703703704,2955,0.04652247299382716,0.0,0.24731577932098767,0.0,0.0,0.0,0.0,0.26876168352880103,18.96575164794922,18.370996475219727,1.032374626012101,0.7102224130415409,0.7356657774757137,50,7.328258037567139,6.478425979614258,11.437641143798828,73.35409545898438,2.002930164337158,8.127252578735352,1.1472740173339844,0.17276835441589355,0.20302623510360718,5.236502647399902,0.09571662545204163,1124.96630859375,2.6063671612361525,True,3435,1096,266,0.0016565393518518517,0.0005285493827160494,0.0001282793209876543,/home/jshong/Code/unfied-sr-denoise-platform/results/mc_g105_analysis/flat_dark_first/maps/morning_sunny_dark_1x_temporal_std.png,/home/jshong/Code/unfied-sr-denoise-platform/results/mc_g105_analysis/flat_dark_first/maps/morning_sunny_dark_1x_hot_persistence.png,/home/jshong/Code/unfied-sr-denoise-platform/results/mc_g105_analysis/flat_dark_first/maps/morning_sunny_dark_1x_hot_fixed_mask.png,,
/home/jshong/Code/unfied-sr-denoise-platform/results/mc_g105_capture_frames/morning/sunny/dark/1x/frame_3417.png,morning/sunny/dark/1x/frame_3417.png,morning,sunny,dark,calibration_dark,1x,frame_3417,3417,morning/sunny/dark/1x,1920,1080,25.703638076782227,18.80440902709961,24.97677993774414,18.220163345336914,14.689482688903809,18.568721771240234,21.50931167602539,14.189632415771484,130.9573974609375,129.8774871826172,7.174269676208496,6.266374588012695,6.899229049682617,6.172370910644531,0.7315854759291806,0.7528756037045177,-6.535799980163574,-0.30385908088306685,5.8364973068237305,0.15085599922839507,551.84912109375,0.8922834683641976,8.402181625366211,0.001439525462962963,2985,0.008100887345679013,0.0,0.1596778549382716,0.0,0.0,0.0,0.0,0.24580654985180164,21.48688507080078,21.100582122802734,1.0183076432414127,0.7313559802128665,0.7584592362082784,50,7.328258037567139,6.478425979614258,11.437641143798828,73.35409545898438,2.002930164337158,8.127252578735352,1.1472740173339844,0.17276835441589355,0.20302623510360718,5.236502647399902,0.09571662545204163,1124.96630859375,2.6063671612361525,True,3435,1096,266,0.0016565393518518517,0.0005285493827160494,0.0001282793209876543,/home/jshong/Code/unfied-sr-denoise-platform/results/mc_g105_analysis/flat_dark_first/maps/morning_sunny_dark_1x_temporal_std.png,/home/jshong/Code/unfied-sr-denoise-platform/results/mc_g105_analysis/flat_dark_first/maps/morning_sunny_dark_1x_hot_persistence.png,/home/jshong/Code/unfied-sr-denoise-platform/results/mc_g105_analysis/flat_dark_first/maps/morning_sunny_dark_1x_hot_fixed_mask.png,,
/home/jshong/Code/unfied-sr-denoise-platform/results/mc_g105_capture_frames/morning/sunny/dark/1x/frame_3418.png,morning/sunny/dark/1x/frame_3418.png,morning,sunny,dark,calibration_dark,1x,frame_3418,3418,morning/sunny/dark/1x,1920,1080,25.5477352142334,18.405420303344727,24.68407440185547,18.557493209838867,14.962881088256836,18.829694747924805,21.196279525756836,14.492210388183594,131.07049560546875,129.8900909423828,7.241419792175293,6.275327682495117,7.142314910888672,6.278654098510742,0.7204325326128318,0.7456394458251093,-6.710484504699707,-0.3165878323107399,5.865448474884033,0.1584596836419753,615.2225341796875,0.8904161844135803,8.437516212463379,0.0014067322530864198,2917,0.011707658179012346,0.0,0.17481770833333332,4.822530864197531e-07,0.0,0.0,4.822530864197531e-07,0.2542790420270111,21.07999610900879,20.58207893371582,1.0241917326575591,0.7211453065804514,0.7518691726754865,50,7.328258037567139,6.478425979614258,11.437641143798828,73.35409545898438,2.002930164337158,8.127252578735352,1.1472740173339844,0.17276835441589355,0.20302623510360718,5.236502647399902,0.09571662545204163,1124.96630859375,2.6063671612361525,True,3435,1096,266,0.0016565393518518517,0.0005285493827160494,0.0001282793209876543,/home/jshong/Code/unfied-sr-denoise-platform/results/mc_g105_analysis/flat_dark_first/maps/morning_sunny_dark_1x_temporal_std.png,/home/jshong/Code/unfied-sr-denoise-platform/results/mc_g105_analysis/flat_dark_first/maps/morning_sunny_dark_1x_hot_persistence.png,/home/jshong/Code/unfied-sr-denoise-platform/results/mc_g105_analysis/flat_dark_first/maps/morning_sunny_dark_1x_hot_fixed_mask.png,,
/home/jshong/Code/unfied-sr-denoise-platform/results/mc_g105_capture_frames/morning/sunny/dark/1x/frame_3419.png,morning/sunny/dark/1x/frame_3419.png,morning,sunny,dark,calibration_dark,1x,frame_3419,3419,morning/sunny/dark/1x,1920,1080,24.317058563232422,17.15439796447754,23.407106399536133,18.12822151184082,14.398483276367188,18.34952163696289,19.950702667236328,13.937971115112305,131.08287048339844,129.87449645996094,7.202674388885498,6.234706401824951,7.162660598754883,6.252708435058594,0.7054470512715739,0.732871331415239,-6.707684516906738,-0.3362129290668734,5.828378200531006,0.14272135416666668,525.5822143554688,0.907202449845679,8.662787437438965,0.0013879243827160494,2878,0.02556327160493827,0.0,0.21365306712962964,0.0,0.0,0.0,0.0,0.24310635119413926,19.851030349731445,19.52783203125,1.0165505982135468,0.706882170971587,0.7398371034201102,50,7.328258037567139,6.478425979614258,11.437641143798828,73.35409545898438,2.002930164337158,8.127252578735352,1.1472740173339844,0.17276835441589355,0.20302623510360718,5.236502647399902,0.09571662545204163,1124.96630859375,2.6063671612361525,True,3435,1096,266,0.0016565393518518517,0.0005285493827160494,0.0001282793209876543,/home/jshong/Code/unfied-sr-denoise-platform/results/mc_g105_analysis/flat_dark_first/maps/morning_sunny_dark_1x_temporal_std.png,/home/jshong/Code/unfied-sr-denoise-platform/results/mc_g105_analysis/flat_dark_first/maps/morning_sunny_dark_1x_hot_persistence.png,/home/jshong/Code/unfied-sr-denoise-platform/results/mc_g105_analysis/flat_dark_first/maps/morning_sunny_dark_1x_hot_fixed_mask.png,,
/home/jshong/Code/unfied-sr-denoise-platform/results/mc_g105_capture_frames/morning/sunny/dark/1x/frame_3420.png,morning/sunny/dark/1x/frame_3420.png,morning,sunny,dark,calibration_dark,1x,frame_3420,3420,morning/sunny/dark/1x,1920,1080,20.809070587158203,13.825455665588379,21.226287841796875,16.9123592376709,13.210474967956543,17.813966751098633,16.7032470703125,13.200965881347656,130.88705444335938,130.50039672851562,6.2101898193359375,5.841318130493164,6.983614921569824,7.400832176208496,0.6643956030273072,0.6513364521057751,-7.19222354888916,-0.43058832142188264,5.347205638885498,0.11135030864197532,796.6041870117188,0.9439375964506173,8.407377243041992,0.0019097222222222222,3960,0.0464014274691358,4.822530864197531e-07,0.21362268518518518,1.2056327160493826e-05,5.787037037037037e-06,1.9290123456790124e-06,7.2337962962962966e-06,0.2483649008719066,16.675870895385742,16.30290985107422,1.0228768989610801,0.6699106111824704,0.6611737096987083,50,7.328258037567139,6.478425979614258,11.437641143798828,73.35409545898438,2.002930164337158,8.127252578735352,1.1472740173339844,0.17276835441589355,0.20302623510360718,5.236502647399902,0.09571662545204163,1124.96630859375,2.6063671612361525,True,3435,1096,266,0.0016565393518518517,0.0005285493827160494,0.0001282793209876543,/home/jshong/Code/unfied-sr-denoise-platform/results/mc_g105_analysis/flat_dark_first/maps/morning_sunny_dark_1x_temporal_std.png,/home/jshong/Code/unfied-sr-denoise-platform/results/mc_g105_analysis/flat_dark_first/maps/morning_sunny_dark_1x_hot_persistence.png,/home/jshong/Code/unfied-sr-denoise-platform/results/mc_g105_analysis/flat_dark_first/maps/morning_sunny_dark_1x_hot_fixed_mask.png,,
/home/jshong/Code/unfied-sr-denoise-platform/results/mc_g105_capture_frames/morning/sunny/dark/1x/frame_3421.png,morning/sunny/dark/1x/frame_3421.png,morning,sunny,dark,calibration_dark,1x,frame_3421,3421,morning/sunny/dark/1x,1920,1080,20.708051681518555,13.890734672546387,21.128511428833008,16.464324951171875,12.74236011505127,17.367658615112305,16.699872970581055,12.680864334106445,130.81764221191406,130.44500732421875,6.216470241546631,5.839555740356445,6.817317008972168,7.237776756286621,0.6707890348832045,0.6574402584817285,-7.0275468826293945,-0.4208143663245189,5.350964546203613,0.0957908950617284,660.4497680664062,0.9495230516975308,8.322851181030273,0.0018798225308641976,3898,0.04074652777777778,0.0,0.20674045138888889,9.645061728395062e-06,4.822530864197531e-06,1.9290123456790124e-06,5.304783950617284e-06,0.25366593611862953,16.70547866821289,16.28264617919922,1.025968227669628,0.6768201818303455,0.6681031325283715,50,7.328258037567139,6.478425979614258,11.437641143798828,73.35409545898438,2.002930164337158,8.127252578735352,1.1472740173339844,0.17276835441589355,0.20302623510360718,5.236502647399902,0.09571662545204163,1124.96630859375,2.6063671612361525,True,3435,1096,266,0.0016565393518518517,0.0005285493827160494,0.0001282793209876543,/home/jshong/Code/unfied-sr-denoise-platform/results/mc_g105_analysis/flat_dark_first/maps/morning_sunny_dark_1x_temporal_std.png,/home/jshong/Code/unfied-sr-denoise-platform/results/mc_g105_analysis/flat_dark_first/maps/morning_sunny_dark_1x_hot_persistence.png,/home/jshong/Code/unfied-sr-denoise-platform/results/mc_g105_analysis/flat_dark_first/maps/morning_sunny_dark_1x_hot_fixed_mask.png,,
/home/jshong/Code/unfied-sr-denoise-platform/results/mc_g105_capture_frames/morning/sunny/dark/1x/frame_3422.png,morning/sunny/dark/1x/frame_3422.png,morning,sunny,dark,calibration_dark,1x,frame_3422,3422,morning/sunny/dark/1x,1920,1080,20.13804817199707,13.574091911315918,20.518827438354492,15.88642692565918,12.207935333251953,16.770339965820312,16.274961471557617,12.070985794067383,130.71600341796875,130.3402862548828,6.174912452697754,5.806766510009766,6.563956260681152,6.944735527038574,0.6740519796818923,0.6615432236834128,-6.754345893859863,-0.4150145295673563,5.322823524475098,0.08233940972222223,532.9225463867188,0.9572526041666667,8.375831604003906,0.0019048996913580247,3950,0.05537037037037037,0.0,0.22681423611111112,5.787037037037037e-06,2.4112654320987654e-06,4.822530864197531e-07,3.858024691358025e-06,0.2560323998240065,16.315536499023438,15.944818496704102,1.023249996802784,0.6805876575807036,0.6723963049015602,50,7.328258037567139,6.478425979614258,11.437641143798828,73.35409545898438,2.002930164337158,8.127252578735352,1.1472740173339844,0.17276835441589355,0.20302623510360718,5.236502647399902,0.09571662545204163,1124.96630859375,2.6063671612361525,True,3435,1096,266,0.0016565393518518517,0.0005285493827160494,0.0001282793209876543,/home/jshong/Code/unfied-sr-denoise-platform/results/mc_g105_analysis/flat_dark_first/maps/morning_sunny_dark_1x_temporal_std.png,/home/jshong/Code/unfied-sr-denoise-platform/results/mc_g105_analysis/flat_dark_first/maps/morning_sunny_dark_1x_hot_persistence.png,/home/jshong/Code/unfied-sr-denoise-platform/results/mc_g105_analysis/flat_dark_first/maps/morning_sunny_dark_1x_hot_fixed_mask.png,,
/home/jshong/Code/unfied-sr-denoise-platform/results/mc_g105_capture_frames/morning/sunny/dark/1x/frame_3423.png,morning/sunny/dark/1x/frame_3423.png,morning,sunny,dark,calibration_dark,1x,frame_3423,3423,morning/sunny/dark/1x,1920,1080,20.730693817138672,14.395953178405762,21.174022674560547,15.689081192016602,12.155815124511719,16.646869659423828,17.008710861206055,11.922640800476074,130.614501953125,130.2935791015625,6.187561511993408,5.873777389526367,6.33474063873291,6.778069496154785,0.6944269502488747,0.679887460204445,-6.556405067443848,-0.38547334571513786,5.355903625488281,0.08483651620370371,481.087890625,0.9546527777777778,8.476088523864746,0.0018166473765432098,3767,0.047077064043209875,4.822530864197531e-07,0.20915412808641975,5.304783950617284e-06,2.8935185185185184e-06,9.645061728395062e-07,2.8935185185185184e-06,0.25558760833553945,17.067607879638672,16.657732009887695,1.0246056813077555,0.7012988049590401,0.6902724466744623,50,7.328258037567139,6.478425979614258,11.437641143798828,73.35409545898438,2.002930164337158,8.127252578735352,1.1472740173339844,0.17276835441589355,0.20302623510360718,5.236502647399902,0.09571662545204163,1124.96630859375,2.6063671612361525,True,3435,1096,266,0.0016565393518518517,0.0005285493827160494,0.0001282793209876543,/home/jshong/Code/unfied-sr-denoise-platform/results/mc_g105_analysis/flat_dark_first/maps/morning_sunny_dark_1x_temporal_std.png,/home/jshong/Code/unfied-sr-denoise-platform/results/mc_g105_analysis/flat_dark_first/maps/morning_sunny_dark_1x_hot_persistence.png,/home/jshong/Code/unfied-sr-denoise-platform/results/mc_g105_analysis/flat_dark_first/maps/morning_sunny_dark_1x_hot_fixed_mask.png,,
/home/jshong/Code/unfied-sr-denoise-platform/results/mc_g105_capture_frames/morning/sunny/dark/1x/frame_3424.png,morning/sunny/dark/1x/frame_3424.png,morning,sunny,dark,calibration_dark,1x,frame_3424,3424,morning/sunny/dark/1x,1920,1080,23.323543548583984,17.077299118041992,23.257421493530273,16.019784927368164,12.677802085876465,16.799388885498047,19.592269897460938,12.309429168701172,130.6206512451172,130.003173828125,6.343358516693115,5.912960529327393,6.246244430541992,6.180122375488281,0.7321914163805255,0.7342730744472022,-6.213183403015137,-0.3171242085990315,5.444586277008057,0.10103443287037037,496.74530029296875,0.9359924768518518,8.475728034973145,0.0017848186728395062,3701,0.016335358796296297,0.0,0.14065489969135803,3.858024691358025e-06,1.9290123456790124e-06,4.822530864197531e-07,2.8935185185185184e-06,0.2200560557854396,19.55973243713379,19.212007522583008,1.0180993004527374,0.7358635398407313,0.7411758831326738,50,7.328258037567139,6.478425979614258,11.437641143798828,73.35409545898438,2.002930164337158,8.127252578735352,1.1472740173339844,0.17276835441589355,0.20302623510360718,5.236502647399902,0.09571662545204163,1124.96630859375,2.6063671612361525,True,3435,1096,266,0.0016565393518518517,0.0005285493827160494,0.0001282793209876543,/home/jshong/Code/unfied-sr-denoise-platform/results/mc_g105_analysis/flat_dark_first/maps/morning_sunny_dark_1x_temporal_std.png,/home/jshong/Code/unfied-sr-denoise-platform/results/mc_g105_analysis/flat_dark_first/maps/morning_sunny_dark_1x_hot_persistence.png,/home/jshong/Code/unfied-sr-denoise-platform/results/mc_g105_analysis/flat_dark_first/maps/morning_sunny_dark_1x_hot_fixed_mask.png,,
/home/jshong/Code/unfied-sr-denoise-platform/results/mc_g105_capture_frames/morning/sunny/dark/1x/frame_3425.png,morning/sunny/dark/1x/frame_3425.png,morning,sunny,dark,calibration_dark,1x,frame_3425,3425,morning/sunny/dark/1x,1920,1080,20.28126335144043,14.393089294433594,20.199581146240234,15.424087524414062,12.0321626663208,16.205156326293945,16.76122283935547,11.66038990020752,130.47267150878906,129.87718200683594,6.230961322784424,5.846689701080322,5.888174057006836,5.806491851806641,0.7096741625682403,0.7125439125537847,-5.847332954406738,-0.34886074014936547,5.371438980102539,0.08793402777777778,419.236083984375,0.9546971450617284,8.492323875427246,0.0017182677469135803,3563,0.04054880401234568,0.0,0.22878038194444444,2.8935185185185184e-06,1.9290123456790124e-06,0.0,9.645061728395062e-07,0.24365874561658957,16.78594970703125,16.381107330322266,1.0247139185301402,0.7146604716317629,0.7238594131275433,50,7.328258037567139,6.478425979614258,11.437641143798828,73.35409545898438,2.002930164337158,8.127252578735352,1.1472740173339844,0.17276835441589355,0.20302623510360718,5.236502647399902,0.09571662545204163,1124.96630859375,2.6063671612361525,True,3435,1096,266,0.0016565393518518517,0.0005285493827160494,0.0001282793209876543,/home/jshong/Code/unfied-sr-denoise-platform/results/mc_g105_analysis/flat_dark_first/maps/morning_sunny_dark_1x_temporal_std.png,/home/jshong/Code/unfied-sr-denoise-platform/results/mc_g105_analysis/flat_dark_first/maps/morning_sunny_dark_1x_hot_persistence.png,/home/jshong/Code/unfied-sr-denoise-platform/results/mc_g105_analysis/flat_dark_first/maps/morning_sunny_dark_1x_hot_fixed_mask.png,,
/home/jshong/Code/unfied-sr-denoise-platform/results/mc_g105_capture_frames/morning/sunny/dark/1x/frame_3426.png,morning/sunny/dark/1x/frame_3426.png,morning,sunny,dark,calibration_dark,1x,frame_3426,3426,morning/sunny/dark/1x,1920,1080,20.12727165222168,14.378166198730469,19.90486717224121,15.027386665344238,11.628591537475586,15.77699089050293,16.672029495239258,11.199007987976074,130.4264678955078,129.75918579101562,6.231435298919678,5.809957027435303,5.749105453491211,5.526700973510742,0.7143623702609992,0.7223442061667039,-5.637903213500977,-0.33816536114847523,5.353771209716797,0.07865306712962963,359.40521240234375,0.9576224922839506,8.232032775878906,0.001623263888888889,3366,0.031489197530864196,0.0,0.21623312114197532,1.4467592592592592e-06,1.4467592592592592e-06,0.0,4.822530864197531e-07,0.2460808521049942,16.722801208496094,16.253162384033203,1.0288951641822695,0.7165135582524781,0.732836391540275,50,7.328258037567139,6.478425979614258,11.437641143798828,73.35409545898438,2.002930164337158,8.127252578735352,1.1472740173339844,0.17276835441589355,0.20302623510360718,5.236502647399902,0.09571662545204163,1124.96630859375,2.6063671612361525,True,3435,1096,266,0.0016565393518518517,0.0005285493827160494,0.0001282793209876543,/home/jshong/Code/unfied-sr-denoise-platform/results/mc_g105_analysis/flat_dark_first/maps/morning_sunny_dark_1x_temporal_std.png,/home/jshong/Code/unfied-sr-denoise-platform/results/mc_g105_analysis/flat_dark_first/maps/morning_sunny_dark_1x_hot_persistence.png,/home/jshong/Code/unfied-sr-denoise-platform/results/mc_g105_analysis/flat_dark_first/maps/morning_sunny_dark_1x_hot_fixed_mask.png,,
/home/jshong/Code/unfied-sr-denoise-platform/results/mc_g105_capture_frames/morning/sunny/dark/1x/frame_3427.png,morning/sunny/dark/1x/frame_3427.png,morning,sunny,dark,calibration_dark,1x,frame_3427,3427,morning/sunny/dark/1x,1920,1080,18.31058120727539,13.901923179626465,18.549434661865234,14.500276565551758,11.401792526245117,15.373188972473145,15.696429252624512,10.87114429473877,129.82606506347656,129.54238891601562,6.089753150939941,5.7337327003479,4.408658027648926,4.6475114822387695,0.7592288995651256,0.7494526212571881,-4.528084754943848,-0.28847863380826555,5.309891700744629,0.0717746913580247,305.7259521484375,0.9642457561728395,8.335563659667969,0.0016126543209876542,3344,0.05574604552469136,0.0,0.2660884452160494,4.822530864197531e-07,4.822530864197531e-07,0.0,0.0,0.26641160917414325,15.752449989318848,15.19688606262207,1.0365576795041946,0.7666067512421543,0.7591702182890806,50,7.328258037567139,6.478425979614258,11.437641143798828,73.35409545898438,2.002930164337158,8.127252578735352,1.1472740173339844,0.17276835441589355,0.20302623510360718,5.236502647399902,0.09571662545204163,1124.96630859375,2.6063671612361525,True,3435,1096,266,0.0016565393518518517,0.0005285493827160494,0.0001282793209876543,/home/jshong/Code/unfied-sr-denoise-platform/results/mc_g105_analysis/flat_dark_first/maps/morning_sunny_dark_1x_temporal_std.png,/home/jshong/Code/unfied-sr-denoise-platform/results/mc_g105_analysis/flat_dark_first/maps/morning_sunny_dark_1x_hot_persistence.png,/home/jshong/Code/unfied-sr-denoise-platform/results/mc_g105_analysis/flat_dark_first/maps/morning_sunny_dark_1x_hot_fixed_mask.png,,
/home/jshong/Code/unfied-sr-denoise-platform/results/mc_g105_capture_frames/morning/sunny/dark/1x/frame_3428.png,morning/sunny/dark/1x/frame_3428.png,morning,sunny,dark,calibration_dark,1x,frame_3428,3428,morning/sunny/dark/1x,1920,1080,18.68208885192871,14.77072525024414,18.897716522216797,14.457752227783203,11.532966613769531,15.347189903259277,16.35491371154785,10.920186996459961,129.6199493408203,129.36097717285156,6.104306697845459,5.742926597595215,3.9113636016845703,4.126991271972656,0.7906355963018362,0.7816142469522669,-4.019177436828613,-0.24574737977635303,5.328899383544922,0.07636043595679012,306.079345703125,0.960481288580247,8.288187026977539,0.0015340470679012345,3181,0.04018904320987654,0.0,0.24129677854938272,4.822530864197531e-07,4.822530864197531e-07,0.0,0.0,0.24482839511325374,16.273971557617188,15.990387916564941,1.0177345680916163,0.7958051029469277,0.7913349488880007,50,7.328258037567139,6.478425979614258,11.437641143798828,73.35409545898438,2.002930164337158,8.127252578735352,1.1472740173339844,0.17276835441589355,0.20302623510360718,5.236502647399902,0.09571662545204163,1124.96630859375,2.6063671612361525,True,3435,1096,266,0.0016565393518518517,0.0005285493827160494,0.0001282793209876543,/home/jshong/Code/unfied-sr-denoise-platform/results/mc_g105_analysis/flat_dark_first/maps/morning_sunny_dark_1x_temporal_std.png,/home/jshong/Code/unfied-sr-denoise-platform/results/mc_g105_analysis/flat_dark_first/maps/morning_sunny_dark_1x_hot_persistence.png,/home/jshong/Code/unfied-sr-denoise-platform/results/mc_g105_analysis/flat_dark_first/maps/morning_sunny_dark_1x_hot_fixed_mask.png,,
/home/jshong/Code/unfied-sr-denoise-platform/results/mc_g105_capture_frames/morning/sunny/dark/1x/frame_3429.png,morning/sunny/dark/1x/frame_3429.png,morning,sunny,dark,calibration_dark,1x,frame_3429,3429,morning/sunny/dark/1x,1920,1080,18.881305694580078,15.068077087402344,18.906274795532227,14.542643547058105,11.600327491760254,15.279130935668945,16.590757369995117,10.97727108001709,129.59457397460938,129.23214721679688,6.136997222900391,5.707154750823975,3.8132286071777344,3.838197708129883,0.7980420704530831,0.7969881139131116,-3.8257131576538086,-0.23059302488382477,5.336361408233643,0.07618537808641976,290.9046630859375,0.9592052469135802,8.357074737548828,0.001525366512345679,3163,0.04324266975308642,0.0,0.24096354166666667,0.0,0.0,0.0,0.0,0.24625014608615117,16.632097244262695,16.13155174255371,1.031028910216968,0.8063932468904395,0.8090810764924272,50,7.328258037567139,6.478425979614258,11.437641143798828,73.35409545898438,2.002930164337158,8.127252578735352,1.1472740173339844,0.17276835441589355,0.20302623510360718,5.236502647399902,0.09571662545204163,1124.96630859375,2.6063671612361525,True,3435,1096,266,0.0016565393518518517,0.0005285493827160494,0.0001282793209876543,/home/jshong/Code/unfied-sr-denoise-platform/results/mc_g105_analysis/flat_dark_first/maps/morning_sunny_dark_1x_temporal_std.png,/home/jshong/Code/unfied-sr-denoise-platform/results/mc_g105_analysis/flat_dark_first/maps/morning_sunny_dark_1x_hot_persistence.png,/home/jshong/Code/unfied-sr-denoise-platform/results/mc_g105_analysis/flat_dark_first/maps/morning_sunny_dark_1x_hot_fixed_mask.png,,
/home/jshong/Code/unfied-sr-denoise-platform/results/mc_g105_capture_frames/morning/sunny/dark/1x/frame_3430.png,morning/sunny/dark/1x/frame_3430.png,morning,sunny,dark,calibration_dark,1x,frame_3430,3430,morning/sunny/dark/1x,1920,1080,18.742300033569336,14.884542465209961,18.66339874267578,14.473746299743652,11.462050437927246,15.183189392089844,16.4123477935791,10.83320140838623,129.62232971191406,129.19357299804688,6.168273448944092,5.712131500244141,3.857757568359375,3.7788562774658203,0.7941683595066719,0.7975257814992263,-3.8183069229125977,-0.23264841436994133,5.3444504737854,0.0781838348765432,295.0311279296875,0.9577628279320988,8.042536735534668,0.0014998070987654322,3110,0.03258632330246913,0.0,0.23503568672839506,0.0,0.0,0.0,0.0,0.2253268531312259,16.431659698486328,16.00089454650879,1.026921252671481,0.8014520133344145,0.8095172514317539,50,7.328258037567139,6.478425979614258,11.437641143798828,73.35409545898438,2.002930164337158,8.127252578735352,1.1472740173339844,0.17276835441589355,0.20302623510360718,5.236502647399902,0.09571662545204163,1124.96630859375,2.6063671612361525,True,3435,1096,266,0.0016565393518518517,0.0005285493827160494,0.0001282793209876543,/home/jshong/Code/unfied-sr-denoise-platform/results/mc_g105_analysis/flat_dark_first/maps/morning_sunny_dark_1x_temporal_std.png,/home/jshong/Code/unfied-sr-denoise-platform/results/mc_g105_analysis/flat_dark_first/maps/morning_sunny_dark_1x_hot_persistence.png,/home/jshong/Code/unfied-sr-denoise-platform/results/mc_g105_analysis/flat_dark_first/maps/morning_sunny_dark_1x_hot_fixed_mask.png,,
/home/jshong/Code/unfied-sr-denoise-platform/results/mc_g105_capture_frames/morning/sunny/dark/1x/frame_3431.png,morning/sunny/dark/1x/frame_3431.png,morning,sunny,dark,calibration_dark,1x,frame_3431,3431,morning/sunny/dark/1x,1920,1080,18.630672454833984,14.72862434387207,18.485837936401367,14.606524467468262,11.515485763549805,15.232336044311523,16.26875877380371,10.924515724182129,129.64666748046875,129.17584228515625,6.181657791137695,5.6855034828186035,3.902048110961914,3.757213592529297,0.7905578067040043,0.7967517403210312,-3.8296308517456055,-0.23539783640497017,5.343384265899658,0.07770495756172839,277.9119873046875,0.9591444830246914,8.298110008239746,0.0014655671296296296,3039,0.04651186342592593,0.0,0.25515673225308644,0.0,0.0,0.0,0.0,0.24604530626711027,16.21651840209961,15.955955505371094,1.016330070631667,0.7961658355564731,0.8076102474069528,50,7.328258037567139,6.478425979614258,11.437641143798828,73.35409545898438,2.002930164337158,8.127252578735352,1.1472740173339844,0.17276835441589355,0.20302623510360718,5.236502647399902,0.09571662545204163,1124.96630859375,2.6063671612361525,True,3435,1096,266,0.0016565393518518517,0.0005285493827160494,0.0001282793209876543,/home/jshong/Code/unfied-sr-denoise-platform/results/mc_g105_analysis/flat_dark_first/maps/morning_sunny_dark_1x_temporal_std.png,/home/jshong/Code/unfied-sr-denoise-platform/results/mc_g105_analysis/flat_dark_first/maps/morning_sunny_dark_1x_hot_persistence.png,/home/jshong/Code/unfied-sr-denoise-platform/results/mc_g105_analysis/flat_dark_first/maps/morning_sunny_dark_1x_hot_fixed_mask.png,,
/home/jshong/Code/unfied-sr-denoise-platform/results/mc_g105_capture_frames/morning/sunny/dark/1x/frame_3432.png,morning/sunny/dark/1x/frame_3432.png,morning,sunny,dark,calibration_dark,1x,frame_3432,3432,morning/sunny/dark/1x,1920,1080,18.94988441467285,15.034608840942383,18.663225173950195,14.658942222595215,11.557929992675781,15.22000789642334,16.563819885253906,10.947875022888184,129.66395568847656,129.1079864501953,6.224226951599121,5.682756423950195,3.9152755737304688,3.6286163330078125,0.7933878496859469,0.8055739506563675,-3.7719459533691406,-0.2277219718505378,5.358896255493164,0.07858699845679012,272.878662109375,0.9581804591049383,8.319805145263672,0.0014250578703703704,2955,0.04084538966049383,0.0,0.24682098765432098,0.0,0.0,0.0,0.0,0.25910693058396317,16.486169815063477,16.16288948059082,1.0200013317457584,0.7983999057388331,0.8157706887605425,50,7.328258037567139,6.478425979614258,11.437641143798828,73.35409545898438,2.002930164337158,8.127252578735352,1.1472740173339844,0.17276835441589355,0.20302623510360718,5.236502647399902,0.09571662545204163,1124.96630859375,2.6063671612361525,True,3435,1096,266,0.0016565393518518517,0.0005285493827160494,0.0001282793209876543,/home/jshong/Code/unfied-sr-denoise-platform/results/mc_g105_analysis/flat_dark_first/maps/morning_sunny_dark_1x_temporal_std.png,/home/jshong/Code/unfied-sr-denoise-platform/results/mc_g105_analysis/flat_dark_first/maps/morning_sunny_dark_1x_hot_persistence.png,/home/jshong/Code/unfied-sr-denoise-platform/results/mc_g105_analysis/flat_dark_first/maps/morning_sunny_dark_1x_hot_fixed_mask.png,,
/home/jshong/Code/unfied-sr-denoise-platform/results/mc_g105_capture_frames/morning/sunny/dark/1x/frame_3433.png,morning/sunny/dark/1x/frame_3433.png,morning,sunny,dark,calibration_dark,1x,frame_3433,3433,morning/sunny/dark/1x,1920,1080,18.881359100341797,14.952762603759766,18.390947341918945,14.743879318237305,11.63251781463623,15.205181121826172,16.464313507080078,11.011725425720215,129.68739318847656,129.01087951660156,6.261974811553955,5.656661510467529,3.9285964965820312,3.4381847381591797,0.7919324944969979,0.8130501117050914,-3.6833906173706055,-0.22371964625594662,5.367807865142822,0.08104938271604939,275.7635192871094,0.9577338927469136,8.365429878234863,0.0013999807098765433,2903,0.040242091049382714,0.0,0.2565948109567901,0.0,0.0,0.0,0.0,0.263517466785124,16.521617889404297,15.925259590148926,1.0374472553136285,0.7978090274608787,0.8264590264364794,50,7.328258037567139,6.478425979614258,11.437641143798828,73.35409545898438,2.002930164337158,8.127252578735352,1.1472740173339844,0.17276835441589355,0.20302623510360718,5.236502647399902,0.09571662545204163,1124.96630859375,2.6063671612361525,True,3435,1096,266,0.0016565393518518517,0.0005285493827160494,0.0001282793209876543,/home/jshong/Code/unfied-sr-denoise-platform/results/mc_g105_analysis/flat_dark_first/maps/morning_sunny_dark_1x_temporal_std.png,/home/jshong/Code/unfied-sr-denoise-platform/results/mc_g105_analysis/flat_dark_first/maps/morning_sunny_dark_1x_hot_persistence.png,/home/jshong/Code/unfied-sr-denoise-platform/results/mc_g105_analysis/flat_dark_first/maps/morning_sunny_dark_1x_hot_fixed_mask.png,,
/home/jshong/Code/unfied-sr-denoise-platform/results/mc_g105_capture_frames/morning/sunny/dark/1x/frame_3434.png,morning/sunny/dark/1x/frame_3434.png,morning,sunny,dark,calibration_dark,1x,frame_3434,3434,morning/sunny/dark/1x,1920,1080,18.877307891845703,14.867119789123535,18.31223487854004,14.783625602722168,11.615903854370117,15.217303276062012,16.403369903564453,11.002961158752441,129.72860717773438,129.0008544921875,6.295198917388916,5.661392688751221,4.010188102722168,3.445115089416504,0.7875656363045253,0.8118680803225231,-3.727651596069336,-0.22724911958549426,5.381468772888184,0.08252314814814815,279.0511474609375,0.9571064814814815,8.30694580078125,0.0013705632716049382,2842,0.03701871141975309,0.0,0.25971836419753086,0.0,0.0,0.0,0.0,0.2628039406009496,16.344945907592773,15.955948829650879,1.0243793745966177,0.794956826505656,0.8269093076225248,50,7.328258037567139,6.478425979614258,11.437641143798828,73.35409545898438,2.002930164337158,8.127252578735352,1.1472740173339844,0.17276835441589355,0.20302623510360718,5.236502647399902,0.09571662545204163,1124.96630859375,2.6063671612361525,True,3435,1096,266,0.0016565393518518517,0.0005285493827160494,0.0001282793209876543,/home/jshong/Code/unfied-sr-denoise-platform/results/mc_g105_analysis/flat_dark_first/maps/morning_sunny_dark_1x_temporal_std.png,/home/jshong/Code/unfied-sr-denoise-platform/results/mc_g105_analysis/flat_dark_first/maps/morning_sunny_dark_1x_hot_persistence.png,/home/jshong/Code/unfied-sr-denoise-platform/results/mc_g105_analysis/flat_dark_first/maps/morning_sunny_dark_1x_hot_fixed_mask.png,,
/home/jshong/Code/unfied-sr-denoise-platform/results/mc_g105_capture_frames/morning/sunny/dark/1x/frame_3435.png,morning/sunny/dark/1x/frame_3435.png,morning,sunny,dark,calibration_dark,1x,frame_3435,3435,morning/sunny/dark/1x,1920,1080,19.236797332763672,15.202498435974121,18.56315040588379,14.856511116027832,11.653382301330566,15.230183601379395,16.73598289489746,11.030975341796875,129.74705505371094,128.95318603515625,6.340137481689453,5.666875839233398,4.034298896789551,3.360651969909668,0.79028215470147,0.8189610752814054,-3.6974754333496094,-0.22092967205094596,5.405050277709961,0.08127363040123457,271.1878662109375,0.9561863425925926,8.351318359375,0.0013802083333333333,2862,0.037180748456790126,0.0,0.24949266975308643,0.0,0.0,0.0,0.0,0.2528433653615132,16.723966598510742,16.274133682250977,1.02764091148578,0.7963632739448797,0.8345528622108044,50,7.328258037567139,6.478425979614258,11.437641143798828,73.35409545898438,2.002930164337158,8.127252578735352,1.1472740173339844,0.17276835441589355,0.20302623510360718,5.236502647399902,0.09571662545204163,1124.96630859375,2.6063671612361525,True,3435,1096,266,0.0016565393518518517,0.0005285493827160494,0.0001282793209876543,/home/jshong/Code/unfied-sr-denoise-platform/results/mc_g105_analysis/flat_dark_first/maps/morning_sunny_dark_1x_temporal_std.png,/home/jshong/Code/unfied-sr-denoise-platform/results/mc_g105_analysis/flat_dark_first/maps/morning_sunny_dark_1x_hot_persistence.png,/home/jshong/Code/unfied-sr-denoise-platform/results/mc_g105_analysis/flat_dark_first/maps/morning_sunny_dark_1x_hot_fixed_mask.png,,
/home/jshong/Code/unfied-sr-denoise-platform/results/mc_g105_capture_frames/morning/sunny/dark/1x/frame_3436.png,morning/sunny/dark/1x/frame_3436.png,morning,sunny,dark,calibration_dark,1x,frame_3436,3436,morning/sunny/dark/1x,1920,1080,18.672697067260742,14.679381370544434,17.866748809814453,14.684062004089355,11.469283103942871,14.978203773498535,16.18048095703125,10.811918258666992,129.7406768798828,128.87295532226562,6.350381851196289,5.631952285766602,3.9933156967163086,3.1873674392700195,0.7861414198241721,0.8216033429024033,-3.590341567993164,-0.2218933637160898,5.3984694480896,0.08091628086419753,273.7374572753906,0.9580343364197531,8.097477912902832,0.0013218557098765432,2741,0.030699266975308642,0.0,0.26360194830246914,0.0,0.0,0.0,0.0,0.2368915117693737,16.195310592651367,15.805941581726074,1.0246342797281485,0.7936188779130939,0.8375886860526176,50,7.328258037567139,6.478425979614258,11.437641143798828,73.35409545898438,2.002930164337158,8.127252578735352,1.1472740173339844,0.17276835441589355,0.20302623510360718,5.236502647399902,0.09571662545204163,1124.96630859375,2.6063671612361525,True,3435,1096,266,0.0016565393518518517,0.0005285493827160494,0.0001282793209876543,/home/jshong/Code/unfied-sr-denoise-platform/results/mc_g105_analysis/flat_dark_first/maps/morning_sunny_dark_1x_temporal_std.png,/home/jshong/Code/unfied-sr-denoise-platform/results/mc_g105_analysis/flat_dark_first/maps/morning_sunny_dark_1x_hot_persistence.png,/home/jshong/Code/unfied-sr-denoise-platform/results/mc_g105_analysis/flat_dark_first/maps/morning_sunny_dark_1x_hot_fixed_mask.png,,
/home/jshong/Code/unfied-sr-denoise-platform/results/mc_g105_capture_frames/morning/sunny/dark/1x/frame_3437.png,morning/sunny/dark/1x/frame_3437.png,morning,sunny,dark,calibration_dark,1x,frame_3437,3437,morning/sunny/dark/1x,1920,1080,19.028017044067383,14.866253852844238,18.098487854003906,14.857141494750977,11.545002937316895,15.070418357849121,16.423717498779297,10.910529136657715,129.8216094970703,128.86729431152344,6.4055609703063965,5.638672351837158,4.1617631912231445,3.232234001159668,0.7812823079321857,0.8214085702274195,-3.6969985961914062,-0.2251011910893497,5.422107219696045,0.0790456211419753,258.7264099121094,0.9583588927469135,8.321918487548828,0.001331983024691358,2762,0.04122878086419753,0.0,0.26569203317901235,0.0,0.0,0.0,0.0,0.24808574168767944,16.478647232055664,16.00874137878418,1.0293530148810586,0.789562719100863,0.8364310842875495,50,7.328258037567139,6.478425979614258,11.437641143798828,73.35409545898438,2.002930164337158,8.127252578735352,1.1472740173339844,0.17276835441589355,0.20302623510360718,5.236502647399902,0.09571662545204163,1124.96630859375,2.6063671612361525,True,3435,1096,266,0.0016565393518518517,0.0005285493827160494,0.0001282793209876543,/home/jshong/Code/unfied-sr-denoise-platform/results/mc_g105_analysis/flat_dark_first/maps/morning_sunny_dark_1x_temporal_std.png,/home/jshong/Code/unfied-sr-denoise-platform/results/mc_g105_analysis/flat_dark_first/maps/morning_sunny_dark_1x_hot_persistence.png,/home/jshong/Code/unfied-sr-denoise-platform/results/mc_g105_analysis/flat_dark_first/maps/morning_sunny_dark_1x_hot_fixed_mask.png,,
/home/jshong/Code/unfied-sr-denoise-platform/results/mc_g105_capture_frames/morning/sunny/dark/1x/frame_3438.png,morning/sunny/dark/1x/frame_3438.png,morning,sunny,dark,calibration_dark,1x,frame_3438,3438,morning/sunny/dark/1x,1920,1080,19.423410415649414,15.28423023223877,18.47945213317871,14.865752220153809,11.61190414428711,15.104763984680176,16.829139709472656,10.942424774169922,129.814208984375,128.8513641357422,6.432771682739258,5.657436370849609,4.1391801834106445,3.1952219009399414,0.7868973119688072,0.8270932111511937,-3.667201042175293,-0.21790780084874606,5.437450408935547,0.07996913580246913,260.3690490722656,0.9567148919753087,8.29725170135498,0.0012876157407407406,2670,0.03467785493827161,0.0,0.24712818287037036,0.0,0.0,0.0,0.0,0.24346383688505846,16.787899017333984,16.408140182495117,1.0231444763069206,0.7907941202030356,0.8381483869930721,50,7.328258037567139,6.478425979614258,11.437641143798828,73.35409545898438,2.002930164337158,8.127252578735352,1.1472740173339844,0.17276835441589355,0.20302623510360718,5.236502647399902,0.09571662545204163,1124.96630859375,2.6063671612361525,True,3435,1096,266,0.0016565393518518517,0.0005285493827160494,0.0001282793209876543,/home/jshong/Code/unfied-sr-denoise-platform/results/mc_g105_analysis/flat_dark_first/maps/morning_sunny_dark_1x_temporal_std.png,/home/jshong/Code/unfied-sr-denoise-platform/results/mc_g105_analysis/flat_dark_first/maps/morning_sunny_dark_1x_hot_persistence.png,/home/jshong/Code/unfied-sr-denoise-platform/results/mc_g105_analysis/flat_dark_first/maps/morning_sunny_dark_1x_hot_fixed_mask.png,,
/home/jshong/Code/unfied-sr-denoise-platform/results/mc_g105_capture_frames/morning/sunny/dark/1x/frame_3439.png,morning/sunny/dark/1x/frame_3439.png,morning,sunny,dark,calibration_dark,1x,frame_3439,3439,morning/sunny/dark/1x,1920,1080,19.126462936401367,14.996057510375977,18.255123138427734,14.783315658569336,11.52236270904541,15.069777488708496,16.545961380004883,10.841980934143066,129.8045654296875,128.88511657714844,6.435223579406738,5.672757148742676,4.130405426025391,3.259065628051758,0.7840475667766049,0.8214711330726424,-3.694735527038574,-0.22330133734037197,5.443319797515869,0.07737268518518518,252.0540771484375,0.9586125578703704,8.2833251953125,0.0013729745370370371,2847,0.036938657407407406,0.0,0.2577030285493827,0.0,0.0,0.0,0.0,0.260651065136762,16.5308837890625,16.002574920654297,1.033013926697034,0.7902977111933533,0.8343839995126587,50,7.328258037567139,6.478425979614258,11.437641143798828,73.35409545898438,2.002930164337158,8.127252578735352,1.1472740173339844,0.17276835441589355,0.20302623510360718,5.236502647399902,0.09571662545204163,1124.96630859375,2.6063671612361525,True,3435,1096,266,0.0016565393518518517,0.0005285493827160494,0.0001282793209876543,/home/jshong/Code/unfied-sr-denoise-platform/results/mc_g105_analysis/flat_dark_first/maps/morning_sunny_dark_1x_temporal_std.png,/home/jshong/Code/unfied-sr-denoise-platform/results/mc_g105_analysis/flat_dark_first/maps/morning_sunny_dark_1x_hot_persistence.png,/home/jshong/Code/unfied-sr-denoise-platform/results/mc_g105_analysis/flat_dark_first/maps/morning_sunny_dark_1x_hot_fixed_mask.png,,
/home/jshong/Code/unfied-sr-denoise-platform/results/mc_g105_capture_frames/morning/sunny/dark/1x/frame_3440.png,morning/sunny/dark/1x/frame_3440.png,morning,sunny,dark,calibration_dark,1x,frame_3440,3440,morning/sunny/dark/1x,1920,1080,18.19020652770996,14.26154613494873,17.489627838134766,14.542386054992676,11.388846397399902,14.92927360534668,15.748717308044434,10.675790786743164,129.7063751220703,128.90533447265625,6.3677825927734375,5.666170120239258,3.9286603927612305,3.228081703186035,0.7840232780864911,0.8154287473415414,-3.578371047973633,-0.22721665204626867,5.4128546714782715,0.07477527006172839,245.1538543701172,0.9619159915123456,8.179360389709473,0.0012745949074074074,2643,0.044174382716049385,0.0,0.2883940972222222,0.0,0.0,0.0,0.0,0.26589357286471627,15.75813102722168,15.35935115814209,1.0259632610134664,0.7908549625487368,0.8294670507443987,50,7.328258037567139,6.478425979614258,11.437641143798828,73.35409545898438,2.002930164337158,8.127252578735352,1.1472740173339844,0.17276835441589355,0.20302623510360718,5.236502647399902,0.09571662545204163,1124.96630859375,2.6063671612361525,True,3435,1096,266,0.0016565393518518517,0.0005285493827160494,0.0001282793209876543,/home/jshong/Code/unfied-sr-denoise-platform/results/mc_g105_analysis/flat_dark_first/maps/morning_sunny_dark_1x_temporal_std.png,/home/jshong/Code/unfied-sr-denoise-platform/results/mc_g105_analysis/flat_dark_first/maps/morning_sunny_dark_1x_hot_persistence.png,/home/jshong/Code/unfied-sr-denoise-platform/results/mc_g105_analysis/flat_dark_first/maps/morning_sunny_dark_1x_hot_fixed_mask.png,,
/home/jshong/Code/unfied-sr-denoise-platform/results/mc_g105_capture_frames/morning/sunny/dark/1x/frame_3441.png,morning/sunny/dark/1x/frame_3441.png,morning,sunny,dark,calibration_dark,1x,frame_3441,3441,morning/sunny/dark/1x,1920,1080,18.63120460510254,14.889432907104492,18.035701751708984,14.589807510375977,11.537047386169434,15.040068626403809,16.310340881347656,10.805948257446289,129.61849975585938,128.89447021484375,6.360555171966553,5.679510116577148,3.741771697998047,3.146268844604492,0.7991663675820696,0.8255532435903354,-3.4440202713012695,-0.21115561502973867,5.41665506362915,0.0761448688271605,245.7207489013672,0.9598490547839507,8.288771629333496,0.0013700810185185185,2841,0.040422935956790126,0.0,0.2707103587962963,0.0,0.0,0.0,0.0,0.2599720794121243,16.452930450439453,15.852502822875977,1.0378758229155594,0.8071261231087336,0.8393579782740993,50,7.328258037567139,6.478425979614258,11.437641143798828,73.35409545898438,2.002930164337158,8.127252578735352,1.1472740173339844,0.17276835441589355,0.20302623510360718,5.236502647399902,0.09571662545204163,1124.96630859375,2.6063671612361525,True,3435,1096,266,0.0016565393518518517,0.0005285493827160494,0.0001282793209876543,/home/jshong/Code/unfied-sr-denoise-platform/results/mc_g105_analysis/flat_dark_first/maps/morning_sunny_dark_1x_temporal_std.png,/home/jshong/Code/unfied-sr-denoise-platform/results/mc_g105_analysis/flat_dark_first/maps/morning_sunny_dark_1x_hot_persistence.png,/home/jshong/Code/unfied-sr-denoise-platform/results/mc_g105_analysis/flat_dark_first/maps/morning_sunny_dark_1x_hot_fixed_mask.png,,
/home/jshong/Code/unfied-sr-denoise-platform/results/mc_g105_capture_frames/morning/sunny/dark/1x/frame_3442.png,morning/sunny/dark/1x/frame_3442.png,morning,sunny,dark,calibration_dark,1x,frame_3442,3442,morning/sunny/dark/1x,1920,1080,18.499296188354492,14.988221168518066,18.00800895690918,14.58637809753418,11.643355369567871,15.076229095458984,16.326271057128906,10.894389152526855,129.5126495361328,128.87002563476562,6.326997756958008,5.680280685424805,3.511075019836426,3.0197877883911133,0.810204896754311,0.8323085784816271,-3.2654314041137695,-0.20001084097382235,5.405310153961182,0.07791956018518519,241.9584197998047,0.9592298418209877,8.36237621307373,0.001361400462962963,2823,0.04487606095679012,0.0,0.27489728009259257,0.0,0.0,0.0,0.0,0.2519483883066788,16.444704055786133,15.858627319335938,1.0369562691456493,0.8196517756616019,0.8473937574694228,50,7.328258037567139,6.478425979614258,11.437641143798828,73.35409545898438,2.002930164337158,8.127252578735352,1.1472740173339844,0.17276835441589355,0.20302623510360718,5.236502647399902,0.09571662545204163,1124.96630859375,2.6063671612361525,True,3435,1096,266,0.0016565393518518517,0.0005285493827160494,0.0001282793209876543,/home/jshong/Code/unfied-sr-denoise-platform/results/mc_g105_analysis/flat_dark_first/maps/morning_sunny_dark_1x_temporal_std.png,/home/jshong/Code/unfied-sr-denoise-platform/results/mc_g105_analysis/flat_dark_first/maps/morning_sunny_dark_1x_hot_persistence.png,/home/jshong/Code/unfied-sr-denoise-platform/results/mc_g105_analysis/flat_dark_first/maps/morning_sunny_dark_1x_hot_fixed_mask.png,,
/home/jshong/Code/unfied-sr-denoise-platform/results/mc_g105_capture_frames/morning/sunny/dark/1x/frame_3443.png,morning/sunny/dark/1x/frame_3443.png,morning,sunny,dark,calibration_dark,1x,frame_3443,3443,morning/sunny/dark/1x,1920,1080,21.246824264526367,17.787076950073242,20.819116592407227,15.18680477142334,12.372666358947754,15.745450973510742,19.10660171508789,11.621445655822754,129.48585510253906,128.88119506835938,6.420507907867432,5.783578872680664,3.459747314453125,3.0320396423339844,0.8371639870249458,0.8543626727273121,-3.2458934783935547,-0.16988333963893923,5.473422050476074,0.09839747299382716,301.2166442871094,0.9398731674382717,8.480852127075195,0.0013030478395061728,2702,0.01750096450617284,0.0,0.1856587577160494,0.0,0.0,0.0,0.0,0.22163678002241477,19.08537483215332,18.665273666381836,1.02250704440627,0.8441990377765888,0.8689430618414624,50,7.328258037567139,6.478425979614258,11.437641143798828,73.35409545898438,2.002930164337158,8.127252578735352,1.1472740173339844,0.17276835441589355,0.20302623510360718,5.236502647399902,0.09571662545204163,1124.96630859375,2.6063671612361525,True,3435,1096,266,0.0016565393518518517,0.0005285493827160494,0.0001282793209876543,/home/jshong/Code/unfied-sr-denoise-platform/results/mc_g105_analysis/flat_dark_first/maps/morning_sunny_dark_1x_temporal_std.png,/home/jshong/Code/unfied-sr-denoise-platform/results/mc_g105_analysis/flat_dark_first/maps/morning_sunny_dark_1x_hot_persistence.png,/home/jshong/Code/unfied-sr-denoise-platform/results/mc_g105_analysis/flat_dark_first/maps/morning_sunny_dark_1x_hot_fixed_mask.png,,
/home/jshong/Code/unfied-sr-denoise-platform/results/mc_g105_capture_frames/morning/sunny/dark/1x/frame_3444.png,morning/sunny/dark/1x/frame_3444.png,morning,sunny,dark,calibration_dark,1x,frame_3444,3444,morning/sunny/dark/1x,1920,1080,18.15290641784668,14.839432716369629,18.27699089050293,14.8823881149292,12.119488716125488,15.74487018585205,16.16551971435547,11.399372100830078,129.38002014160156,129.11441040039062,6.278866291046143,5.851693153381348,3.313473701477051,3.437558174133301,0.8174686497756567,0.8119187667900908,-3.375515937805176,-0.208809601462922,5.428411960601807,0.09785252700617283,322.6980285644531,0.9509717399691358,8.251603126525879,0.0012866512345679013,2668,0.03487847222222222,0.0,0.2903838734567901,0.0,0.0,0.0,0.0,0.24640235396408178,16.185253143310547,15.891481399536133,1.0184860503500284,0.8251604104490132,0.8246743968439911,50,7.328258037567139,6.478425979614258,11.437641143798828,73.35409545898438,2.002930164337158,8.127252578735352,1.1472740173339844,0.17276835441589355,0.20302623510360718,5.236502647399902,0.09571662545204163,1124.96630859375,2.6063671612361525,True,3435,1096,266,0.0016565393518518517,0.0005285493827160494,0.0001282793209876543,/home/jshong/Code/unfied-sr-denoise-platform/results/mc_g105_analysis/flat_dark_first/maps/morning_sunny_dark_1x_temporal_std.png,/home/jshong/Code/unfied-sr-denoise-platform/results/mc_g105_analysis/flat_dark_first/maps/morning_sunny_dark_1x_hot_persistence.png,/home/jshong/Code/unfied-sr-denoise-platform/results/mc_g105_analysis/flat_dark_first/maps/morning_sunny_dark_1x_hot_fixed_mask.png,,
/home/jshong/Code/unfied-sr-denoise-platform/results/mc_g105_capture_frames/morning/sunny/dark/1x/frame_3445.png,morning/sunny/dark/1x/frame_3445.png,morning,sunny,dark,calibration_dark,1x,frame_3445,3445,morning/sunny/dark/1x,1920,1080,18.587493896484375,15.302281379699707,18.81780242919922,15.183692932128906,12.425528526306152,16.07512092590332,16.629587173461914,11.7630033493042,129.3596649169922,129.15769958496094,6.2532267570495605,5.876221656799316,3.285212516784668,3.5155210494995117,0.8232567898428297,0.8131810621400931,-3.40036678314209,-0.2044769087287751,5.429126262664795,0.09900800540123457,323.0663146972656,0.9494859182098765,8.589570999145508,0.0013869598765432099,2876,0.05303337191358025,0.0,0.28649257330246913,0.0,0.0,0.0,0.0,0.2624615652182423,16.61537742614746,16.220808029174805,1.0243248284510953,0.8315818496331439,0.8272587682619604,50,7.328258037567139,6.478425979614258,11.437641143798828,73.35409545898438,2.002930164337158,8.127252578735352,1.1472740173339844,0.17276835441589355,0.20302623510360718,5.236502647399902,0.09571662545204163,1124.96630859375,2.6063671612361525,True,3435,1096,266,0.0016565393518518517,0.0005285493827160494,0.0001282793209876543,/home/jshong/Code/unfied-sr-denoise-platform/results/mc_g105_analysis/flat_dark_first/maps/morning_sunny_dark_1x_temporal_std.png,/home/jshong/Code/unfied-sr-denoise-platform/results/mc_g105_analysis/flat_dark_first/maps/morning_sunny_dark_1x_hot_persistence.png,/home/jshong/Code/unfied-sr-denoise-platform/results/mc_g105_analysis/flat_dark_first/maps/morning_sunny_dark_1x_hot_fixed_mask.png,,
/home/jshong/Code/unfied-sr-denoise-platform/results/mc_g105_capture_frames/morning/sunny/dark/1x/frame_3446.png,morning/sunny/dark/1x/frame_3446.png,morning,sunny,dark,calibration_dark,1x,frame_3446,3446,morning/sunny/dark/1x,1920,1080,18.763538360595703,15.499168395996094,18.912221908569336,15.453004837036133,12.72304916381836,16.26715660095215,16.80683708190918,12.070996284484863,129.357421875,129.1088409423828,6.2767839431762695,5.8770270347595215,3.2643699645996094,3.413053512573242,0.8260258418273186,0.8195318165890086,-3.338711738586426,-0.19865198452647692,5.441928386688232,0.10485532407407408,380.7310791015625,0.9417467206790123,8.162225723266602,0.0014342206790123456,2974,0.0396580825617284,0.0,0.271151138117284,0.0,0.0,0.0,0.0,0.24521842758208082,16.75000762939453,16.455690383911133,1.0178853770781793,0.833207135315834,0.8312992808932045,50,7.328258037567139,6.478425979614258,11.437641143798828,73.35409545898438,2.002930164337158,8.127252578735352,1.1472740173339844,0.17276835441589355,0.20302623510360718,5.236502647399902,0.09571662545204163,1124.96630859375,2.6063671612361525,True,3435,1096,266,0.0016565393518518517,0.0005285493827160494,0.0001282793209876543,/home/jshong/Code/unfied-sr-denoise-platform/results/mc_g105_analysis/flat_dark_first/maps/morning_sunny_dark_1x_temporal_std.png,/home/jshong/Code/unfied-sr-denoise-platform/results/mc_g105_analysis/flat_dark_first/maps/morning_sunny_dark_1x_hot_persistence.png,/home/jshong/Code/unfied-sr-denoise-platform/results/mc_g105_analysis/flat_dark_first/maps/morning_sunny_dark_1x_hot_fixed_mask.png,,
/home/jshong/Code/unfied-sr-denoise-platform/results/mc_g105_capture_frames/morning/sunny/dark/1x/frame_3447.png,morning/sunny/dark/1x/frame_3447.png,morning,sunny,dark,calibration_dark,1x,frame_3447,3447,morning/sunny/dark/1x,1920,1080,16.893083572387695,13.705120086669922,17.244873046875,15.100735664367676,12.349956512451172,16.02075958251953,15.008670806884766,11.74415397644043,129.3094482421875,129.1894989013672,6.137251377105713,5.8183159828186035,3.1879634857177734,3.539752960205078,0.8112858269277473,0.794735876261936,-3.363858222961426,-0.2241276420887796,5.367465019226074,0.09525221836419753,355.01727294921875,0.9535165895061728,8.273393630981445,0.0013903356481481481,2883,0.06896653163580246,0.0,0.3548360339506173,0.0,0.0,0.0,0.0,0.2709810778588249,15.05593204498291,14.646098136901855,1.0279823934175383,0.8219074841436824,0.8108806078950603,50,7.328258037567139,6.478425979614258,11.437641143798828,73.35409545898438,2.002930164337158,8.127252578735352,1.1472740173339844,0.17276835441589355,0.20302623510360718,5.236502647399902,0.09571662545204163,1124.96630859375,2.6063671612361525,True,3435,1096,266,0.0016565393518518517,0.0005285493827160494,0.0001282793209876543,/home/jshong/Code/unfied-sr-denoise-platform/results/mc_g105_analysis/flat_dark_first/maps/morning_sunny_dark_1x_temporal_std.png,/home/jshong/Code/unfied-sr-denoise-platform/results/mc_g105_analysis/flat_dark_first/maps/morning_sunny_dark_1x_hot_persistence.png,/home/jshong/Code/unfied-sr-denoise-platform/results/mc_g105_analysis/flat_dark_first/maps/morning_sunny_dark_1x_hot_fixed_mask.png,,
/home/jshong/Code/unfied-sr-denoise-platform/results/mc_g105_capture_frames/morning/sunny/dark/1x/frame_3448.png,morning/sunny/dark/1x/frame_3448.png,morning,sunny,dark,calibration_dark,1x,frame_3448,3448,morning/sunny/dark/1x,1920,1080,17.00495147705078,13.665493965148926,17.302133560180664,15.120721817016602,12.222620010375977,15.985611915588379,15.024697303771973,11.666030883789062,129.37782287597656,129.2128143310547,6.142972946166992,5.8154683113098145,3.3394575119018555,3.6366395950317383,0.8036184742998453,0.7898154945921443,-3.488048553466797,-0.23215431571036055,5.365548610687256,0.08987364969135803,334.4712219238281,0.9552637924382716,8.285886764526367,0.0014641203703703704,3036,0.06687210648148148,0.0,0.3508270640432099,4.822530864197531e-07,4.822530864197531e-07,0.0,4.822530864197531e-07,0.3169900406118537,14.980846405029297,14.738733291625977,1.0164269270761521,0.813294379896311,0.8067831549335873,50,7.328258037567139,6.478425979614258,11.437641143798828,73.35409545898438,2.002930164337158,8.127252578735352,1.1472740173339844,0.17276835441589355,0.20302623510360718,5.236502647399902,0.09571662545204163,1124.96630859375,2.6063671612361525,True,3435,1096,266,0.0016565393518518517,0.0005285493827160494,0.0001282793209876543,/home/jshong/Code/unfied-sr-denoise-platform/results/mc_g105_analysis/flat_dark_first/maps/morning_sunny_dark_1x_temporal_std.png,/home/jshong/Code/unfied-sr-denoise-platform/results/mc_g105_analysis/flat_dark_first/maps/morning_sunny_dark_1x_hot_persistence.png,/home/jshong/Code/unfied-sr-denoise-platform/results/mc_g105_analysis/flat_dark_first/maps/morning_sunny_dark_1x_hot_fixed_mask.png,,
/home/jshong/Code/unfied-sr-denoise-platform/results/mc_g105_capture_frames/morning/sunny/dark/1x/frame_3449.png,morning/sunny/dark/1x/frame_3449.png,morning,sunny,dark,calibration_dark,1x,frame_3449,3449,morning/sunny/dark/1x,1920,1080,19.02578353881836,15.607881546020508,19.30310821533203,15.962618827819824,13.182255744934082,16.83352279663086,16.993432998657227,12.657394409179688,129.41114807128906,129.22499084472656,6.222025394439697,5.874462127685547,3.4179019927978516,3.6952266693115234,0.8203541627508555,0.8085682659674076,-3.5565643310546875,-0.2092905019277279,5.420383453369141,0.1123485725308642,444.00860595703125,0.938377700617284,8.325641632080078,0.001572145061728395,3260,0.03533130787037037,0.0,0.2740755208333333,1.4467592592592592e-06,9.645061728395062e-07,0.0,1.4467592592592592e-06,0.26519152395612394,16.912343978881836,16.809558868408203,1.0061146223505115,0.8272743362890074,0.822422792691217,50,7.328258037567139,6.478425979614258,11.437641143798828,73.35409545898438,2.002930164337158,8.127252578735352,1.1472740173339844,0.17276835441589355,0.20302623510360718,5.236502647399902,0.09571662545204163,1124.96630859375,2.6063671612361525,True,3435,1096,266,0.0016565393518518517,0.0005285493827160494,0.0001282793209876543,/home/jshong/Code/unfied-sr-denoise-platform/results/mc_g105_analysis/flat_dark_first/maps/morning_sunny_dark_1x_temporal_std.png,/home/jshong/Code/unfied-sr-denoise-platform/results/mc_g105_analysis/flat_dark_first/maps/morning_sunny_dark_1x_hot_persistence.png,/home/jshong/Code/unfied-sr-denoise-platform/results/mc_g105_analysis/flat_dark_first/maps/morning_sunny_dark_1x_hot_fixed_mask.png,,
/home/jshong/Code/unfied-sr-denoise-platform/results/mc_g105_capture_frames/morning/sunny/dark/1x/frame_3450.png,morning/sunny/dark/1x/frame_3450.png,morning,sunny,dark,calibration_dark,1x,frame_3450,3450,morning/sunny/dark/1x,1920,1080,25.466611862182617,17.524885177612305,26.547950744628906,20.323822021484375,16.450942993164062,21.496633529663086,20.867420196533203,16.39274787902832,131.24221801757812,131.13865661621094,7.122629165649414,6.674991607666016,7.9417266845703125,9.023065567016602,0.6881513954153042,0.6601219312958063,-8.482396125793457,-0.40648990816376845,6.213953495025635,0.15660734953703703,1366.9246826171875,0.8957658179012346,8.590052604675293,0.0018740354938271604,3886,0.015132619598765431,1.9290123456790124e-06,0.17045042438271604,2.5559413580246914e-05,1.253858024691358e-05,2.8935185185185184e-06,1.591435185185185e-05,0.24470304112220423,20.941911697387695,20.31700325012207,1.030757853843628,0.6923849840319234,0.6694506820212973,50,7.328258037567139,6.478425979614258,11.437641143798828,73.35409545898438,2.002930164337158,8.127252578735352,1.1472740173339844,0.17276835441589355,0.20302623510360718,5.236502647399902,0.09571662545204163,1124.96630859375,2.6063671612361525,True,3435,1096,266,0.0016565393518518517,0.0005285493827160494,0.0001282793209876543,/home/jshong/Code/unfied-sr-denoise-platform/results/mc_g105_analysis/flat_dark_first/maps/morning_sunny_dark_1x_temporal_std.png,/home/jshong/Code/unfied-sr-denoise-platform/results/mc_g105_analysis/flat_dark_first/maps/morning_sunny_dark_1x_hot_persistence.png,/home/jshong/Code/unfied-sr-denoise-platform/results/mc_g105_analysis/flat_dark_first/maps/morning_sunny_dark_1x_hot_fixed_mask.png,,
/home/jshong/Code/unfied-sr-denoise-platform/results/mc_g105_capture_frames/morning/sunny/dark/7x/frame_4251.png,morning/sunny/dark/7x/frame_4251.png,morning,sunny,dark,calibration_dark,7x,frame_4251,4251,morning/sunny/dark/7x,1920,1080,19.007129669189453,15.265368461608887,17.005109786987305,14.92815113067627,11.76575756072998,14.598482131958008,16.52703094482422,10.910612106323242,129.73306274414062,128.18814086914062,6.637649059295654,5.496348857879639,3.7417612075805664,1.739741325378418,0.8031390285727892,0.8976929731789981,-2.740751266479492,-0.1658344508336123,5.428183078765869,0.0811328125,244.99647521972656,0.9568383487654321,8.311957359313965,0.001180073302469136,2447,0.041209972993827164,0.0,0.2808400848765432,9.645061728395062e-07,4.822530864197531e-07,0.0,9.645061728395062e-07,0.2411569800731434,16.506956100463867,16.113887786865234,1.0243930759854214,0.807640099423851,0.9029959991836493,50,7.227219581604004,6.397531032562256,11.236797332763672,71.722412109375,2.187406539916992,10.162388801574707,0.7856655120849609,0.1616724133491516,0.12322300672531128,2.101865768432617,0.13456740975379944,816.6383056640625,2.3000742141302086,True,3068,975,261,0.0014795524691358026,0.00047019675925925923,0.00012586805555555555,/home/jshong/Code/unfied-sr-denoise-platform/results/mc_g105_analysis/flat_dark_first/maps/morning_sunny_dark_7x_temporal_std.png,/home/jshong/Code/unfied-sr-denoise-platform/results/mc_g105_analysis/flat_dark_first/maps/morning_sunny_dark_7x_hot_persistence.png,/home/jshong/Code/unfied-sr-denoise-platform/results/mc_g105_analysis/flat_dark_first/maps/morning_sunny_dark_7x_hot_fixed_mask.png,,
/home/jshong/Code/unfied-sr-denoise-platform/results/mc_g105_capture_frames/morning/sunny/dark/7x/frame_4252.png,morning/sunny/dark/7x/frame_4252.png,morning,sunny,dark,calibration_dark,7x,frame_4252,4252,morning/sunny/dark/7x,1920,1080,18.82202911376953,15.031431198120117,17.2076416015625,14.822052001953125,11.655781745910645,14.689352035522461,16.356948852539062,10.801941871643066,129.72157287597656,128.39942932128906,6.621939659118652,5.576872825622559,3.790597915649414,2.176210403442383,0.7986083917230402,0.8735322755224602,-2.9834041595458984,-0.18239367280830718,5.439455986022949,0.07826774691358025,243.26612854003906,0.9577242476851852,8.179123878479004,0.0011877893518518518,2463,0.03887635030864198,0.0,0.2821045524691358,9.645061728395062e-07,4.822530864197531e-07,0.0,9.645061728395062e-07,0.24572390931686464,16.346763610839844,15.961296081542969,1.0241500754811848,0.804338345819673,0.8768874067923563,50,7.227219581604004,6.397531032562256,11.236797332763672,71.722412109375,2.187406539916992,10.162388801574707,0.7856655120849609,0.1616724133491516,0.12322300672531128,2.101865768432617,0.13456740975379944,816.6383056640625,2.3000742141302086,True,3068,975,261,0.0014795524691358026,0.00047019675925925923,0.00012586805555555555,/home/jshong/Code/unfied-sr-denoise-platform/results/mc_g105_analysis/flat_dark_first/maps/morning_sunny_dark_7x_temporal_std.png,/home/jshong/Code/unfied-sr-denoise-platform/results/mc_g105_analysis/flat_dark_first/maps/morning_sunny_dark_7x_hot_persistence.png,/home/jshong/Code/unfied-sr-denoise-platform/results/mc_g105_analysis/flat_dark_first/maps/morning_sunny_dark_7x_hot_fixed_mask.png,,
/home/jshong/Code/unfied-sr-denoise-platform/results/mc_g105_capture_frames/morning/sunny/dark/7x/frame_4253.png,morning/sunny/dark/7x/frame_4253.png,morning,sunny,dark,calibration_dark,7x,frame_4253,4253,morning/sunny/dark/7x,1920,1080,18.55036735534668,14.722381591796875,17.297395706176758,14.82940673828125,11.651936531066895,14.82789134979248,16.105140686035156,10.831849098205566,129.70777893066406,128.59439086914062,6.588343620300293,5.618274688720703,3.8279857635498047,2.575014114379883,0.7936436252789296,0.851132794251035,-3.2014999389648438,-0.1987874432511748,5.4399542808532715,0.07937162422839507,244.18563842773438,0.958428337191358,8.242741584777832,0.0011521026234567902,2389,0.0434447337962963,0.0,0.29204909336419754,9.645061728395062e-07,4.822530864197531e-07,0.0,9.645061728395062e-07,0.24337474062343545,16.073827743530273,15.744303703308105,1.0209296660876317,0.8008446237052258,0.8573969622891946,50,7.227219581604004,6.397531032562256,11.236797332763672,71.722412109375,2.187406539916992,10.162388801574707,0.7856655120849609,0.1616724133491516,0.12322300672531128,2.101865768432617,0.13456740975379944,816.6383056640625,2.3000742141302086,True,3068,975,261,0.0014795524691358026,0.00047019675925925923,0.00012586805555555555,/home/jshong/Code/unfied-sr-denoise-platform/results/mc_g105_analysis/flat_dark_first/maps/morning_sunny_dark_7x_temporal_std.png,/home/jshong/Code/unfied-sr-denoise-platform/results/mc_g105_analysis/flat_dark_first/maps/morning_sunny_dark_7x_hot_persistence.png,/home/jshong/Code/unfied-sr-denoise-platform/results/mc_g105_analysis/flat_dark_first/maps/morning_sunny_dark_7x_hot_fixed_mask.png,,
/home/jshong/Code/unfied-sr-denoise-platform/results/mc_g105_capture_frames/morning/sunny/dark/7x/frame_4254.png,morning/sunny/dark/7x/frame_4254.png,morning,sunny,dark,calibration_dark,7x,frame_4254,4254,morning/sunny/dark/7x,1920,1080,18.62858009338379,14.682401657104492,17.641454696655273,14.84809684753418,11.651758193969727,14.961934089660645,16.1441593170166,10.851083755493164,129.73631286621094,128.76702880859375,6.578663349151611,5.6770710945129395,3.946178436279297,2.9590530395507812,0.7881653242135097,0.8322670141040683,-3.452615737915039,-0.21386158648807777,5.456332206726074,0.07751157407407408,238.99652099609375,0.959300250771605,8.33421516418457,0.0011414930555555555,2367,0.0493798225308642,0.0,0.29206452546296297,9.645061728395062e-07,4.822530864197531e-07,0.0,9.645061728395062e-07,0.26287357928766186,16.151884078979492,15.757562637329102,1.0250242011218194,0.7959883828583004,0.8447408652956491,50,7.227219581604004,6.397531032562256,11.236797332763672,71.722412109375,2.187406539916992,10.162388801574707,0.7856655120849609,0.1616724133491516,0.12322300672531128,2.101865768432617,0.13456740975379944,816.6383056640625,2.3000742141302086,True,3068,975,261,0.0014795524691358026,0.00047019675925925923,0.00012586805555555555,/home/jshong/Code/unfied-sr-denoise-platform/results/mc_g105_analysis/flat_dark_first/maps/morning_sunny_dark_7x_temporal_std.png,/home/jshong/Code/unfied-sr-denoise-platform/results/mc_g105_analysis/flat_dark_first/maps/morning_sunny_dark_7x_hot_persistence.png,/home/jshong/Code/unfied-sr-denoise-platform/results/mc_g105_analysis/flat_dark_first/maps/morning_sunny_dark_7x_hot_fixed_mask.png,,
/home/jshong/Code/unfied-sr-denoise-platform/results/mc_g105_capture_frames/morning/sunny/dark/7x/frame_4255.png,morning/sunny/dark/7x/frame_4255.png,morning,sunny,dark,calibration_dark,7x,frame_4255,4255,morning/sunny/dark/7x,1920,1080,17.216785430908203,13.238035202026367,16.4171142578125,14.493833541870117,11.261756896972656,14.64189624786377,14.736294746398926,10.468497276306152,129.73497009277344,128.87484741210938,6.490190505981445,5.6381635665893555,3.978750228881836,3.179079055786133,0.7689027946737471,0.8063557448515026,-3.5789146423339844,-0.2428639261809438,5.408477306365967,0.07252314814814814,234.15989685058594,0.9653139467592593,8.081419944763184,0.001140528549382716,2365,0.052845775462962964,0.0,0.3449541859567901,4.822530864197531e-07,4.822530864197531e-07,0.0,0.0,0.27788744813118876,14.690202713012695,14.243887901306152,1.0313337049171745,0.7778319536784719,0.8175842049474227,50,7.227219581604004,6.397531032562256,11.236797332763672,71.722412109375,2.187406539916992,10.162388801574707,0.7856655120849609,0.1616724133491516,0.12322300672531128,2.101865768432617,0.13456740975379944,816.6383056640625,2.3000742141302086,True,3068,975,261,0.0014795524691358026,0.00047019675925925923,0.00012586805555555555,/home/jshong/Code/unfied-sr-denoise-platform/results/mc_g105_analysis/flat_dark_first/maps/morning_sunny_dark_7x_temporal_std.png,/home/jshong/Code/unfied-sr-denoise-platform/results/mc_g105_analysis/flat_dark_first/maps/morning_sunny_dark_7x_hot_persistence.png,/home/jshong/Code/unfied-sr-denoise-platform/results/mc_g105_analysis/flat_dark_first/maps/morning_sunny_dark_7x_hot_fixed_mask.png,,
/home/jshong/Code/unfied-sr-denoise-platform/results/mc_g105_capture_frames/morning/sunny/dark/7x/frame_4256.png,morning/sunny/dark/7x/frame_4256.png,morning,sunny,dark,calibration_dark,7x,frame_4256,4256,morning/sunny/dark/7x,1920,1080,16.459651947021484,12.486019134521484,15.799457550048828,14.155233383178711,10.911497116088867,14.330307006835938,13.999396324157715,10.120101928710938,129.7211151123047,128.944091796875,6.40010404586792,5.581469535827637,3.9736328125,3.3134384155273438,0.7585833780766887,0.7902814577454552,-3.643535614013672,-0.26026374776336225,5.360132217407227,0.06462432484567901,215.00729370117188,0.9699213927469136,7.922806262969971,0.0011950231481481482,2478,0.06726032021604939,0.0,0.3712919560185185,4.822530864197531e-07,0.0,0.0,4.822530864197531e-07,0.28160389362098487,14.017109870910645,13.558889389038086,1.0337947626041004,0.7681460177290461,0.802014664044701,50,7.227219581604004,6.397531032562256,11.236797332763672,71.722412109375,2.187406539916992,10.162388801574707,0.7856655120849609,0.1616724133491516,0.12322300672531128,2.101865768432617,0.13456740975379944,816.6383056640625,2.3000742141302086,True,3068,975,261,0.0014795524691358026,0.00047019675925925923,0.00012586805555555555,/home/jshong/Code/unfied-sr-denoise-platform/results/mc_g105_analysis/flat_dark_first/maps/morning_sunny_dark_7x_temporal_std.png,/home/jshong/Code/unfied-sr-denoise-platform/results/mc_g105_analysis/flat_dark_first/maps/morning_sunny_dark_7x_hot_persistence.png,/home/jshong/Code/unfied-sr-denoise-platform/results/mc_g105_analysis/flat_dark_first/maps/morning_sunny_dark_7x_hot_fixed_mask.png,,
/home/jshong/Code/unfied-sr-denoise-platform/results/mc_g105_capture_frames/morning/sunny/dark/7x/frame_4257.png,morning/sunny/dark/7x/frame_4257.png,morning,sunny,dark,calibration_dark,7x,frame_4257,4257,morning/sunny/dark/7x,1920,1080,20.229398727416992,16.080089569091797,19.78944969177246,15.038800239562988,11.8908052444458,15.424430847167969,17.68446159362793,11.13778018951416,129.77651977539062,129.107421875,6.555161952972412,5.790189743041992,4.149309158325195,3.709360122680664,0.7948871338628195,0.8125586616599294,-3.9293346405029297,-0.2221913512892808,5.490525245666504,0.08485146604938272,277.8733825683594,0.9510093557098765,8.33396053314209,0.00125,2592,0.028888406635802468,0.0,0.22727430555555556,4.822530864197531e-07,0.0,0.0,4.822530864197531e-07,0.24785822494332085,17.88941764831543,17.117446899414062,1.0450984138194919,0.8061835827291991,0.8258060525713483,50,7.227219581604004,6.397531032562256,11.236797332763672,71.722412109375,2.187406539916992,10.162388801574707,0.7856655120849609,0.1616724133491516,0.12322300672531128,2.101865768432617,0.13456740975379944,816.6383056640625,2.3000742141302086,True,3068,975,261,0.0014795524691358026,0.00047019675925925923,0.00012586805555555555,/home/jshong/Code/unfied-sr-denoise-platform/results/mc_g105_analysis/flat_dark_first/maps/morning_sunny_dark_7x_temporal_std.png,/home/jshong/Code/unfied-sr-denoise-platform/results/mc_g105_analysis/flat_dark_first/maps/morning_sunny_dark_7x_hot_persistence.png,/home/jshong/Code/unfied-sr-denoise-platform/results/mc_g105_analysis/flat_dark_first/maps/morning_sunny_dark_7x_hot_fixed_mask.png,,
/home/jshong/Code/unfied-sr-denoise-platform/results/mc_g105_capture_frames/morning/sunny/dark/7x/frame_4258.png,morning/sunny/dark/7x/frame_4258.png,morning,sunny,dark,calibration_dark,7x,frame_4258,4258,morning/sunny/dark/7x,1920,1080,19.532649993896484,15.382844924926758,19.14771270751953,15.001630783081055,11.934598922729492,15.406837463378906,16.994029998779297,11.155220985412598,129.77255249023438,129.13648986816406,6.537525653839111,5.800899028778076,4.149805068969727,3.7648677825927734,0.7875451688423426,0.8033776334814184,-3.95733642578125,-0.2328662591038883,5.480364799499512,0.0901514274691358,294.4887390136719,0.9505039544753087,8.163040161132812,0.0012451774691358026,2582,0.028225790895061727,0.0,0.24808738425925925,9.645061728395062e-07,0.0,0.0,9.645061728395062e-07,0.25890858884514184,17.082759857177734,16.513708114624023,1.034459293100287,0.8000899693087283,0.8158488157439946,50,7.227219581604004,6.397531032562256,11.236797332763672,71.722412109375,2.187406539916992,10.162388801574707,0.7856655120849609,0.1616724133491516,0.12322300672531128,2.101865768432617,0.13456740975379944,816.6383056640625,2.3000742141302086,True,3068,975,261,0.0014795524691358026,0.00047019675925925923,0.00012586805555555555,/home/jshong/Code/unfied-sr-denoise-platform/results/mc_g105_analysis/flat_dark_first/maps/morning_sunny_dark_7x_temporal_std.png,/home/jshong/Code/unfied-sr-denoise-platform/results/mc_g105_analysis/flat_dark_first/maps/morning_sunny_dark_7x_hot_persistence.png,/home/jshong/Code/unfied-sr-denoise-platform/results/mc_g105_analysis/flat_dark_first/maps/morning_sunny_dark_7x_hot_fixed_mask.png,,
/home/jshong/Code/unfied-sr-denoise-platform/results/mc_g105_capture_frames/morning/sunny/dark/7x/frame_4259.png,morning/sunny/dark/7x/frame_4259.png,morning,sunny,dark,calibration_dark,7x,frame_4259,4259,morning/sunny/dark/7x,1920,1080,19.047222137451172,15.05487060546875,18.74856948852539,14.832463264465332,11.862466812133789,15.305305480957031,16.611385345458984,11.050506591796875,129.70001220703125,129.12815856933594,6.491641521453857,5.794099807739258,3.992351531982422,3.6936988830566406,0.7903971354158943,0.8029876525617097,-3.8430252075195312,-0.23134885479140577,5.459334850311279,0.08646797839506173,275.4859619140625,0.9542689043209877,8.256078720092773,0.0012017746913580247,2492,0.03601610725308642,0.0,0.2663184799382716,1.4467592592592592e-06,4.822530864197531e-07,0.0,9.645061728395062e-07,0.2496020073454831,16.64889144897461,16.192279815673828,1.0281992783165415,0.8000959595364665,0.815495269512239,50,7.227219581604004,6.397531032562256,11.236797332763672,71.722412109375,2.187406539916992,10.162388801574707,0.7856655120849609,0.1616724133491516,0.12322300672531128,2.101865768432617,0.13456740975379944,816.6383056640625,2.3000742141302086,True,3068,975,261,0.0014795524691358026,0.00047019675925925923,0.00012586805555555555,/home/jshong/Code/unfied-sr-denoise-platform/results/mc_g105_analysis/flat_dark_first/maps/morning_sunny_dark_7x_temporal_std.png,/home/jshong/Code/unfied-sr-denoise-platform/results/mc_g105_analysis/flat_dark_first/maps/morning_sunny_dark_7x_hot_persistence.png,/home/jshong/Code/unfied-sr-denoise-platform/results/mc_g105_analysis/flat_dark_first/maps/morning_sunny_dark_7x_hot_fixed_mask.png,,
/home/jshong/Code/unfied-sr-denoise-platform/results/mc_g105_capture_frames/morning/sunny/dark/7x/frame_4260.png,morning/sunny/dark/7x/frame_4260.png,morning,sunny,dark,calibration_dark,7x,frame_4260,4260,morning/sunny/dark/7x,1920,1080,18.141475677490234,14.838624954223633,17.67106056213379,14.125040054321289,11.447452545166016,14.162901878356934,16.094514846801758,10.999399185180664,129.4137725830078,128.82345581054688,5.62520694732666,4.744472503662109,3.3028507232666016,2.8324356079101562,0.8179392018641598,0.8397132737073585,-3.067643165588379,-0.19060176738388618,4.5631422996521,0.0777170138888889,369.54254150390625,0.9616772762345679,8.305867195129395,0.0016840277777777778,3492,0.04277054398148148,0.0,0.1888160686728395,1.4467592592592592e-06,9.645061728395062e-07,4.822530864197531e-07,0.0,0.2506550227296681,16.149385452270508,15.578267097473145,1.0366611584306988,0.8239248711322492,0.8454080684297887,50,7.227219581604004,6.397531032562256,11.236797332763672,71.722412109375,2.187406539916992,10.162388801574707,0.7856655120849609,0.1616724133491516,0.12322300672531128,2.101865768432617,0.13456740975379944,816.6383056640625,2.3000742141302086,True,3068,975,261,0.0014795524691358026,0.00047019675925925923,0.00012586805555555555,/home/jshong/Code/unfied-sr-denoise-platform/results/mc_g105_analysis/flat_dark_first/maps/morning_sunny_dark_7x_temporal_std.png,/home/jshong/Code/unfied-sr-denoise-platform/results/mc_g105_analysis/flat_dark_first/maps/morning_sunny_dark_7x_hot_persistence.png,/home/jshong/Code/unfied-sr-denoise-platform/results/mc_g105_analysis/flat_dark_first/maps/morning_sunny_dark_7x_hot_fixed_mask.png,,
/home/jshong/Code/unfied-sr-denoise-platform/results/mc_g105_capture_frames/morning/sunny/dark/7x/frame_4261.png,morning/sunny/dark/7x/frame_4261.png,morning,sunny,dark,calibration_dark,7x,frame_4261,4261,morning/sunny/dark/7x,1920,1080,20.49964141845703,17.12134552001953,20.404314041137695,14.720983505249023,12.199454307556152,15.013419151306152,18.450088500976562,11.746313095092773,129.414306640625,129.03480529785156,5.67048454284668,4.956531047821045,3.3782958984375,3.282968521118164,0.8352021547753524,0.8391041544644219,-3.330632209777832,-0.18052119528209018,4.646819114685059,0.09491367669753087,391.5321960449219,0.94546875,8.653006553649902,0.001564429012345679,3244,0.03495804398148148,0.0,0.14784770447530865,1.4467592592592592e-06,0.0,4.822530864197531e-07,9.645061728395062e-07,0.2357653918294858,18.491958618164062,17.890052795410156,1.033644662539155,0.8395097577017607,0.8446592379320451,50,7.227219581604004,6.397531032562256,11.236797332763672,71.722412109375,2.187406539916992,10.162388801574707,0.7856655120849609,0.1616724133491516,0.12322300672531128,2.101865768432617,0.13456740975379944,816.6383056640625,2.3000742141302086,True,3068,975,261,0.0014795524691358026,0.00047019675925925923,0.00012586805555555555,/home/jshong/Code/unfied-sr-denoise-platform/results/mc_g105_analysis/flat_dark_first/maps/morning_sunny_dark_7x_temporal_std.png,/home/jshong/Code/unfied-sr-denoise-platform/results/mc_g105_analysis/flat_dark_first/maps/morning_sunny_dark_7x_hot_persistence.png,/home/jshong/Code/unfied-sr-denoise-platform/results/mc_g105_analysis/flat_dark_first/maps/morning_sunny_dark_7x_hot_fixed_mask.png,,
/home/jshong/Code/unfied-sr-denoise-platform/results/mc_g105_capture_frames/morning/sunny/dark/7x/frame_4262.png,morning/sunny/dark/7x/frame_4262.png,morning,sunny,dark,calibration_dark,7x,frame_4262,4262,morning/sunny/dark/7x,1920,1080,18.930566787719727,15.54481315612793,18.85952377319336,14.479182243347168,11.962348937988281,14.811325073242188,16.880104064941406,11.47428035736084,129.4168701171875,129.0502471923828,5.668168067932129,5.003655910491943,3.385753631591797,3.3147106170654297,0.8211488070744429,0.8242420391325602,-3.3502321243286133,-0.19847223174497713,4.668349742889404,0.09139515817901235,362.7734069824219,0.9530791859567901,8.570932388305664,0.0015104166666666666,3132,0.04697482638888889,0.0,0.1937307098765432,9.645061728395062e-07,4.822530864197531e-07,4.822530864197531e-07,0.0,0.2569115362294496,16.889972686767578,16.371292114257812,1.0316822604598073,0.8240169906001935,0.829027471833192,50,7.227219581604004,6.397531032562256,11.236797332763672,71.722412109375,2.187406539916992,10.162388801574707,0.7856655120849609,0.1616724133491516,0.12322300672531128,2.101865768432617,0.13456740975379944,816.6383056640625,2.3000742141302086,True,3068,975,261,0.0014795524691358026,0.00047019675925925923,0.00012586805555555555,/home/jshong/Code/unfied-sr-denoise-platform/results/mc_g105_analysis/flat_dark_first/maps/morning_sunny_dark_7x_temporal_std.png,/home/jshong/Code/unfied-sr-denoise-platform/results/mc_g105_analysis/flat_dark_first/maps/morning_sunny_dark_7x_hot_persistence.png,/home/jshong/Code/unfied-sr-denoise-platform/results/mc_g105_analysis/flat_dark_first/maps/morning_sunny_dark_7x_hot_fixed_mask.png,,
/home/jshong/Code/unfied-sr-denoise-platform/results/mc_g105_capture_frames/morning/sunny/dark/7x/frame_4263.png,morning/sunny/dark/7x/frame_4263.png,morning,sunny,dark,calibration_dark,7x,frame_4263,4263,morning/sunny/dark/7x,1920,1080,18.219816207885742,14.895353317260742,18.092208862304688,14.052419662475586,11.520488739013672,14.373924255371094,16.19902229309082,10.989109992980957,129.39674377441406,129.00100708007812,5.649293422698975,4.981413841247559,3.324462890625,3.1968555450439453,0.8175358263645952,0.8233020416314852,-3.2606592178344727,-0.20128739608796065,4.655887603759766,0.07806327160493827,304.5706787109375,0.9601900077160493,8.413433074951172,0.0015200617283950618,3152,0.05103877314814815,0.0,0.2105126350308642,4.822530864197531e-07,0.0,4.822530864197531e-07,0.0,0.24372976837256377,16.215587615966797,15.793025970458984,1.0267561529717018,0.8212483900418979,0.8280035950720623,50,7.227219581604004,6.397531032562256,11.236797332763672,71.722412109375,2.187406539916992,10.162388801574707,0.7856655120849609,0.1616724133491516,0.12322300672531128,2.101865768432617,0.13456740975379944,816.6383056640625,2.3000742141302086,True,3068,975,261,0.0014795524691358026,0.00047019675925925923,0.00012586805555555555,/home/jshong/Code/unfied-sr-denoise-platform/results/mc_g105_analysis/flat_dark_first/maps/morning_sunny_dark_7x_temporal_std.png,/home/jshong/Code/unfied-sr-denoise-platform/results/mc_g105_analysis/flat_dark_first/maps/morning_sunny_dark_7x_hot_persistence.png,/home/jshong/Code/unfied-sr-denoise-platform/results/mc_g105_analysis/flat_dark_first/maps/morning_sunny_dark_7x_hot_fixed_mask.png,,
/home/jshong/Code/unfied-sr-denoise-platform/results/mc_g105_capture_frames/morning/sunny/dark/7x/frame_4264.png,morning/sunny/dark/7x/frame_4264.png,morning,sunny,dark,calibration_dark,7x,frame_4264,4264,morning/sunny/dark/7x,1920,1080,17.93632698059082,14.682503700256348,17.813627243041992,14.00448226928711,11.468483924865723,14.322271347045898,15.958329200744629,10.923104286193848,129.3675537109375,128.97950744628906,5.658824443817139,4.999994277954102,3.2538232803344727,3.1311235427856445,0.8185902775721158,0.8242287028747968,-3.1924734115600586,-0.2000505924743364,4.679927825927734,0.07658950617283951,284.8150329589844,0.9617534722222222,8.440559387207031,0.0014887152777777778,3087,0.05944492669753086,0.0,0.2283420138888889,9.645061728395062e-07,4.822530864197531e-07,0.0,4.822530864197531e-07,0.26393250588767175,16.03327751159668,15.581563949584961,1.0289901921580573,0.8208275443132568,0.8283277418680365,50,7.227219581604004,6.397531032562256,11.236797332763672,71.722412109375,2.187406539916992,10.162388801574707,0.7856655120849609,0.1616724133491516,0.12322300672531128,2.101865768432617,0.13456740975379944,816.6383056640625,2.3000742141302086,True,3068,975,261,0.0014795524691358026,0.00047019675925925923,0.00012586805555555555,/home/jshong/Code/unfied-sr-denoise-platform/results/mc_g105_analysis/flat_dark_first/maps/morning_sunny_dark_7x_temporal_std.png,/home/jshong/Code/unfied-sr-denoise-platform/results/mc_g105_analysis/flat_dark_first/maps/morning_sunny_dark_7x_hot_persistence.png,/home/jshong/Code/unfied-sr-denoise-platform/results/mc_g105_analysis/flat_dark_first/maps/morning_sunny_dark_7x_hot_fixed_mask.png,,
/home/jshong/Code/unfied-sr-denoise-platform/results/mc_g105_capture_frames/morning/sunny/dark/7x/frame_4265.png,morning/sunny/dark/7x/frame_4265.png,morning,sunny,dark,calibration_dark,7x,frame_4265,4265,morning/sunny/dark/7x,1920,1080,18.530536651611328,15.27374267578125,18.485605239868164,14.131606101989746,11.620146751403809,14.495585441589355,16.557283401489258,11.054397583007812,129.36273193359375,129.0186309814453,5.708849906921387,5.075344085693359,3.256793975830078,3.211862564086914,0.8242471407435453,0.8262505690963035,-3.234328269958496,-0.19534171132964182,4.724152565002441,0.0834375,301.533447265625,0.9565104166666667,8.331721305847168,0.0014935378086419753,3097,0.03986207561728395,0.0,0.2031298225308642,0.0,0.0,0.0,0.0,0.27414868688265503,16.561594009399414,16.14637565612793,1.0257158223243787,0.8264811351653131,0.8298441118780793,50,7.227219581604004,6.397531032562256,11.236797332763672,71.722412109375,2.187406539916992,10.162388801574707,0.7856655120849609,0.1616724133491516,0.12322300672531128,2.101865768432617,0.13456740975379944,816.6383056640625,2.3000742141302086,True,3068,975,261,0.0014795524691358026,0.00047019675925925923,0.00012586805555555555,/home/jshong/Code/unfied-sr-denoise-platform/results/mc_g105_analysis/flat_dark_first/maps/morning_sunny_dark_7x_temporal_std.png,/home/jshong/Code/unfied-sr-denoise-platform/results/mc_g105_analysis/flat_dark_first/maps/morning_sunny_dark_7x_hot_persistence.png,/home/jshong/Code/unfied-sr-denoise-platform/results/mc_g105_analysis/flat_dark_first/maps/morning_sunny_dark_7x_hot_fixed_mask.png,,
/home/jshong/Code/unfied-sr-denoise-platform/results/mc_g105_capture_frames/morning/sunny/dark/7x/frame_4266.png,morning/sunny/dark/7x/frame_4266.png,morning,sunny,dark,calibration_dark,7x,frame_4266,4266,morning/sunny/dark/7x,1920,1080,16.362178802490234,13.467081069946289,16.725242614746094,13.604683876037598,11.20050048828125,14.267353057861328,14.650288581848145,10.607085227966309,129.17886352539062,129.10401916503906,5.575239658355713,5.138504981994629,2.8950977325439453,3.2581615447998047,0.8230615500201673,0.8051949125615611,-3.076629638671875,-0.21000469796063623,4.717057228088379,0.07330584490740741,270.5327453613281,0.9660045331790124,8.195003509521484,0.0013990162037037037,2901,0.06707609953703704,0.0,0.28227671682098765,0.0,0.0,0.0,0.0,0.27744506605862335,14.683817863464355,14.139883995056152,1.0384679839049882,0.8282117151247378,0.8136016579817,50,7.227219581604004,6.397531032562256,11.236797332763672,71.722412109375,2.187406539916992,10.162388801574707,0.7856655120849609,0.1616724133491516,0.12322300672531128,2.101865768432617,0.13456740975379944,816.6383056640625,2.3000742141302086,True,3068,975,261,0.0014795524691358026,0.00047019675925925923,0.00012586805555555555,/home/jshong/Code/unfied-sr-denoise-platform/results/mc_g105_analysis/flat_dark_first/maps/morning_sunny_dark_7x_temporal_std.png,/home/jshong/Code/unfied-sr-denoise-platform/results/mc_g105_analysis/flat_dark_first/maps/morning_sunny_dark_7x_hot_persistence.png,/home/jshong/Code/unfied-sr-denoise-platform/results/mc_g105_analysis/flat_dark_first/maps/morning_sunny_dark_7x_hot_fixed_mask.png,,
/home/jshong/Code/unfied-sr-denoise-platform/results/mc_g105_capture_frames/morning/sunny/dark/7x/frame_4267.png,morning/sunny/dark/7x/frame_4267.png,morning,sunny,dark,calibration_dark,7x,frame_4267,4267,morning/sunny/dark/7x,1920,1080,18.25933074951172,15.344802856445312,18.587005615234375,14.009963035583496,11.651728630065918,14.663511276245117,16.52838897705078,11.050689697265625,129.1907196044922,129.0891876220703,5.661308765411377,5.191240310668945,2.9145278930664062,3.2422027587890625,0.8403814042567934,0.8255661158407469,-3.0783653259277344,-0.18624713781571953,4.773807048797607,0.08299238040123456,293.0337219238281,0.9568142361111112,8.358380317687988,0.0013604359567901234,2821,0.0425072337962963,0.0,0.2164742476851852,4.822530864197531e-07,0.0,0.0,4.822530864197531e-07,0.2493274713335318,16.60738754272461,15.940011024475098,1.0418679432126394,0.8467760616917676,0.8349786700318957,50,7.227219581604004,6.397531032562256,11.236797332763672,71.722412109375,2.187406539916992,10.162388801574707,0.7856655120849609,0.1616724133491516,0.12322300672531128,2.101865768432617,0.13456740975379944,816.6383056640625,2.3000742141302086,True,3068,975,261,0.0014795524691358026,0.00047019675925925923,0.00012586805555555555,/home/jshong/Code/unfied-sr-denoise-platform/results/mc_g105_analysis/flat_dark_first/maps/morning_sunny_dark_7x_temporal_std.png,/home/jshong/Code/unfied-sr-denoise-platform/results/mc_g105_analysis/flat_dark_first/maps/morning_sunny_dark_7x_hot_persistence.png,/home/jshong/Code/unfied-sr-denoise-platform/results/mc_g105_analysis/flat_dark_first/maps/morning_sunny_dark_7x_hot_fixed_mask.png,,
/home/jshong/Code/unfied-sr-denoise-platform/results/mc_g105_capture_frames/morning/sunny/dark/7x/frame_4268.png,morning/sunny/dark/7x/frame_4268.png,morning,sunny,dark,calibration_dark,7x,frame_4268,4268,morning/sunny/dark/7x,1920,1080,18.612449645996094,15.591230392456055,18.744657516479492,14.190775871276855,11.780348777770996,14.719759941101074,16.79618263244629,11.165093421936035,129.2524871826172,129.02476501464844,5.749557018280029,5.198394775390625,3.021219253540039,3.1534271240234375,0.8376774605879229,0.8317692412880672,-3.0873231887817383,-0.18381099280301708,4.81842565536499,0.08719328703703703,309.7521057128906,0.9532267554012346,8.256096839904785,0.0013705632716049382,2842,0.03493827160493827,0.0,0.20530430169753086,4.822530864197531e-07,0.0,0.0,4.822530864197531e-07,0.24707795359710624,16.775360107421875,16.31586456298828,1.0281624375157843,0.8408302039584289,0.8380611786776336,50,7.227219581604004,6.397531032562256,11.236797332763672,71.722412109375,2.187406539916992,10.162388801574707,0.7856655120849609,0.1616724133491516,0.12322300672531128,2.101865768432617,0.13456740975379944,816.6383056640625,2.3000742141302086,True,3068,975,261,0.0014795524691358026,0.00047019675925925923,0.00012586805555555555,/home/jshong/Code/unfied-sr-denoise-platform/results/mc_g105_analysis/flat_dark_first/maps/morning_sunny_dark_7x_temporal_std.png,/home/jshong/Code/unfied-sr-denoise-platform/results/mc_g105_analysis/flat_dark_first/maps/morning_sunny_dark_7x_hot_persistence.png,/home/jshong/Code/unfied-sr-denoise-platform/results/mc_g105_analysis/flat_dark_first/maps/morning_sunny_dark_7x_hot_fixed_mask.png,,
/home/jshong/Code/unfied-sr-denoise-platform/results/mc_g105_capture_frames/morning/sunny/dark/7x/frame_4269.png,morning/sunny/dark/7x/frame_4269.png,morning,sunny,dark,calibration_dark,7x,frame_4269,4269,morning/sunny/dark/7x,1920,1080,18.586143493652344,15.510587692260742,18.627777099609375,14.37416934967041,11.916610717773438,14.820130348205566,16.72894287109375,11.308744430541992,129.28302001953125,128.99790954589844,5.799537658691406,5.2005743980407715,3.0755558013916016,3.117189407348633,0.8345242176266312,0.8326590326189252,-3.096372604370117,-0.18509074023019445,4.843855857849121,0.08887249228395061,299.07269287109375,0.9533463541666667,8.47653865814209,0.0013363233024691358,2771,0.04498890817901235,0.0,0.22369309413580246,4.822530864197531e-07,0.0,0.0,4.822530864197531e-07,0.26429004917983984,16.752748489379883,16.247583389282227,1.0310916434095205,0.83821423005397,0.8381985628257469,50,7.227219581604004,6.397531032562256,11.236797332763672,71.722412109375,2.187406539916992,10.162388801574707,0.7856655120849609,0.1616724133491516,0.12322300672531128,2.101865768432617,0.13456740975379944,816.6383056640625,2.3000742141302086,True,3068,975,261,0.0014795524691358026,0.00047019675925925923,0.00012586805555555555,/home/jshong/Code/unfied-sr-denoise-platform/results/mc_g105_analysis/flat_dark_first/maps/morning_sunny_dark_7x_temporal_std.png,/home/jshong/Code/unfied-sr-denoise-platform/results/mc_g105_analysis/flat_dark_first/maps/morning_sunny_dark_7x_hot_persistence.png,/home/jshong/Code/unfied-sr-denoise-platform/results/mc_g105_analysis/flat_dark_first/maps/morning_sunny_dark_7x_hot_fixed_mask.png,,
/home/jshong/Code/unfied-sr-denoise-platform/results/mc_g105_capture_frames/morning/sunny/dark/7x/frame_4270.png,morning/sunny/dark/7x/frame_4270.png,morning,sunny,dark,calibration_dark,7x,frame_4270,4270,morning/sunny/dark/7x,1920,1080,19.01821517944336,15.897673606872559,19.054540634155273,14.440741539001465,11.990238189697266,14.90609359741211,17.133190155029297,11.360512733459473,129.302001953125,129.0087127685547,5.850212574005127,5.240444660186768,3.120541572570801,3.156867027282715,0.8359182300207644,0.8343246409231893,-3.138704299926758,-0.18319437818245662,4.878623008728027,0.09090518904320988,299.6826477050781,0.950861786265432,8.453356742858887,0.0013618827160493828,2824,0.03851610725308642,0.0,0.20925443672839505,4.822530864197531e-07,0.0,0.0,4.822530864197531e-07,0.25012468013617994,17.16362953186035,16.549943923950195,1.0370807643608568,0.8376406197188718,0.8389709649667196,50,7.227219581604004,6.397531032562256,11.236797332763672,71.722412109375,2.187406539916992,10.162388801574707,0.7856655120849609,0.1616724133491516,0.12322300672531128,2.101865768432617,0.13456740975379944,816.6383056640625,2.3000742141302086,True,3068,975,261,0.0014795524691358026,0.00047019675925925923,0.00012586805555555555,/home/jshong/Code/unfied-sr-denoise-platform/results/mc_g105_analysis/flat_dark_first/maps/morning_sunny_dark_7x_temporal_std.png,/home/jshong/Code/unfied-sr-denoise-platform/results/mc_g105_analysis/flat_dark_first/maps/morning_sunny_dark_7x_hot_persistence.png,/home/jshong/Code/unfied-sr-denoise-platform/results/mc_g105_analysis/flat_dark_first/maps/morning_sunny_dark_7x_hot_fixed_mask.png,,
/home/jshong/Code/unfied-sr-denoise-platform/results/mc_g105_capture_frames/morning/sunny/dark/7x/frame_4271.png,morning/sunny/dark/7x/frame_4271.png,morning,sunny,dark,calibration_dark,7x,frame_4271,4271,morning/sunny/dark/7x,1920,1080,18.407854080200195,15.434731483459473,18.42249298095703,14.326854705810547,11.95368766784668,14.811079025268555,16.607891082763672,11.285307884216309,129.24237060546875,128.94900512695312,5.835302829742432,5.244373321533203,2.9731225967407227,2.9877614974975586,0.8384861471481995,0.8378198684398567,-2.9804420471191406,-0.17945938185691615,4.873605251312256,0.08833092206790123,285.331787109375,0.9539105902777778,8.489967346191406,0.0013170331790123458,2731,0.04797935956790123,0.0,0.23475405092592594,4.822530864197531e-07,0.0,0.0,4.822530864197531e-07,0.2533060044229046,16.51828956604004,16.271469116210938,1.0151688475636385,0.8386726191110722,0.8433795968549415,50,7.227219581604004,6.397531032562256,11.236797332763672,71.722412109375,2.187406539916992,10.162388801574707,0.7856655120849609,0.1616724133491516,0.12322300672531128,2.101865768432617,0.13456740975379944,816.6383056640625,2.3000742141302086,True,3068,975,261,0.0014795524691358026,0.00047019675925925923,0.00012586805555555555,/home/jshong/Code/unfied-sr-denoise-platform/results/mc_g105_analysis/flat_dark_first/maps/morning_sunny_dark_7x_temporal_std.png,/home/jshong/Code/unfied-sr-denoise-platform/results/mc_g105_analysis/flat_dark_first/maps/morning_sunny_dark_7x_hot_persistence.png,/home/jshong/Code/unfied-sr-denoise-platform/results/mc_g105_analysis/flat_dark_first/maps/morning_sunny_dark_7x_hot_fixed_mask.png,,
/home/jshong/Code/unfied-sr-denoise-platform/results/mc_g105_capture_frames/morning/sunny/dark/7x/frame_4272.png,morning/sunny/dark/7x/frame_4272.png,morning,sunny,dark,calibration_dark,7x,frame_4272,4272,morning/sunny/dark/7x,1920,1080,15.842912673950195,13.283806800842285,15.786869049072266,13.64840030670166,11.37123966217041,14.051436424255371,14.281671524047852,10.651248931884766,129.07510375976562,128.77810668945312,5.690222263336182,5.082516670227051,2.55910587310791,2.5030622482299805,0.8384699351536746,0.8414465159686878,-2.5310840606689453,-0.17722602562179188,4.78133487701416,0.07458333333333333,252.46343994140625,0.9668952546296297,8.319599151611328,0.0012837577160493827,2662,0.07818528163580248,0.0,0.3313917824074074,4.822530864197531e-07,0.0,0.0,4.822530864197531e-07,0.28334975517660876,14.36896800994873,13.813780784606934,1.040190748196157,0.8426333053794887,0.8520346762708387,50,7.227219581604004,6.397531032562256,11.236797332763672,71.722412109375,2.187406539916992,10.162388801574707,0.7856655120849609,0.1616724133491516,0.12322300672531128,2.101865768432617,0.13456740975379944,816.6383056640625,2.3000742141302086,True,3068,975,261,0.0014795524691358026,0.00047019675925925923,0.00012586805555555555,/home/jshong/Code/unfied-sr-denoise-platform/results/mc_g105_analysis/flat_dark_first/maps/morning_sunny_dark_7x_temporal_std.png,/home/jshong/Code/unfied-sr-denoise-platform/results/mc_g105_analysis/flat_dark_first/maps/morning_sunny_dark_7x_hot_persistence.png,/home/jshong/Code/unfied-sr-denoise-platform/results/mc_g105_analysis/flat_dark_first/maps/morning_sunny_dark_7x_hot_fixed_mask.png,,
/home/jshong/Code/unfied-sr-denoise-platform/results/mc_g105_capture_frames/morning/sunny/dark/7x/frame_4273.png,morning/sunny/dark/7x/frame_4273.png,morning,sunny,dark,calibration_dark,7x,frame_4273,4273,morning/sunny/dark/7x,1920,1080,16.34212875366211,14.024297714233398,16.273019790649414,13.539106369018555,11.362406730651855,13.96567153930664,14.9185791015625,10.593313217163086,128.97434997558594,128.6885986328125,5.689233303070068,5.0754618644714355,2.317831039428711,2.2487220764160156,0.8581683003153668,0.8618128062794495,-2.2832765579223633,-0.15304918714638427,4.784220218658447,0.07365306712962963,250.03416442871094,0.9647608024691358,8.152483940124512,0.001331983024691358,2762,0.05967013888888889,0.0,0.2921016589506173,4.822530864197531e-07,0.0,0.0,4.822530864197531e-07,0.2818799990915697,14.97074031829834,14.606053352355957,1.0249681369892725,0.8653132240869263,0.8713968965577873,50,7.227219581604004,6.397531032562256,11.236797332763672,71.722412109375,2.187406539916992,10.162388801574707,0.7856655120849609,0.1616724133491516,0.12322300672531128,2.101865768432617,0.13456740975379944,816.6383056640625,2.3000742141302086,True,3068,975,261,0.0014795524691358026,0.00047019675925925923,0.00012586805555555555,/home/jshong/Code/unfied-sr-denoise-platform/results/mc_g105_analysis/flat_dark_first/maps/morning_sunny_dark_7x_temporal_std.png,/home/jshong/Code/unfied-sr-denoise-platform/results/mc_g105_analysis/flat_dark_first/maps/morning_sunny_dark_7x_hot_persistence.png,/home/jshong/Code/unfied-sr-denoise-platform/results/mc_g105_analysis/flat_dark_first/maps/morning_sunny_dark_7x_hot_fixed_mask.png,,
/home/jshong/Code/unfied-sr-denoise-platform/results/mc_g105_capture_frames/morning/sunny/dark/7x/frame_4274.png,morning/sunny/dark/7x/frame_4274.png,morning,sunny,dark,calibration_dark,7x,frame_4274,4274,morning/sunny/dark/7x,1920,1080,14.28433895111084,12.321099281311035,14.251418113708496,12.978281021118164,10.913933753967285,13.371857643127441,13.077908515930176,10.13320541381836,128.8236846923828,128.5917510986328,5.498105525970459,4.913668632507324,1.9632396697998047,1.930318832397461,0.8625599309090141,0.8645524479354707,-1.9467792510986328,-0.14886012544491647,4.670707702636719,0.06283805941358024,216.46458435058594,0.9737205825617284,8.086711883544922,0.0012138310185185186,2517,0.10255690586419754,0.0,0.3835763888888889,4.822530864197531e-07,0.0,0.0,4.822530864197531e-07,0.3157202220688915,13.060955047607422,12.730616569519043,1.0259482681248164,0.871058340408733,0.876784434090928,50,7.227219581604004,6.397531032562256,11.236797332763672,71.722412109375,2.187406539916992,10.162388801574707,0.7856655120849609,0.1616724133491516,0.12322300672531128,2.101865768432617,0.13456740975379944,816.6383056640625,2.3000742141302086,True,3068,975,261,0.0014795524691358026,0.00047019675925925923,0.00012586805555555555,/home/jshong/Code/unfied-sr-denoise-platform/results/mc_g105_analysis/flat_dark_first/maps/morning_sunny_dark_7x_temporal_std.png,/home/jshong/Code/unfied-sr-denoise-platform/results/mc_g105_analysis/flat_dark_first/maps/morning_sunny_dark_7x_hot_persistence.png,/home/jshong/Code/unfied-sr-denoise-platform/results/mc_g105_analysis/flat_dark_first/maps/morning_sunny_dark_7x_hot_fixed_mask.png,,
/home/jshong/Code/unfied-sr-denoise-platform/results/mc_g105_capture_frames/morning/sunny/dark/7x/frame_4275.png,morning/sunny/dark/7x/frame_4275.png,morning,sunny,dark,calibration_dark,7x,frame_4275,4275,morning/sunny/dark/7x,1920,1080,15.289897918701172,13.122227668762207,15.201574325561523,13.342041969299316,11.138691902160645,13.715465545654297,13.955269813537598,10.450343132019043,128.91424560546875,128.63063049316406,5.526800632476807,4.918222427368164,2.167670249938965,2.0793466567993164,0.8582285428134733,0.8632149884293319,-2.1235084533691406,-0.15216533464253432,4.688847064971924,0.06824170524691359,231.72430419921875,0.9696600115740741,8.233036041259766,0.0012379436728395061,2567,0.09092447916666667,0.0,0.342025462962963,4.822530864197531e-07,0.0,0.0,4.822530864197531e-07,0.2784172941679992,14.040897369384766,13.457709312438965,1.0433347904960297,0.8656965758446682,0.8729808986796647,50,7.227219581604004,6.397531032562256,11.236797332763672,71.722412109375,2.187406539916992,10.162388801574707,0.7856655120849609,0.1616724133491516,0.12322300672531128,2.101865768432617,0.13456740975379944,816.6383056640625,2.3000742141302086,True,3068,975,261,0.0014795524691358026,0.00047019675925925923,0.00012586805555555555,/home/jshong/Code/unfied-sr-denoise-platform/results/mc_g105_analysis/flat_dark_first/maps/morning_sunny_dark_7x_temporal_std.png,/home/jshong/Code/unfied-sr-denoise-platform/results/mc_g105_analysis/flat_dark_first/maps/morning_sunny_dark_7x_hot_persistence.png,/home/jshong/Code/unfied-sr-denoise-platform/results/mc_g105_analysis/flat_dark_first/maps/morning_sunny_dark_7x_hot_fixed_mask.png,,
/home/jshong/Code/unfied-sr-denoise-platform/results/mc_g105_capture_frames/morning/sunny/dark/7x/frame_4276.png,morning/sunny/dark/7x/frame_4276.png,morning,sunny,dark,calibration_dark,7x,frame_4276,4276,morning/sunny/dark/7x,1920,1080,17.252315521240234,14.387307167053223,17.070188522338867,14.316997528076172,11.860575675964355,14.600255012512207,15.494209289550781,11.29629135131836,129.2144775390625,128.81690979003906,5.71612024307251,5.006363391876221,2.8650083541870117,2.6828813552856445,0.8339348022823632,0.8428323041302678,-2.773944854736328,-0.17903105759491744,4.7953643798828125,0.09297935956790124,338.9547119140625,0.9568537808641975,8.401281356811523,0.0013667052469135803,2834,0.053774112654320985,0.0,0.28272376543209876,4.822530864197531e-07,0.0,0.0,4.822530864197531e-07,0.2500724480984812,15.475715637207031,15.246795654296875,1.0150142346684765,0.8340515687475628,0.848701700335155,50,7.227219581604004,6.397531032562256,11.236797332763672,71.722412109375,2.187406539916992,10.162388801574707,0.7856655120849609,0.1616724133491516,0.12322300672531128,2.101865768432617,0.13456740975379944,816.6383056640625,2.3000742141302086,True,3068,975,261,0.0014795524691358026,0.00047019675925925923,0.00012586805555555555,/home/jshong/Code/unfied-sr-denoise-platform/results/mc_g105_analysis/flat_dark_first/maps/morning_sunny_dark_7x_temporal_std.png,/home/jshong/Code/unfied-sr-denoise-platform/results/mc_g105_analysis/flat_dark_first/maps/morning_sunny_dark_7x_hot_persistence.png,/home/jshong/Code/unfied-sr-denoise-platform/results/mc_g105_analysis/flat_dark_first/maps/morning_sunny_dark_7x_hot_fixed_mask.png,,
/home/jshong/Code/unfied-sr-denoise-platform/results/mc_g105_capture_frames/morning/sunny/dark/7x/frame_4277.png,morning/sunny/dark/7x/frame_4277.png,morning,sunny,dark,calibration_dark,7x,frame_4277,4277,morning/sunny/dark/7x,1920,1080,17.710664749145508,14.732029914855957,17.469654083251953,14.553929328918457,12.109269142150879,14.779376983642578,15.879232406616211,11.554532051086426,129.26699829101562,128.82383728027344,5.735988616943359,5.0095133781433105,2.978634834289551,2.737624168395996,0.8318168341902527,0.8432925461121129,-2.8581295013427734,-0.1799916550223332,4.804647445678711,0.09797550154320987,342.89617919921875,0.9534919945987654,8.542328834533691,0.0013310185185185185,2760,0.0563257137345679,0.0,0.2754542824074074,4.822530864197531e-07,0.0,0.0,4.822530864197531e-07,0.2701878985881036,15.885339736938477,15.598380088806152,1.0183966942786296,0.8307168480296783,0.8488819372298129,50,7.227219581604004,6.397531032562256,11.236797332763672,71.722412109375,2.187406539916992,10.162388801574707,0.7856655120849609,0.1616724133491516,0.12322300672531128,2.101865768432617,0.13456740975379944,816.6383056640625,2.3000742141302086,True,3068,975,261,0.0014795524691358026,0.00047019675925925923,0.00012586805555555555,/home/jshong/Code/unfied-sr-denoise-platform/results/mc_g105_analysis/flat_dark_first/maps/morning_sunny_dark_7x_temporal_std.png,/home/jshong/Code/unfied-sr-denoise-platform/results/mc_g105_analysis/flat_dark_first/maps/morning_sunny_dark_7x_hot_persistence.png,/home/jshong/Code/unfied-sr-denoise-platform/results/mc_g105_analysis/flat_dark_first/maps/morning_sunny_dark_7x_hot_fixed_mask.png,,
/home/jshong/Code/unfied-sr-denoise-platform/results/mc_g105_capture_frames/morning/sunny/dark/7x/frame_4278.png,morning/sunny/dark/7x/frame_4278.png,morning,sunny,dark,calibration_dark,7x,frame_4278,4278,morning/sunny/dark/7x,1920,1080,18.6149959564209,15.586691856384277,18.336374282836914,14.766976356506348,12.387835502624512,15.003292083740234,16.748899459838867,11.81821346282959,129.29061889648438,128.82070922851562,5.770216941833496,5.034461975097656,3.028304100036621,2.7496824264526367,0.8373190655294701,0.8500421493321869,-2.888993263244629,-0.1724885326157358,4.8239970207214355,0.10473524305555555,361.0415954589844,0.9472395833333334,8.558573722839355,0.0013030478395061728,2702,0.04799479166666667,0.0,0.2433714313271605,4.822530864197531e-07,0.0,0.0,4.822530864197531e-07,0.2648323298544695,16.752445220947266,16.329402923583984,1.0259067201315473,0.8390345843036257,0.8560572623049971,50,7.227219581604004,6.397531032562256,11.236797332763672,71.722412109375,2.187406539916992,10.162388801574707,0.7856655120849609,0.1616724133491516,0.12322300672531128,2.101865768432617,0.13456740975379944,816.6383056640625,2.3000742141302086,True,3068,975,261,0.0014795524691358026,0.00047019675925925923,0.00012586805555555555,/home/jshong/Code/unfied-sr-denoise-platform/results/mc_g105_analysis/flat_dark_first/maps/morning_sunny_dark_7x_temporal_std.png,/home/jshong/Code/unfied-sr-denoise-platform/results/mc_g105_analysis/flat_dark_first/maps/morning_sunny_dark_7x_hot_persistence.png,/home/jshong/Code/unfied-sr-denoise-platform/results/mc_g105_analysis/flat_dark_first/maps/morning_sunny_dark_7x_hot_fixed_mask.png,,
/home/jshong/Code/unfied-sr-denoise-platform/results/mc_g105_capture_frames/morning/sunny/dark/7x/frame_4279.png,morning/sunny/dark/7x/frame_4279.png,morning,sunny,dark,calibration_dark,7x,frame_4279,4279,morning/sunny/dark/7x,1920,1080,19.86554718017578,16.782001495361328,19.515758514404297,15.142085075378418,12.813844680786133,15.355072975158691,17.955854415893555,12.237923622131348,129.3203582763672,128.80137634277344,5.836322784423828,5.061402320861816,3.083545684814453,2.7337570190429688,0.8447791796708845,0.8599204905642938,-2.908651351928711,-0.16198901609299712,4.859511375427246,0.11549961419753087,399.07562255859375,0.9367177854938271,8.545882225036621,0.0013797260802469137,2861,0.031789158950617284,0.0,0.2034548611111111,4.822530864197531e-07,0.0,0.0,4.822530864197531e-07,0.2605563549171013,17.93218231201172,17.411874771118164,1.0298822796425304,0.8474136603877122,0.8658399025287952,50,7.227219581604004,6.397531032562256,11.236797332763672,71.722412109375,2.187406539916992,10.162388801574707,0.7856655120849609,0.1616724133491516,0.12322300672531128,2.101865768432617,0.13456740975379944,816.6383056640625,2.3000742141302086,True,3068,975,261,0.0014795524691358026,0.00047019675925925923,0.00012586805555555555,/home/jshong/Code/unfied-sr-denoise-platform/results/mc_g105_analysis/flat_dark_first/maps/morning_sunny_dark_7x_temporal_std.png,/home/jshong/Code/unfied-sr-denoise-platform/results/mc_g105_analysis/flat_dark_first/maps/morning_sunny_dark_7x_hot_persistence.png,/home/jshong/Code/unfied-sr-denoise-platform/results/mc_g105_analysis/flat_dark_first/maps/morning_sunny_dark_7x_hot_fixed_mask.png,,
/home/jshong/Code/unfied-sr-denoise-platform/results/mc_g105_capture_frames/morning/sunny/dark/7x/frame_4280.png,morning/sunny/dark/7x/frame_4280.png,morning,sunny,dark,calibration_dark,7x,frame_4280,4280,morning/sunny/dark/7x,1920,1080,23.72226905822754,20.471405029296875,23.359268188476562,16.333662033081055,14.089801788330078,16.561363220214844,21.710939407348633,13.546285629272461,129.39186096191406,128.84820556640625,5.978919982910156,5.1653056144714355,3.250864028930664,2.8878631591796875,0.8629614694988612,0.8763718104415565,-3.069363594055176,-0.1413740508917002,4.953628063201904,0.15563319830246913,560.4235229492188,0.8980406057098765,8.698318481445312,0.0013797260802469137,2861,0.018990162037037038,0.0,0.126484375,4.822530864197531e-07,0.0,0.0,4.822530864197531e-07,0.21348375551193455,21.7156925201416,21.23082160949707,1.0228380180816752,0.8648617347135035,0.8821163729408888,50,7.227219581604004,6.397531032562256,11.236797332763672,71.722412109375,2.187406539916992,10.162388801574707,0.7856655120849609,0.1616724133491516,0.12322300672531128,2.101865768432617,0.13456740975379944,816.6383056640625,2.3000742141302086,True,3068,975,261,0.0014795524691358026,0.00047019675925925923,0.00012586805555555555,/home/jshong/Code/unfied-sr-denoise-platform/results/mc_g105_analysis/flat_dark_first/maps/morning_sunny_dark_7x_temporal_std.png,/home/jshong/Code/unfied-sr-denoise-platform/results/mc_g105_analysis/flat_dark_first/maps/morning_sunny_dark_7x_hot_persistence.png,/home/jshong/Code/unfied-sr-denoise-platform/results/mc_g105_analysis/flat_dark_first/maps/morning_sunny_dark_7x_hot_fixed_mask.png,,
/home/jshong/Code/unfied-sr-denoise-platform/results/mc_g105_capture_frames/morning/sunny/dark/7x/frame_4281.png,morning/sunny/dark/7x/frame_4281.png,morning,sunny,dark,calibration_dark,7x,frame_4281,4281,morning/sunny/dark/7x,1920,1080,22.12359619140625,18.81584358215332,21.782703399658203,16.061138153076172,13.7821683883667,16.2994441986084,20.081327438354492,13.200955390930176,129.41378784179688,128.87896728515625,6.017997741699219,5.20456600189209,3.3077526092529297,2.966859817504883,0.8504875323558231,0.8637974071965354,-3.1373062133789062,-0.15623001351777024,4.978456974029541,0.14538966049382715,555.3062133789062,0.9095635609567901,8.411107063293457,0.0012885802469135802,2672,0.011886574074074074,0.0,0.152445987654321,4.822530864197531e-07,0.0,0.0,4.822530864197531e-07,0.20748725299755627,20.16425323486328,19.57903289794922,1.029890102850037,0.8538030006955132,0.8694499088880914,50,7.227219581604004,6.397531032562256,11.236797332763672,71.722412109375,2.187406539916992,10.162388801574707,0.7856655120849609,0.1616724133491516,0.12322300672531128,2.101865768432617,0.13456740975379944,816.6383056640625,2.3000742141302086,True,3068,975,261,0.0014795524691358026,0.00047019675925925923,0.00012586805555555555,/home/jshong/Code/unfied-sr-denoise-platform/results/mc_g105_analysis/flat_dark_first/maps/morning_sunny_dark_7x_temporal_std.png,/home/jshong/Code/unfied-sr-denoise-platform/results/mc_g105_analysis/flat_dark_first/maps/morning_sunny_dark_7x_hot_persistence.png,/home/jshong/Code/unfied-sr-denoise-platform/results/mc_g105_analysis/flat_dark_first/maps/morning_sunny_dark_7x_hot_fixed_mask.png,,
/home/jshong/Code/unfied-sr-denoise-platform/results/mc_g105_capture_frames/morning/sunny/dark/7x/frame_4282.png,morning/sunny/dark/7x/frame_4282.png,morning,sunny,dark,calibration_dark,7x,frame_4282,4282,morning/sunny/dark/7x,1920,1080,22.078474044799805,18.740833282470703,21.763540267944336,15.916651725769043,13.602595329284668,16.17565155029297,20.022476196289062,13.015109062194824,129.4245147705078,128.90191650390625,6.022559642791748,5.216096878051758,3.3376407623291016,3.022706985473633,0.8488282476232332,0.8611113904552932,-3.180173873901367,-0.15883019082627678,4.984744071960449,0.13690682870370371,483.291748046875,0.9150520833333333,8.649967193603516,0.0013580246913580246,2816,0.024621431327160492,0.0,0.16283034336419752,4.822530864197531e-07,0.0,0.0,4.822530864197531e-07,0.22700963715562145,20.108768463134766,19.672794342041016,1.0221612187548186,0.8538926824286934,0.8672776399241368,50,7.227219581604004,6.397531032562256,11.236797332763672,71.722412109375,2.187406539916992,10.162388801574707,0.7856655120849609,0.1616724133491516,0.12322300672531128,2.101865768432617,0.13456740975379944,816.6383056640625,2.3000742141302086,True,3068,975,261,0.0014795524691358026,0.00047019675925925923,0.00012586805555555555,/home/jshong/Code/unfied-sr-denoise-platform/results/mc_g105_analysis/flat_dark_first/maps/morning_sunny_dark_7x_temporal_std.png,/home/jshong/Code/unfied-sr-denoise-platform/results/mc_g105_analysis/flat_dark_first/maps/morning_sunny_dark_7x_hot_persistence.png,/home/jshong/Code/unfied-sr-denoise-platform/results/mc_g105_analysis/flat_dark_first/maps/morning_sunny_dark_7x_hot_fixed_mask.png,,
/home/jshong/Code/unfied-sr-denoise-platform/results/mc_g105_capture_frames/morning/sunny/dark/7x/frame_4283.png,morning/sunny/dark/7x/frame_4283.png,morning,sunny,dark,calibration_dark,7x,frame_4283,4283,morning/sunny/dark/7x,1920,1080,21.164609909057617,17.844501495361328,20.988550186157227,15.641063690185547,13.328522682189941,16.031248092651367,19.13552474975586,12.70918083190918,129.40574645996094,128.96652221679688,6.021052837371826,5.303768634796143,3.320108413696289,3.1440486907958984,0.8431292014787093,0.8502016807682503,-3.2320785522460938,-0.16890461200353118,5.008373737335205,0.12891203703703705,447.8647766113281,0.925074749228395,8.69822883605957,0.0012688078703703704,2631,0.03099199459876543,0.0,0.18711323302469135,4.822530864197531e-07,0.0,0.0,4.822530864197531e-07,0.21526273676486182,19.097965240478516,18.680631637573242,1.0223403891614393,0.846780898659629,0.8540842112972372,50,7.227219581604004,6.397531032562256,11.236797332763672,71.722412109375,2.187406539916992,10.162388801574707,0.7856655120849609,0.1616724133491516,0.12322300672531128,2.101865768432617,0.13456740975379944,816.6383056640625,2.3000742141302086,True,3068,975,261,0.0014795524691358026,0.00047019675925925923,0.00012586805555555555,/home/jshong/Code/unfied-sr-denoise-platform/results/mc_g105_analysis/flat_dark_first/maps/morning_sunny_dark_7x_temporal_std.png,/home/jshong/Code/unfied-sr-denoise-platform/results/mc_g105_analysis/flat_dark_first/maps/morning_sunny_dark_7x_hot_persistence.png,/home/jshong/Code/unfied-sr-denoise-platform/results/mc_g105_analysis/flat_dark_first/maps/morning_sunny_dark_7x_hot_fixed_mask.png,,
/home/jshong/Code/unfied-sr-denoise-platform/results/mc_g105_capture_frames/morning/sunny/dark/7x/frame_4284.png,morning/sunny/dark/7x/frame_4284.png,morning,sunny,dark,calibration_dark,7x,frame_4284,4284,morning/sunny/dark/7x,1920,1080,20.635833740234375,17.388025283813477,20.505075454711914,16.006914138793945,13.802626609802246,16.397050857543945,18.6547794342041,13.18807601928711,129.3718719482422,128.9652557373047,6.013247966766357,5.315644264221191,3.2478084564208984,3.1170501708984375,0.8426131291850028,0.8479863668012726,-3.182429313659668,-0.17059591373289967,5.002940654754639,0.136733699845679,517.2976684570312,0.920126350308642,8.525530815124512,0.0013237847222222223,2745,0.03246431327160494,0.0,0.20573929398148147,4.822530864197531e-07,0.0,0.0,4.822530864197531e-07,0.22437240673594988,18.57940673828125,18.233932495117188,1.0189467205886527,0.8457819278870861,0.8519646703594372,50,7.227219581604004,6.397531032562256,11.236797332763672,71.722412109375,2.187406539916992,10.162388801574707,0.7856655120849609,0.1616724133491516,0.12322300672531128,2.101865768432617,0.13456740975379944,816.6383056640625,2.3000742141302086,True,3068,975,261,0.0014795524691358026,0.00047019675925925923,0.00012586805555555555,/home/jshong/Code/unfied-sr-denoise-platform/results/mc_g105_analysis/flat_dark_first/maps/morning_sunny_dark_7x_temporal_std.png,/home/jshong/Code/unfied-sr-denoise-platform/results/mc_g105_analysis/flat_dark_first/maps/morning_sunny_dark_7x_hot_persistence.png,/home/jshong/Code/unfied-sr-denoise-platform/results/mc_g105_analysis/flat_dark_first/maps/morning_sunny_dark_7x_hot_fixed_mask.png,,
/home/jshong/Code/unfied-sr-denoise-platform/results/mc_g105_capture_frames/morning/sunny/dark/7x/frame_4285.png,morning/sunny/dark/7x/frame_4285.png,morning,sunny,dark,calibration_dark,7x,frame_4285,4285,morning/sunny/dark/7x,1920,1080,20.572629928588867,17.166423797607422,20.437881469726562,16.730758666992188,14.438427925109863,17.10970115661621,18.499813079833984,13.924074172973633,129.43898010253906,129.0166778564453,6.03481388092041,5.342527389526367,3.4062061309814453,3.2714576721191406,0.8344301639005252,0.8399316232019163,-3.338831901550293,-0.18047921385274024,5.022102355957031,0.14905237268518517,600.0398559570312,0.9146889467592593,8.744407653808594,0.0013859953703703703,2874,0.039713541666666664,0.0,0.23256799768518518,4.822530864197531e-07,0.0,0.0,4.822530864197531e-07,0.2374248446347473,18.450096130371094,18.158227920532227,1.0160735505161982,0.8400795730064017,0.8450481382582918,50,7.227219581604004,6.397531032562256,11.236797332763672,71.722412109375,2.187406539916992,10.162388801574707,0.7856655120849609,0.1616724133491516,0.12322300672531128,2.101865768432617,0.13456740975379944,816.6383056640625,2.3000742141302086,True,3068,975,261,0.0014795524691358026,0.00047019675925925923,0.00012586805555555555,/home/jshong/Code/unfied-sr-denoise-platform/results/mc_g105_analysis/flat_dark_first/maps/morning_sunny_dark_7x_temporal_std.png,/home/jshong/Code/unfied-sr-denoise-platform/results/mc_g105_analysis/flat_dark_first/maps/morning_sunny_dark_7x_hot_persistence.png,/home/jshong/Code/unfied-sr-denoise-platform/results/mc_g105_analysis/flat_dark_first/maps/morning_sunny_dark_7x_hot_fixed_mask.png,,
/home/jshong/Code/unfied-sr-denoise-platform/results/mc_g105_capture_frames/morning/sunny/dark/7x/frame_4286.png,morning/sunny/dark/7x/frame_4286.png,morning,sunny,dark,calibration_dark,7x,frame_4286,4286,morning/sunny/dark/7x,1920,1080,24.533397674560547,21.07467269897461,24.777971267700195,18.4903621673584,16.458354949951172,19.23760223388672,22.469390869140625,15.986452102661133,129.42977905273438,129.22088623046875,6.104717254638672,5.655575275421143,3.4587249755859375,3.703298568725586,0.8590196971293504,0.8505406524506812,-3.5810117721557617,-0.15937288347682918,5.144160270690918,0.19740547839506173,855.7332763671875,0.863115837191358,8.84704303741455,0.0014400077160493826,2986,0.012042824074074074,0.0,0.14564766589506173,4.822530864197531e-07,0.0,0.0,4.822530864197531e-07,0.2376606034857958,22.410459518432617,22.16107177734375,1.0112533695274817,0.8632487922190704,0.8559039169043854,50,7.227219581604004,6.397531032562256,11.236797332763672,71.722412109375,2.187406539916992,10.162388801574707,0.7856655120849609,0.1616724133491516,0.12322300672531128,2.101865768432617,0.13456740975379944,816.6383056640625,2.3000742141302086,True,3068,975,261,0.0014795524691358026,0.00047019675925925923,0.00012586805555555555,/home/jshong/Code/unfied-sr-denoise-platform/results/mc_g105_analysis/flat_dark_first/maps/morning_sunny_dark_7x_temporal_std.png,/home/jshong/Code/unfied-sr-denoise-platform/results/mc_g105_analysis/flat_dark_first/maps/morning_sunny_dark_7x_hot_persistence.png,/home/jshong/Code/unfied-sr-denoise-platform/results/mc_g105_analysis/flat_dark_first/maps/morning_sunny_dark_7x_hot_fixed_mask.png,,
/home/jshong/Code/unfied-sr-denoise-platform/results/mc_g105_capture_frames/morning/sunny/dark/7x/frame_4287.png,morning/sunny/dark/7x/frame_4287.png,morning,sunny,dark,calibration_dark,7x,frame_4287,4287,morning/sunny/dark/7x,1920,1080,25.141271591186523,21.941301345825195,25.495466232299805,18.447114944458008,16.513397216796875,19.1893310546875,23.240297317504883,15.986180305480957,129.3124542236328,129.18910217285156,6.130635738372803,5.67603063583374,3.199970245361328,3.5541648864746094,0.8727203949698591,0.8605961658168048,-3.3770675659179688,-0.14531085271716668,5.158946514129639,0.19629292052469136,863.8308715820312,0.8565475501543209,8.61156177520752,0.001427951388888889,2961,0.01144386574074074,0.0,0.12723958333333332,4.822530864197531e-07,0.0,0.0,4.822530864197531e-07,0.22336647666142212,23.441556930541992,22.70958137512207,1.0322319690133002,0.8776893026711639,0.8676172893373848,50,7.227219581604004,6.397531032562256,11.236797332763672,71.722412109375,2.187406539916992,10.162388801574707,0.7856655120849609,0.1616724133491516,0.12322300672531128,2.101865768432617,0.13456740975379944,816.6383056640625,2.3000742141302086,True,3068,975,261,0.0014795524691358026,0.00047019675925925923,0.00012586805555555555,/home/jshong/Code/unfied-sr-denoise-platform/results/mc_g105_analysis/flat_dark_first/maps/morning_sunny_dark_7x_temporal_std.png,/home/jshong/Code/unfied-sr-denoise-platform/results/mc_g105_analysis/flat_dark_first/maps/morning_sunny_dark_7x_hot_persistence.png,/home/jshong/Code/unfied-sr-denoise-platform/results/mc_g105_analysis/flat_dark_first/maps/morning_sunny_dark_7x_hot_fixed_mask.png,,
/home/jshong/Code/unfied-sr-denoise-platform/results/mc_g105_capture_frames/morning/sunny/dark/7x/frame_4288.png,morning/sunny/dark/7x/frame_4288.png,morning,sunny,dark,calibration_dark,7x,frame_4288,4288,morning/sunny/dark/7x,1920,1080,22.125518798828125,19.521181106567383,22.461191177368164,17.35028076171875,15.484525680541992,18.020395278930664,20.57493782043457,14.857848167419434,129.06369018554688,128.98219299316406,6.066373825073242,5.566367149353027,2.604337692260742,2.9400100708007812,0.8822925420084964,0.8691070782180863,-2.7721738815307617,-0.13473546170535877,5.097829341888428,0.16978395061728396,677.7377319335938,0.8931452546296297,9.01488208770752,0.0013859953703703703,2874,0.03261188271604938,0.0,0.19968460648148148,4.822530864197531e-07,0.0,0.0,4.822530864197531e-07,0.2003795352915944,20.667905807495117,20.244935989379883,1.020892572712729,0.88672784145528,0.8734197361657458,50,7.227219581604004,6.397531032562256,11.236797332763672,71.722412109375,2.187406539916992,10.162388801574707,0.7856655120849609,0.1616724133491516,0.12322300672531128,2.101865768432617,0.13456740975379944,816.6383056640625,2.3000742141302086,True,3068,975,261,0.0014795524691358026,0.00047019675925925923,0.00012586805555555555,/home/jshong/Code/unfied-sr-denoise-platform/results/mc_g105_analysis/flat_dark_first/maps/morning_sunny_dark_7x_temporal_std.png,/home/jshong/Code/unfied-sr-denoise-platform/results/mc_g105_analysis/flat_dark_first/maps/morning_sunny_dark_7x_hot_persistence.png,/home/jshong/Code/unfied-sr-denoise-platform/results/mc_g105_analysis/flat_dark_first/maps/morning_sunny_dark_7x_hot_fixed_mask.png,,
/home/jshong/Code/unfied-sr-denoise-platform/results/mc_g105_capture_frames/morning/sunny/dark/7x/frame_4289.png,morning/sunny/dark/7x/frame_4289.png,morning,sunny,dark,calibration_dark,7x,frame_4289,4289,morning/sunny/dark/7x,1920,1080,22.23733139038086,20.464033126831055,22.401676177978516,17.231029510498047,15.51941204071045,17.812501907348633,21.154769897460938,14.809412956237793,128.72744750976562,128.61676025390625,6.082317352294922,5.516764163970947,1.7732982635498047,1.937643051147461,0.9202557558425094,0.9135045096957195,-1.8554706573486328,-0.08770932412089286,5.089193344116211,0.16956838348765432,636.4511108398438,0.8897685185185186,8.971179962158203,0.0013879243827160494,2878,0.026241801697530865,0.0,0.18808690200617284,4.822530864197531e-07,0.0,0.0,4.822530864197531e-07,0.21755038667607474,21.078826904296875,20.839859008789062,1.0114668186545892,0.920175909358252,0.9126681281744911,50,7.227219581604004,6.397531032562256,11.236797332763672,71.722412109375,2.187406539916992,10.162388801574707,0.7856655120849609,0.1616724133491516,0.12322300672531128,2.101865768432617,0.13456740975379944,816.6383056640625,2.3000742141302086,True,3068,975,261,0.0014795524691358026,0.00047019675925925923,0.00012586805555555555,/home/jshong/Code/unfied-sr-denoise-platform/results/mc_g105_analysis/flat_dark_first/maps/morning_sunny_dark_7x_temporal_std.png,/home/jshong/Code/unfied-sr-denoise-platform/results/mc_g105_analysis/flat_dark_first/maps/morning_sunny_dark_7x_hot_persistence.png,/home/jshong/Code/unfied-sr-denoise-platform/results/mc_g105_analysis/flat_dark_first/maps/morning_sunny_dark_7x_hot_fixed_mask.png,,
/home/jshong/Code/unfied-sr-denoise-platform/results/mc_g105_capture_frames/morning/sunny/dark/7x/frame_4290.png,morning/sunny/dark/7x/frame_4290.png,morning,sunny,dark,calibration_dark,7x,frame_4290,4290,morning/sunny/dark/7x,1920,1080,22.401004791259766,20.053842544555664,22.9387264251709,18.341440200805664,15.826069831848145,19.216711044311523,21.024616241455078,15.351632118225098,128.93601989746094,128.99676513671875,6.483635425567627,5.9413018226623535,2.3471622467041016,2.8848838806152344,0.8952206312263042,0.8742351819635111,-2.616023063659668,-0.12442666773031903,5.543051242828369,0.14618778935185187,1031.6456298828125,0.9003631365740741,8.50166130065918,0.0018957368827160494,3931,0.01066550925925926,4.822530864197531e-07,0.1475607638888889,1.9772376543209878e-05,5.787037037037037e-06,3.858024691358025e-06,1.398533950617284e-05,0.22963792720771967,21.033111572265625,20.558841705322266,1.0230688504086167,0.9010567192901006,0.8809125894106188,50,7.227219581604004,6.397531032562256,11.236797332763672,71.722412109375,2.187406539916992,10.162388801574707,0.7856655120849609,0.1616724133491516,0.12322300672531128,2.101865768432617,0.13456740975379944,816.6383056640625,2.3000742141302086,True,3068,975,261,0.0014795524691358026,0.00047019675925925923,0.00012586805555555555,/home/jshong/Code/unfied-sr-denoise-platform/results/mc_g105_analysis/flat_dark_first/maps/morning_sunny_dark_7x_temporal_std.png,/home/jshong/Code/unfied-sr-denoise-platform/results/mc_g105_analysis/flat_dark_first/maps/morning_sunny_dark_7x_hot_persistence.png,/home/jshong/Code/unfied-sr-denoise-platform/results/mc_g105_analysis/flat_dark_first/maps/morning_sunny_dark_7x_hot_fixed_mask.png,,
/home/jshong/Code/unfied-sr-denoise-platform/results/mc_g105_capture_frames/morning/sunny/dark/7x/frame_4291.png,morning/sunny/dark/7x/frame_4291.png,morning,sunny,dark,calibration_dark,7x,frame_4291,4291,morning/sunny/dark/7x,1920,1080,19.09364128112793,16.79144287109375,19.583391189575195,17.34484100341797,14.840243339538574,18.187292098999023,17.74367332458496,14.318985939025879,128.92173767089844,128.96136474609375,6.346433639526367,5.836094379425049,2.3021984100341797,2.7919483184814453,0.8794258645816537,0.8574328037015119,-2.5470733642578125,-0.14354824810601288,5.45464563369751,0.12540557484567902,833.0827026367188,0.9320143711419753,8.895358085632324,0.0018581211419753086,3853,0.05706983024691358,0.0,0.2596117862654321,1.398533950617284e-05,2.8935185185185184e-06,2.4112654320987654e-06,1.0127314814814815e-05,0.2494643134010543,17.82729721069336,17.385644912719727,1.0254032148239318,0.8887169367202751,0.8688310773248659,50,7.227219581604004,6.397531032562256,11.236797332763672,71.722412109375,2.187406539916992,10.162388801574707,0.7856655120849609,0.1616724133491516,0.12322300672531128,2.101865768432617,0.13456740975379944,816.6383056640625,2.3000742141302086,True,3068,975,261,0.0014795524691358026,0.00047019675925925923,0.00012586805555555555,/home/jshong/Code/unfied-sr-denoise-platform/results/mc_g105_analysis/flat_dark_first/maps/morning_sunny_dark_7x_temporal_std.png,/home/jshong/Code/unfied-sr-denoise-platform/results/mc_g105_analysis/flat_dark_first/maps/morning_sunny_dark_7x_hot_persistence.png,/home/jshong/Code/unfied-sr-denoise-platform/results/mc_g105_analysis/flat_dark_first/maps/morning_sunny_dark_7x_hot_fixed_mask.png,,
/home/jshong/Code/unfied-sr-denoise-platform/results/mc_g105_capture_frames/morning/sunny/dark/7x/frame_4292.png,morning/sunny/dark/7x/frame_4292.png,morning,sunny,dark,calibration_dark,7x,frame_4292,4292,morning/sunny/dark/7x,1920,1080,19.234710693359375,16.80870246887207,19.725440979003906,16.89287567138672,14.369095802307129,17.737621307373047,17.812129974365234,13.809250831604004,128.97386169433594,129.00244140625,6.3313469886779785,5.833171367645264,2.4260082244873047,2.916738510131836,0.8738733773002241,0.8521331226323616,-2.6713733673095703,-0.14997494522997518,5.436947822570801,0.11590133101851852,700.8919067382812,0.9367799961419753,8.974217414855957,0.0018923611111111112,3924,0.062114197530864196,0.0,0.25535976080246914,8.680555555555556e-06,1.9290123456790124e-06,4.822530864197531e-07,6.751543209876544e-06,0.24308559026223994,17.933698654174805,17.451047897338867,1.0276573494049137,0.8843403369966303,0.86306396410062,50,7.227219581604004,6.397531032562256,11.236797332763672,71.722412109375,2.187406539916992,10.162388801574707,0.7856655120849609,0.1616724133491516,0.12322300672531128,2.101865768432617,0.13456740975379944,816.6383056640625,2.3000742141302086,True,3068,975,261,0.0014795524691358026,0.00047019675925925923,0.00012586805555555555,/home/jshong/Code/unfied-sr-denoise-platform/results/mc_g105_analysis/flat_dark_first/maps/morning_sunny_dark_7x_temporal_std.png,/home/jshong/Code/unfied-sr-denoise-platform/results/mc_g105_analysis/flat_dark_first/maps/morning_sunny_dark_7x_hot_persistence.png,/home/jshong/Code/unfied-sr-denoise-platform/results/mc_g105_analysis/flat_dark_first/maps/morning_sunny_dark_7x_hot_fixed_mask.png,,
/home/jshong/Code/unfied-sr-denoise-platform/results/mc_g105_capture_frames/morning/sunny/dark/7x/frame_4293.png,morning/sunny/dark/7x/frame_4293.png,morning,sunny,dark,calibration_dark,7x,frame_4293,4293,morning/sunny/dark/7x,1920,1080,18.226673126220703,15.924927711486816,18.630640029907227,16.411895751953125,14.058259963989258,17.201807022094727,16.86690330505371,13.424015998840332,128.92892456054688,128.91871643066406,6.239414691925049,5.7476372718811035,2.3017454147338867,2.70571231842041,0.8737155007658463,0.8547707878608681,-2.5037288665771484,-0.14844033150926064,5.361912250518799,0.11473138503086419,663.184326171875,0.9373717206790123,8.458905220031738,0.0018002507716049383,3733,0.04878086419753087,4.822530864197531e-07,0.2688961226851852,4.822530864197531e-06,9.645061728395062e-07,4.822530864197531e-07,4.340277777777778e-06,0.2738230504962817,16.905351638793945,16.585683822631836,1.0192736579514587,0.8837287901610291,0.8649259968086175,50,7.227219581604004,6.397531032562256,11.236797332763672,71.722412109375,2.187406539916992,10.162388801574707,0.7856655120849609,0.1616724133491516,0.12322300672531128,2.101865768432617,0.13456740975379944,816.6383056640625,2.3000742141302086,True,3068,975,261,0.0014795524691358026,0.00047019675925925923,0.00012586805555555555,/home/jshong/Code/unfied-sr-denoise-platform/results/mc_g105_analysis/flat_dark_first/maps/morning_sunny_dark_7x_temporal_std.png,/home/jshong/Code/unfied-sr-denoise-platform/results/mc_g105_analysis/flat_dark_first/maps/morning_sunny_dark_7x_hot_persistence.png,/home/jshong/Code/unfied-sr-denoise-platform/results/mc_g105_analysis/flat_dark_first/maps/morning_sunny_dark_7x_hot_fixed_mask.png,,
/home/jshong/Code/unfied-sr-denoise-platform/results/mc_g105_capture_frames/morning/sunny/dark/7x/frame_4294.png,morning/sunny/dark/7x/frame_4294.png,morning,sunny,dark,calibration_dark,7x,frame_4294,4294,morning/sunny/dark/7x,1920,1080,21.215255737304688,19.025020599365234,21.590848922729492,17.15485954284668,15.067132949829102,17.916522979736328,19.913740158081055,14.385665893554688,128.8843536376953,128.86373901367188,6.2937211990356445,5.789105415344238,2.190235137939453,2.565828323364258,0.8967612711427543,0.8811612635654924,-2.3780317306518555,-0.11941662351510696,5.386233329772949,0.14184124228395062,714.7410278320312,0.908846450617284,8.567136764526367,0.001732253086419753,3592,0.021663290895061728,0.0,0.18618441358024693,6.26929012345679e-06,1.4467592592592592e-06,9.645061728395062e-07,4.822530864197531e-06,0.2087919263249798,19.808988571166992,19.687633514404297,1.006163973466386,0.9032648362078212,0.8886492225705722,50,7.227219581604004,6.397531032562256,11.236797332763672,71.722412109375,2.187406539916992,10.162388801574707,0.7856655120849609,0.1616724133491516,0.12322300672531128,2.101865768432617,0.13456740975379944,816.6383056640625,2.3000742141302086,True,3068,975,261,0.0014795524691358026,0.00047019675925925923,0.00012586805555555555,/home/jshong/Code/unfied-sr-denoise-platform/results/mc_g105_analysis/flat_dark_first/maps/morning_sunny_dark_7x_temporal_std.png,/home/jshong/Code/unfied-sr-denoise-platform/results/mc_g105_analysis/flat_dark_first/maps/morning_sunny_dark_7x_hot_persistence.png,/home/jshong/Code/unfied-sr-denoise-platform/results/mc_g105_analysis/flat_dark_first/maps/morning_sunny_dark_7x_hot_fixed_mask.png,,
/home/jshong/Code/unfied-sr-denoise-platform/results/mc_g105_capture_frames/morning/sunny/dark/7x/frame_4295.png,morning/sunny/dark/7x/frame_4295.png,morning,sunny,dark,calibration_dark,7x,frame_4295,4295,morning/sunny/dark/7x,1920,1080,18.830093383789062,17.014375686645508,19.095752716064453,16.496238708496094,14.545011520385742,17.195327758789062,17.738658905029297,13.81603717803955,128.7376708984375,128.68621826171875,6.135361194610596,5.642032623291016,1.8157176971435547,2.0813770294189453,0.9035735742935671,0.8910030962711898,-1.94854736328125,-0.10984749545419686,5.282102584838867,0.13186583719135803,631.4553833007812,0.9262967785493827,8.704557418823242,0.0016898148148148148,3504,0.05268759645061728,0.0,0.26196180555555554,1.9290123456790124e-06,9.645061728395062e-07,0.0,9.645061728395062e-07,0.25245032569595105,17.709394454956055,17.558956146240234,1.0085675537255943,0.9124488102676657,0.9018429146614412,50,7.227219581604004,6.397531032562256,11.236797332763672,71.722412109375,2.187406539916992,10.162388801574707,0.7856655120849609,0.1616724133491516,0.12322300672531128,2.101865768432617,0.13456740975379944,816.6383056640625,2.3000742141302086,True,3068,975,261,0.0014795524691358026,0.00047019675925925923,0.00012586805555555555,/home/jshong/Code/unfied-sr-denoise-platform/results/mc_g105_analysis/flat_dark_first/maps/morning_sunny_dark_7x_temporal_std.png,/home/jshong/Code/unfied-sr-denoise-platform/results/mc_g105_analysis/flat_dark_first/maps/morning_sunny_dark_7x_hot_persistence.png,/home/jshong/Code/unfied-sr-denoise-platform/results/mc_g105_analysis/flat_dark_first/maps/morning_sunny_dark_7x_hot_fixed_mask.png,,
/home/jshong/Code/unfied-sr-denoise-platform/results/mc_g105_capture_frames/morning/sunny/dark/7x/frame_4296.png,morning/sunny/dark/7x/frame_4296.png,morning,sunny,dark,calibration_dark,7x,frame_4296,4296,morning/sunny/dark/7x,1920,1080,18.417863845825195,16.608394622802734,18.674821853637695,15.78892707824707,13.758072853088379,16.5295352935791,17.327974319458008,12.98790168762207,128.73565673828125,128.68020629882812,6.120943069458008,5.634507179260254,1.809469223022461,2.066427230834961,0.9017546149801062,0.8893468362709294,-1.937948226928711,-0.1118392767303022,5.251360893249512,0.1118431712962963,520.0980834960938,0.9361516203703704,8.430853843688965,0.0016565393518518517,3435,0.039523533950617286,0.0,0.25407118055555555,9.645061728395062e-07,4.822530864197531e-07,0.0,4.822530864197531e-07,0.24913720777741608,17.276628494262695,17.051502227783203,1.0132026639218927,0.910824655149228,0.9011611926586717,50,7.227219581604004,6.397531032562256,11.236797332763672,71.722412109375,2.187406539916992,10.162388801574707,0.7856655120849609,0.1616724133491516,0.12322300672531128,2.101865768432617,0.13456740975379944,816.6383056640625,2.3000742141302086,True,3068,975,261,0.0014795524691358026,0.00047019675925925923,0.00012586805555555555,/home/jshong/Code/unfied-sr-denoise-platform/results/mc_g105_analysis/flat_dark_first/maps/morning_sunny_dark_7x_temporal_std.png,/home/jshong/Code/unfied-sr-denoise-platform/results/mc_g105_analysis/flat_dark_first/maps/morning_sunny_dark_7x_hot_persistence.png,/home/jshong/Code/unfied-sr-denoise-platform/results/mc_g105_analysis/flat_dark_first/maps/morning_sunny_dark_7x_hot_fixed_mask.png,,
/home/jshong/Code/unfied-sr-denoise-platform/results/mc_g105_capture_frames/morning/sunny/dark/7x/frame_4297.png,morning/sunny/dark/7x/frame_4297.png,morning,sunny,dark,calibration_dark,7x,frame_4297,4297,morning/sunny/dark/7x,1920,1080,18.07122802734375,16.212234497070312,18.27713394165039,15.237823486328125,13.121810913085938,15.947368621826172,16.946577072143555,12.323673248291016,128.76039123535156,128.67063903808594,6.096279621124268,5.593011856079102,1.8589935302734375,2.064899444580078,0.8971296015638685,0.887022749945642,-1.9619464874267578,-0.1157724278656448,5.218080997467041,0.09878472222222222,444.3945617675781,0.9437543402777778,8.261717796325684,0.0016333912037037037,3387,0.03927228009259259,0.0,0.25375337577160495,4.822530864197531e-07,4.822530864197531e-07,0.0,0.0,0.2769816112519532,16.9440975189209,16.718812942504883,1.0134748539693517,0.9066733242347466,0.8993648263185378,50,7.227219581604004,6.397531032562256,11.236797332763672,71.722412109375,2.187406539916992,10.162388801574707,0.7856655120849609,0.1616724133491516,0.12322300672531128,2.101865768432617,0.13456740975379944,816.6383056640625,2.3000742141302086,True,3068,975,261,0.0014795524691358026,0.00047019675925925923,0.00012586805555555555,/home/jshong/Code/unfied-sr-denoise-platform/results/mc_g105_analysis/flat_dark_first/maps/morning_sunny_dark_7x_temporal_std.png,/home/jshong/Code/unfied-sr-denoise-platform/results/mc_g105_analysis/flat_dark_first/maps/morning_sunny_dark_7x_hot_persistence.png,/home/jshong/Code/unfied-sr-denoise-platform/results/mc_g105_analysis/flat_dark_first/maps/morning_sunny_dark_7x_hot_fixed_mask.png,,
/home/jshong/Code/unfied-sr-denoise-platform/results/mc_g105_capture_frames/morning/sunny/dark/7x/frame_4298.png,morning/sunny/dark/7x/frame_4298.png,morning,sunny,dark,calibration_dark,7x,frame_4298,4298,morning/sunny/dark/7x,1920,1080,19.75580406188965,17.68644905090332,19.995588302612305,15.561480522155762,13.317645072937012,16.27729606628418,18.50971031188965,12.538190841674805,128.84646606445312,128.7559356689453,6.213793754577637,5.703900337219238,2.069355010986328,2.3091392517089844,0.8952532683682801,0.8845175195007976,-2.1892471313476562,-0.11827559568373175,5.3249831199646,0.10605854552469136,434.90631103515625,0.9371074459876543,8.594608306884766,0.0016136188271604938,3346,0.03687451774691358,0.0,0.21564284336419753,9.645061728395062e-07,4.822530864197531e-07,0.0,4.822530864197531e-07,0.25230698954872965,18.492761611938477,18.10511016845703,1.0214111053986132,0.9042955944916756,0.8976316300902295,50,7.227219581604004,6.397531032562256,11.236797332763672,71.722412109375,2.187406539916992,10.162388801574707,0.7856655120849609,0.1616724133491516,0.12322300672531128,2.101865768432617,0.13456740975379944,816.6383056640625,2.3000742141302086,True,3068,975,261,0.0014795524691358026,0.00047019675925925923,0.00012586805555555555,/home/jshong/Code/unfied-sr-denoise-platform/results/mc_g105_analysis/flat_dark_first/maps/morning_sunny_dark_7x_temporal_std.png,/home/jshong/Code/unfied-sr-denoise-platform/results/mc_g105_analysis/flat_dark_first/maps/morning_sunny_dark_7x_hot_persistence.png,/home/jshong/Code/unfied-sr-denoise-platform/results/mc_g105_analysis/flat_dark_first/maps/morning_sunny_dark_7x_hot_fixed_mask.png,,
/home/jshong/Code/unfied-sr-denoise-platform/results/mc_g105_capture_frames/morning/sunny/dark/7x/frame_4299.png,morning/sunny/dark/7x/frame_4299.png,morning,sunny,dark,calibration_dark,7x,frame_4299,4299,morning/sunny/dark/7x,1920,1080,19.311723709106445,17.117660522460938,19.496824264526367,15.30405044555664,12.972957611083984,16.00629997253418,17.986230850219727,12.16421127319336,128.9037322998047,128.7698211669922,6.252527236938477,5.732197284698486,2.194063186645508,2.3791637420654297,0.8863869374851384,0.8779716846314349,-2.2866134643554688,-0.1271313237479219,5.360431671142578,0.10224295910493827,410.42584228515625,0.9408632330246913,8.404480934143066,0.0015263310185185184,3165,0.03161988811728395,0.0,0.2209129050925926,9.645061728395062e-07,4.822530864197531e-07,0.0,4.822530864197531e-07,0.23692648763937987,18.06179428100586,17.585826873779297,1.027065339809008,0.8957085244120206,0.8918258783764269,50,7.227219581604004,6.397531032562256,11.236797332763672,71.722412109375,2.187406539916992,10.162388801574707,0.7856655120849609,0.1616724133491516,0.12322300672531128,2.101865768432617,0.13456740975379944,816.6383056640625,2.3000742141302086,True,3068,975,261,0.0014795524691358026,0.00047019675925925923,0.00012586805555555555,/home/jshong/Code/unfied-sr-denoise-platform/results/mc_g105_analysis/flat_dark_first/maps/morning_sunny_dark_7x_temporal_std.png,/home/jshong/Code/unfied-sr-denoise-platform/results/mc_g105_analysis/flat_dark_first/maps/morning_sunny_dark_7x_hot_persistence.png,/home/jshong/Code/unfied-sr-denoise-platform/results/mc_g105_analysis/flat_dark_first/maps/morning_sunny_dark_7x_hot_fixed_mask.png,,
/home/jshong/Code/unfied-sr-denoise-platform/results/mc_g105_capture_frames/morning/sunny/dark/7x/frame_4300.png,morning/sunny/dark/7x/frame_4300.png,morning,sunny,dark,calibration_dark,7x,frame_4300,4300,morning/sunny/dark/7x,1920,1080,18.742168426513672,16.38369369506836,18.853334426879883,14.931646347045898,12.472996711730957,15.573740005493164,17.31269645690918,11.641129493713379,128.978271484375,128.78805541992188,6.263687610626221,5.720742225646973,2.3584747314453125,2.4696407318115234,0.8741620738894352,0.8690077020382045,-2.414057731628418,-0.1394385674235306,5.350925922393799,0.08996576003086419,349.0557556152344,0.9489607445987654,8.317239761352539,0.0014877507716049383,3085,0.03527054398148148,0.0,0.2358738425925926,0.0,0.0,0.0,0.0,0.24161168979997005,17.30619239807129,16.898283004760742,1.0241390423545744,0.8823633856809008,0.8826199232040559,50,7.227219581604004,6.397531032562256,11.236797332763672,71.722412109375,2.187406539916992,10.162388801574707,0.7856655120849609,0.1616724133491516,0.12322300672531128,2.101865768432617,0.13456740975379944,816.6383056640625,2.3000742141302086,True,3068,975,261,0.0014795524691358026,0.00047019675925925923,0.00012586805555555555,/home/jshong/Code/unfied-sr-denoise-platform/results/mc_g105_analysis/flat_dark_first/maps/morning_sunny_dark_7x_temporal_std.png,/home/jshong/Code/unfied-sr-denoise-platform/results/mc_g105_analysis/flat_dark_first/maps/morning_sunny_dark_7x_hot_persistence.png,/home/jshong/Code/unfied-sr-denoise-platform/results/mc_g105_analysis/flat_dark_first/maps/morning_sunny_dark_7x_hot_fixed_mask.png,,
/home/jshong/Code/unfied-sr-denoise-platform/results/mc_g105_capture_frames/morning/sunny/flat/1x/frame_0201.png,morning/sunny/flat/1x/frame_0201.png,morning,sunny,flat,calibration_flat,1x,frame_0201,201,morning/sunny/flat/1x,1920,1080,150.73670959472656,150.73670959472656,150.72842407226562,10.633406639099121,10.633406639099121,10.634928703308105,150.73670959472656,10.633406639099121,128.0,127.99583435058594,0.0,0.07387401908636093,0.0,-0.0082855224609375,0.999999993365916,1.0000549632390636,0.00414276123046875,2.748342599572212e-05,0.016125857830047607,0.014751639660493827,418.3755187988281,0.0,0.0,0.001001639660493827,2077,0.0,0.0,0.0,0.0,0.0,0.0,0.0,0.18562365344602672,152.5403594970703,148.17674255371094,1.02944872345489,0.999999993444358,0.999999993444358,50,9.503158569335938,8.87819766998291,13.885300636291504,60.01660919189453,0.5202368497848511,2.0466766357421875,0.47882080078125,0.0,5.53131103515625e-05,0.00417327880859375,0.2676900029182434,1545.85205078125,1.2625327371738846,True,444,83,35,0.00021412037037037038,4.0027006172839503e-05,1.6878858024691356e-05,/home/jshong/Code/unfied-sr-denoise-platform/results/mc_g105_analysis/flat_dark_first/maps/morning_sunny_flat_1x_temporal_std.png,/home/jshong/Code/unfied-sr-denoise-platform/results/mc_g105_analysis/flat_dark_first/maps/morning_sunny_flat_1x_hot_persistence.png,/home/jshong/Code/unfied-sr-denoise-platform/results/mc_g105_analysis/flat_dark_first/maps/morning_sunny_flat_1x_hot_fixed_mask.png,/home/jshong/Code/unfied-sr-denoise-platform/results/mc_g105_analysis/flat_dark_first/maps/morning_sunny_flat_1x_flat_shading.png,/home/jshong/Code/unfied-sr-denoise-platform/results/mc_g105_analysis/flat_dark_first/maps/morning_sunny_flat_1x_flat_green_excess.png
/home/jshong/Code/unfied-sr-denoise-platform/results/mc_g105_capture_frames/morning/sunny/flat/1x/frame_0202.png,morning/sunny/flat/1x/frame_0202.png,morning,sunny,flat,calibration_flat,1x,frame_0202,202,morning/sunny/flat/1x,1920,1080,150.77516174316406,150.77516174316406,150.766845703125,10.844569206237793,10.844569206237793,10.84610652923584,150.77516174316406,10.844569206237793,128.0,127.99581909179688,0.0,0.073977530002594,0.0,-0.0083160400390625,0.9999999933676079,1.0000551516478648,0.00415802001953125,2.7577619177332104e-05,0.016143856570124626,0.016042631172839505,457.0353698730469,0.0,0.0,0.0007074652777777778,1467,0.0,0.0,0.0,0.0,0.0,0.0,0.0,0.18717119007723437,152.5583953857422,148.2360076904297,1.02915881730423,0.999999993445133,0.999999993445133,50,9.503158569335938,8.87819766998291,13.885300636291504,60.01660919189453,0.5202368497848511,2.0466766357421875,0.47882080078125,0.0,5.53131103515625e-05,0.00417327880859375,0.2676900029182434,1545.85205078125,1.2625327371738846,True,444,83,35,0.00021412037037037038,4.0027006172839503e-05,1.6878858024691356e-05,/home/jshong/Code/unfied-sr-denoise-platform/results/mc_g105_analysis/flat_dark_first/maps/morning_sunny_flat_1x_temporal_std.png,/home/jshong/Code/unfied-sr-denoise-platform/results/mc_g105_analysis/flat_dark_first/maps/morning_sunny_flat_1x_hot_persistence.png,/home/jshong/Code/unfied-sr-denoise-platform/results/mc_g105_analysis/flat_dark_first/maps/morning_sunny_flat_1x_hot_fixed_mask.png,/home/jshong/Code/unfied-sr-denoise-platform/results/mc_g105_analysis/flat_dark_first/maps/morning_sunny_flat_1x_flat_shading.png,/home/jshong/Code/unfied-sr-denoise-platform/results/mc_g105_analysis/flat_dark_first/maps/morning_sunny_flat_1x_flat_green_excess.png
/home/jshong/Code/unfied-sr-denoise-platform/results/mc_g105_capture_frames/morning/sunny/flat/1x/frame_0203.png,morning/sunny/flat/1x/frame_0203.png,morning,sunny,flat,calibration_flat,1x,frame_0203,203,morning/sunny/flat/1x,1920,1080,150.90301513671875,150.90301513671875,150.89466857910156,10.953514099121094,10.953514099121094,10.954922676086426,150.90301513671875,10.953514099121094,128.0,127.99581909179688,0.0,0.073977530002594,0.0,-0.0083465576171875,0.9999999933732272,1.0000553071731457,0.00417327880859375,2.765537041892352e-05,0.016143856570124626,0.0198046875,467.8369140625,0.0,0.0,0.0008097029320987654,1679,0.0,4.822530864197531e-07,0.0,4.822530864197531e-07,4.822530864197531e-07,4.822530864197531e-07,4.822530864197531e-07,0.18711294996727523,152.76148986816406,148.26849365234375,1.0303031013186947,0.9999999934538476,0.9999999934538476,50,9.503158569335938,8.87819766998291,13.885300636291504,60.01660919189453,0.5202368497848511,2.0466766357421875,0.47882080078125,0.0,5.53131103515625e-05,0.00417327880859375,0.2676900029182434,1545.85205078125,1.2625327371738846,True,444,83,35,0.00021412037037037038,4.0027006172839503e-05,1.6878858024691356e-05,/home/jshong/Code/unfied-sr-denoise-platform/results/mc_g105_analysis/flat_dark_first/maps/morning_sunny_flat_1x_temporal_std.png,/home/jshong/Code/unfied-sr-denoise-platform/results/mc_g105_analysis/flat_dark_first/maps/morning_sunny_flat_1x_hot_persistence.png,/home/jshong/Code/unfied-sr-denoise-platform/results/mc_g105_analysis/flat_dark_first/maps/morning_sunny_flat_1x_hot_fixed_mask.png,/home/jshong/Code/unfied-sr-denoise-platform/results/mc_g105_analysis/flat_dark_first/maps/morning_sunny_flat_1x_flat_shading.png,/home/jshong/Code/unfied-sr-denoise-platform/results/mc_g105_analysis/flat_dark_first/maps/morning_sunny_flat_1x_flat_green_excess.png
/home/jshong/Code/unfied-sr-denoise-platform/results/mc_g105_capture_frames/morning/sunny/flat/1x/frame_0204.png,morning/sunny/flat/1x/frame_0204.png,morning,sunny,flat,calibration_flat,1x,frame_0204,204,morning/sunny/flat/1x,1920,1080,151.0165557861328,151.0165557861328,151.00823974609375,11.116888999938965,11.116888999938965,11.118339538574219,151.0165557861328,11.116888999938965,128.0,127.99581909179688,0.0,0.073977530002594,0.0,-0.0083160400390625,0.9999999933782096,1.000055063485264,0.00415802001953125,2.753353743470506e-05,0.016143856570124626,0.02502121913580247,483.25152587890625,0.0,0.0,0.0006500771604938272,1348,0.0,9.645061728395062e-07,0.0,9.645061728395062e-07,9.645061728395062e-07,9.645061728395062e-07,9.645061728395062e-07,0.18752878649601257,152.87655639648438,148.41348266601562,1.0300718817470271,0.9999999934587748,0.9999999934587748,50,9.503158569335938,8.87819766998291,13.885300636291504,60.01660919189453,0.5202368497848511,2.0466766357421875,0.47882080078125,0.0,5.53131103515625e-05,0.00417327880859375,0.2676900029182434,1545.85205078125,1.2625327371738846,True,444,83,35,0.00021412037037037038,4.0027006172839503e-05,1.6878858024691356e-05,/home/jshong/Code/unfied-sr-denoise-platform/results/mc_g105_analysis/flat_dark_first/maps/morning_sunny_flat_1x_temporal_std.png,/home/jshong/Code/unfied-sr-denoise-platform/results/mc_g105_analysis/flat_dark_first/maps/morning_sunny_flat_1x_hot_persistence.png,/home/jshong/Code/unfied-sr-denoise-platform/results/mc_g105_analysis/flat_dark_first/maps/morning_sunny_flat_1x_hot_fixed_mask.png,/home/jshong/Code/unfied-sr-denoise-platform/results/mc_g105_analysis/flat_dark_first/maps/morning_sunny_flat_1x_flat_shading.png,/home/jshong/Code/unfied-sr-denoise-platform/results/mc_g105_analysis/flat_dark_first/maps/morning_sunny_flat_1x_flat_green_excess.png
/home/jshong/Code/unfied-sr-denoise-platform/results/mc_g105_capture_frames/morning/sunny/flat/1x/frame_0205.png,morning/sunny/flat/1x/frame_0205.png,morning,sunny,flat,calibration_flat,1x,frame_0205,205,morning/sunny/flat/1x,1920,1080,150.65008544921875,150.65008544921875,150.64175415039062,11.18310546875,11.18310546875,11.184374809265137,150.65008544921875,11.18310546875,128.0,127.99581909179688,0.0,0.073977530002594,0.0,-0.008331298828125,0.9999999933621014,1.0000552987371916,0.0041656494140625,2.765115847090244e-05,0.016143856570124626,0.028230131172839505,479.7486572265625,0.0,0.0,0.0006356095679012346,1318,0.0,0.0,0.0,0.0,0.0,0.0,0.0,0.18838977334434345,152.50872802734375,148.10093688964844,1.0297620676850785,0.9999999934429983,0.9999999934429983,50,9.503158569335938,8.87819766998291,13.885300636291504,60.01660919189453,0.5202368497848511,2.0466766357421875,0.47882080078125,0.0,5.53131103515625e-05,0.00417327880859375,0.2676900029182434,1545.85205078125,1.2625327371738846,True,444,83,35,0.00021412037037037038,4.0027006172839503e-05,1.6878858024691356e-05,/home/jshong/Code/unfied-sr-denoise-platform/results/mc_g105_analysis/flat_dark_first/maps/morning_sunny_flat_1x_temporal_std.png,/home/jshong/Code/unfied-sr-denoise-platform/results/mc_g105_analysis/flat_dark_first/maps/morning_sunny_flat_1x_hot_persistence.png,/home/jshong/Code/unfied-sr-denoise-platform/results/mc_g105_analysis/flat_dark_first/maps/morning_sunny_flat_1x_hot_fixed_mask.png,/home/jshong/Code/unfied-sr-denoise-platform/results/mc_g105_analysis/flat_dark_first/maps/morning_sunny_flat_1x_flat_shading.png,/home/jshong/Code/unfied-sr-denoise-platform/results/mc_g105_analysis/flat_dark_first/maps/morning_sunny_flat_1x_flat_green_excess.png
/home/jshong/Code/unfied-sr-denoise-platform/results/mc_g105_capture_frames/morning/sunny/flat/1x/frame_0206.png,morning/sunny/flat/1x/frame_0206.png,morning,sunny,flat,calibration_flat,1x,frame_0206,206,morning/sunny/flat/1x,1920,1080,150.38710021972656,150.38710021972656,150.3787841796875,11.317187309265137,11.317187309265137,11.31859302520752,150.38710021972656,11.317187309265137,128.0,127.99581909179688,0.0,0.073977530002594,0.0,-0.0083160400390625,0.9999999933504936,1.000055293970018,0.00415802001953125,2.7648780951340224e-05,0.016143856570124626,0.03316068672839506,494.2691345214844,0.0,0.0,0.0007204861111111111,1494,0.0,0.0,0.0,0.0,0.0,0.0,0.0,0.18930544444825628,152.2415313720703,147.8406524658203,1.029767711404681,0.9999999934314902,0.9999999934314902,50,9.503158569335938,8.87819766998291,13.885300636291504,60.01660919189453,0.5202368497848511,2.0466766357421875,0.47882080078125,0.0,5.53131103515625e-05,0.00417327880859375,0.2676900029182434,1545.85205078125,1.2625327371738846,True,444,83,35,0.00021412037037037038,4.0027006172839503e-05,1.6878858024691356e-05,/home/jshong/Code/unfied-sr-denoise-platform/results/mc_g105_analysis/flat_dark_first/maps/morning_sunny_flat_1x_temporal_std.png,/home/jshong/Code/unfied-sr-denoise-platform/results/mc_g105_analysis/flat_dark_first/maps/morning_sunny_flat_1x_hot_persistence.png,/home/jshong/Code/unfied-sr-denoise-platform/results/mc_g105_analysis/flat_dark_first/maps/morning_sunny_flat_1x_hot_fixed_mask.png,/home/jshong/Code/unfied-sr-denoise-platform/results/mc_g105_analysis/flat_dark_first/maps/morning_sunny_flat_1x_flat_shading.png,/home/jshong/Code/unfied-sr-denoise-platform/results/mc_g105_analysis/flat_dark_first/maps/morning_sunny_flat_1x_flat_green_excess.png
/home/jshong/Code/unfied-sr-denoise-platform/results/mc_g105_capture_frames/morning/sunny/flat/1x/frame_0207.png,morning/sunny/flat/1x/frame_0207.png,morning,sunny,flat,calibration_flat,1x,frame_0207,207,morning/sunny/flat/1x,1920,1080,150.12164306640625,150.12164306640625,150.11514282226562,11.435975074768066,11.435975074768066,11.436546325683594,150.12164306640625,11.435975074768066,128.0,127.99675750732422,0.0,0.060692813247442245,0.0,-0.006500244140625,0.9999999933387353,1.0000432950598797,0.0032501220703125,2.1649923237416783e-05,0.015576670877635479,0.03955488040123457,512.1375122070312,0.0,0.0,0.0008111496913580247,1682,0.0,0.0,0.0,0.0,0.0,0.0,0.0,0.1896853735369386,151.92677307128906,147.48313903808594,1.0301297696269256,0.9999999934178817,0.9999999934178817,50,9.503158569335938,8.87819766998291,13.885300636291504,60.01660919189453,0.5202368497848511,2.0466766357421875,0.47882080078125,0.0,5.53131103515625e-05,0.00417327880859375,0.2676900029182434,1545.85205078125,1.2625327371738846,True,444,83,35,0.00021412037037037038,4.0027006172839503e-05,1.6878858024691356e-05,/home/jshong/Code/unfied-sr-denoise-platform/results/mc_g105_analysis/flat_dark_first/maps/morning_sunny_flat_1x_temporal_std.png,/home/jshong/Code/unfied-sr-denoise-platform/results/mc_g105_analysis/flat_dark_first/maps/morning_sunny_flat_1x_hot_persistence.png,/home/jshong/Code/unfied-sr-denoise-platform/results/mc_g105_analysis/flat_dark_first/maps/morning_sunny_flat_1x_hot_fixed_mask.png,/home/jshong/Code/unfied-sr-denoise-platform/results/mc_g105_analysis/flat_dark_first/maps/morning_sunny_flat_1x_flat_shading.png,/home/jshong/Code/unfied-sr-denoise-platform/results/mc_g105_analysis/flat_dark_first/maps/morning_sunny_flat_1x_flat_green_excess.png
/home/jshong/Code/unfied-sr-denoise-platform/results/mc_g105_capture_frames/morning/sunny/flat/1x/frame_0208.png,morning/sunny/flat/1x/frame_0208.png,morning,sunny,flat,calibration_flat,1x,frame_0208,208,morning/sunny/flat/1x,1920,1080,150.03529357910156,150.03529357910156,150.02883911132812,11.633203506469727,11.633203506469727,11.633679389953613,150.03529357910156,11.633203506469727,128.0,127.99675750732422,0.0,0.060692813247442245,0.0,-0.0064544677734375,0.9999999933349016,1.0000430148481363,0.00322723388671875,2.1509831375158787e-05,0.015576670877635479,0.046808449074074075,535.8567504882812,0.0,0.0,0.0008304398148148148,1722,0.0,0.0,0.0,0.0,0.0,0.0,0.0,0.1912103882688545,151.7894744873047,147.4720458984375,1.0292762437334348,0.999999993411928,0.999999993411928,50,9.503158569335938,8.87819766998291,13.885300636291504,60.01660919189453,0.5202368497848511,2.0466766357421875,0.47882080078125,0.0,5.53131103515625e-05,0.00417327880859375,0.2676900029182434,1545.85205078125,1.2625327371738846,True,444,83,35,0.00021412037037037038,4.0027006172839503e-05,1.6878858024691356e-05,/home/jshong/Code/unfied-sr-denoise-platform/results/mc_g105_analysis/flat_dark_first/maps/morning_sunny_flat_1x_temporal_std.png,/home/jshong/Code/unfied-sr-denoise-platform/results/mc_g105_analysis/flat_dark_first/maps/morning_sunny_flat_1x_hot_persistence.png,/home/jshong/Code/unfied-sr-denoise-platform/results/mc_g105_analysis/flat_dark_first/maps/morning_sunny_flat_1x_hot_fixed_mask.png,/home/jshong/Code/unfied-sr-denoise-platform/results/mc_g105_analysis/flat_dark_first/maps/morning_sunny_flat_1x_flat_shading.png,/home/jshong/Code/unfied-sr-denoise-platform/results/mc_g105_analysis/flat_dark_first/maps/morning_sunny_flat_1x_flat_green_excess.png
/home/jshong/Code/unfied-sr-denoise-platform/results/mc_g105_capture_frames/morning/sunny/flat/1x/frame_0209.png,morning/sunny/flat/1x/frame_0209.png,morning,sunny,flat,calibration_flat,1x,frame_0209,209,morning/sunny/flat/1x,1920,1080,149.9464569091797,149.9464569091797,149.93994140625,11.827303886413574,11.827303886413574,11.827686309814453,149.9464569091797,11.827303886413574,128.0,127.99674224853516,0.0,0.06081899628043175,0.0,-0.0065155029296875,0.9999999933309528,1.0000434474151794,0.00325775146484375,2.1726098170434416e-05,0.015607227571308613,0.05724537037037037,566.1293334960938,0.0,0.0,0.0008420138888888889,1746,0.0,0.0,0.0,0.0,0.0,0.0,0.0,0.19139190261650338,151.7504425048828,147.45338439941406,1.029141800263379,0.9999999934102335,0.9999999934102335,50,9.503158569335938,8.87819766998291,13.885300636291504,60.01660919189453,0.5202368497848511,2.0466766357421875,0.47882080078125,0.0,5.53131103515625e-05,0.00417327880859375,0.2676900029182434,1545.85205078125,1.2625327371738846,True,444,83,35,0.00021412037037037038,4.0027006172839503e-05,1.6878858024691356e-05,/home/jshong/Code/unfied-sr-denoise-platform/results/mc_g105_analysis/flat_dark_first/maps/morning_sunny_flat_1x_temporal_std.png,/home/jshong/Code/unfied-sr-denoise-platform/results/mc_g105_analysis/flat_dark_first/maps/morning_sunny_flat_1x_hot_persistence.png,/home/jshong/Code/unfied-sr-denoise-platform/results/mc_g105_analysis/flat_dark_first/maps/morning_sunny_flat_1x_hot_fixed_mask.png,/home/jshong/Code/unfied-sr-denoise-platform/results/mc_g105_analysis/flat_dark_first/maps/morning_sunny_flat_1x_flat_shading.png,/home/jshong/Code/unfied-sr-denoise-platform/results/mc_g105_analysis/flat_dark_first/maps/morning_sunny_flat_1x_flat_green_excess.png
/home/jshong/Code/unfied-sr-denoise-platform/results/mc_g105_capture_frames/morning/sunny/flat/1x/frame_0210.png,morning/sunny/flat/1x/frame_0210.png,morning,sunny,flat,calibration_flat,1x,frame_0210,210,morning/sunny/flat/1x,1920,1080,149.84249877929688,149.84249877929688,149.84249877929688,14.370314598083496,14.370314598083496,14.370314598083496,149.84249877929688,14.370314598083496,128.0,128.0,0.0,0.0,0.0,0.0,0.9999999933263259,0.9999999933263259,0.0,0.0,0.0,0.1846166087962963,1281.446044921875,0.0,0.0,0.0010460069444444445,2169,0.0,0.0,0.0,0.0,0.0,0.0,0.0,0.19351135693627344,151.70050048828125,147.24270629882812,1.030275137364909,0.999999993408064,0.999999993408064,50,9.503158569335938,8.87819766998291,13.885300636291504,60.01660919189453,0.5202368497848511,2.0466766357421875,0.47882080078125,0.0,5.53131103515625e-05,0.00417327880859375,0.2676900029182434,1545.85205078125,1.2625327371738846,True,444,83,35,0.00021412037037037038,4.0027006172839503e-05,1.6878858024691356e-05,/home/jshong/Code/unfied-sr-denoise-platform/results/mc_g105_analysis/flat_dark_first/maps/morning_sunny_flat_1x_temporal_std.png,/home/jshong/Code/unfied-sr-denoise-platform/results/mc_g105_analysis/flat_dark_first/maps/morning_sunny_flat_1x_hot_persistence.png,/home/jshong/Code/unfied-sr-denoise-platform/results/mc_g105_analysis/flat_dark_first/maps/morning_sunny_flat_1x_hot_fixed_mask.png,/home/jshong/Code/unfied-sr-denoise-platform/results/mc_g105_analysis/flat_dark_first/maps/morning_sunny_flat_1x_flat_shading.png,/home/jshong/Code/unfied-sr-denoise-platform/results/mc_g105_analysis/flat_dark_first/maps/morning_sunny_flat_1x_flat_green_excess.png
/home/jshong/Code/unfied-sr-denoise-platform/results/mc_g105_capture_frames/morning/sunny/flat/1x/frame_0211.png,morning/sunny/flat/1x/frame_0211.png,morning,sunny,flat,calibration_flat,1x,frame_0211,211,morning/sunny/flat/1x,1920,1080,149.6580352783203,149.6580352783203,149.6580352783203,13.472352981567383,13.472352981567383,13.472352981567383,149.6580352783203,13.472352981567383,128.0,128.0,0.0,0.0,0.0,0.0,0.9999999933181002,0.9999999933181002,0.0,0.0,0.0,0.13530623070987655,921.8528442382812,0.0,0.0,0.000814525462962963,1689,0.0,0.0,0.0,0.0,0.0,0.0,0.0,0.19339342167800425,151.47242736816406,147.13392639160156,1.0294867407774377,0.9999999933981385,0.9999999933981385,50,9.503158569335938,8.87819766998291,13.885300636291504,60.01660919189453,0.5202368497848511,2.0466766357421875,0.47882080078125,0.0,5.53131103515625e-05,0.00417327880859375,0.2676900029182434,1545.85205078125,1.2625327371738846,True,444,83,35,0.00021412037037037038,4.0027006172839503e-05,1.6878858024691356e-05,/home/jshong/Code/unfied-sr-denoise-platform/results/mc_g105_analysis/flat_dark_first/maps/morning_sunny_flat_1x_temporal_std.png,/home/jshong/Code/unfied-sr-denoise-platform/results/mc_g105_analysis/flat_dark_first/maps/morning_sunny_flat_1x_hot_persistence.png,/home/jshong/Code/unfied-sr-denoise-platform/results/mc_g105_analysis/flat_dark_first/maps/morning_sunny_flat_1x_hot_fixed_mask.png,/home/jshong/Code/unfied-sr-denoise-platform/results/mc_g105_analysis/flat_dark_first/maps/morning_sunny_flat_1x_flat_shading.png,/home/jshong/Code/unfied-sr-denoise-platform/results/mc_g105_analysis/flat_dark_first/maps/morning_sunny_flat_1x_flat_green_excess.png
/home/jshong/Code/unfied-sr-denoise-platform/results/mc_g105_capture_frames/morning/sunny/flat/1x/frame_0212.png,morning/sunny/flat/1x/frame_0212.png,morning,sunny,flat,calibration_flat,1x,frame_0212,212,morning/sunny/flat/1x,1920,1080,149.887939453125,149.887939453125,149.887939453125,13.027792930603027,13.027792930603027,13.027792930603027,149.887939453125,13.027792930603027,128.0,128.0,0.0,0.0,0.0,0.0,0.9999999933283492,0.9999999933283492,0.0,0.0,0.0,0.11052662037037037,766.6322021484375,0.0,0.0,0.0010416666666666667,2160,0.0,0.0,0.0,0.0,0.0,0.0,0.0,0.1939925537887925,151.74095153808594,147.27243041992188,1.0303418642245599,0.9999999934098213,0.9999999934098213,50,9.503158569335938,8.87819766998291,13.885300636291504,60.01660919189453,0.5202368497848511,2.0466766357421875,0.47882080078125,0.0,5.53131103515625e-05,0.00417327880859375,0.2676900029182434,1545.85205078125,1.2625327371738846,True,444,83,35,0.00021412037037037038,4.0027006172839503e-05,1.6878858024691356e-05,/home/jshong/Code/unfied-sr-denoise-platform/results/mc_g105_analysis/flat_dark_first/maps/morning_sunny_flat_1x_temporal_std.png,/home/jshong/Code/unfied-sr-denoise-platform/results/mc_g105_analysis/flat_dark_first/maps/morning_sunny_flat_1x_hot_persistence.png,/home/jshong/Code/unfied-sr-denoise-platform/results/mc_g105_analysis/flat_dark_first/maps/morning_sunny_flat_1x_hot_fixed_mask.png,/home/jshong/Code/unfied-sr-denoise-platform/results/mc_g105_analysis/flat_dark_first/maps/morning_sunny_flat_1x_flat_shading.png,/home/jshong/Code/unfied-sr-denoise-platform/results/mc_g105_analysis/flat_dark_first/maps/morning_sunny_flat_1x_flat_green_excess.png
/home/jshong/Code/unfied-sr-denoise-platform/results/mc_g105_capture_frames/morning/sunny/flat/1x/frame_0213.png,morning/sunny/flat/1x/frame_0213.png,morning,sunny,flat,calibration_flat,1x,frame_0213,213,morning/sunny/flat/1x,1920,1080,150.06350708007812,150.06350708007812,150.06350708007812,13.495903968811035,13.495903968811035,13.495903968811035,150.06350708007812,13.495903968811035,128.0,128.0,0.0,0.0,0.0,0.0,0.9999999933361547,0.9999999933361547,0.0,0.0,0.0,0.1378486689814815,890.8963012695312,0.0,0.0,0.000951003086419753,1972,0.0,0.0,0.0,0.0,0.0,0.0,0.0,0.19361285903239356,151.92247009277344,147.45901489257812,1.0302691169690625,0.9999999934176953,0.9999999934176953,50,9.503158569335938,8.87819766998291,13.885300636291504,60.01660919189453,0.5202368497848511,2.0466766357421875,0.47882080078125,0.0,5.53131103515625e-05,0.00417327880859375,0.2676900029182434,1545.85205078125,1.2625327371738846,True,444,83,35,0.00021412037037037038,4.0027006172839503e-05,1.6878858024691356e-05,/home/jshong/Code/unfied-sr-denoise-platform/results/mc_g105_analysis/flat_dark_first/maps/morning_sunny_flat_1x_temporal_std.png,/home/jshong/Code/unfied-sr-denoise-platform/results/mc_g105_analysis/flat_dark_first/maps/morning_sunny_flat_1x_hot_persistence.png,/home/jshong/Code/unfied-sr-denoise-platform/results/mc_g105_analysis/flat_dark_first/maps/morning_sunny_flat_1x_hot_fixed_mask.png,/home/jshong/Code/unfied-sr-denoise-platform/results/mc_g105_analysis/flat_dark_first/maps/morning_sunny_flat_1x_flat_shading.png,/home/jshong/Code/unfied-sr-denoise-platform/results/mc_g105_analysis/flat_dark_first/maps/morning_sunny_flat_1x_flat_green_excess.png
/home/jshong/Code/unfied-sr-denoise-platform/results/mc_g105_capture_frames/morning/sunny/flat/1x/frame_0214.png,morning/sunny/flat/1x/frame_0214.png,morning,sunny,flat,calibration_flat,1x,frame_0214,214,morning/sunny/flat/1x,1920,1080,150.214599609375,150.214599609375,150.214599609375,13.66734790802002,13.66734790802002,13.66734790802002,150.214599609375,13.66734790802002,128.0,128.0,0.0,0.0,0.0,0.0,0.9999999933428575,0.9999999933428575,0.0,0.0,0.0,0.14895736882716049,927.5204467773438,0.0,0.0,0.0009399112654320988,1949,0.0,0.0,0.0,0.0,0.0,0.0,0.0,0.19319408678336467,152.18130493164062,147.60784912109375,1.0309838183185713,0.9999999934288907,0.9999999934288907,50,9.503158569335938,8.87819766998291,13.885300636291504,60.01660919189453,0.5202368497848511,2.0466766357421875,0.47882080078125,0.0,5.53131103515625e-05,0.00417327880859375,0.2676900029182434,1545.85205078125,1.2625327371738846,True,444,83,35,0.00021412037037037038,4.0027006172839503e-05,1.6878858024691356e-05,/home/jshong/Code/unfied-sr-denoise-platform/results/mc_g105_analysis/flat_dark_first/maps/morning_sunny_flat_1x_temporal_std.png,/home/jshong/Code/unfied-sr-denoise-platform/results/mc_g105_analysis/flat_dark_first/maps/morning_sunny_flat_1x_hot_persistence.png,/home/jshong/Code/unfied-sr-denoise-platform/results/mc_g105_analysis/flat_dark_first/maps/morning_sunny_flat_1x_hot_fixed_mask.png,/home/jshong/Code/unfied-sr-denoise-platform/results/mc_g105_analysis/flat_dark_first/maps/morning_sunny_flat_1x_flat_shading.png,/home/jshong/Code/unfied-sr-denoise-platform/results/mc_g105_analysis/flat_dark_first/maps/morning_sunny_flat_1x_flat_green_excess.png
/home/jshong/Code/unfied-sr-denoise-platform/results/mc_g105_capture_frames/morning/sunny/flat/1x/frame_0215.png,morning/sunny/flat/1x/frame_0215.png,morning,sunny,flat,calibration_flat,1x,frame_0215,215,morning/sunny/flat/1x,1920,1080,150.3899383544922,150.3899383544922,150.3899383544922,13.149083137512207,13.149083137512207,13.149083137512207,150.3899383544922,13.149083137512207,128.0,128.0,0.0,0.0,0.0,0.0,0.9999999933506191,0.9999999933506191,0.0,0.0,0.0,0.12103684413580247,752.6552124023438,0.0,0.0,0.0009611304012345679,1993,0.0,4.822530864197531e-07,0.0,4.822530864197531e-07,4.822530864197531e-07,4.822530864197531e-07,4.822530864197531e-07,0.19189495775507875,152.33042907714844,147.78805541992188,1.0307357222718998,0.9999999934353235,0.9999999934353235,50,9.503158569335938,8.87819766998291,13.885300636291504,60.01660919189453,0.5202368497848511,2.0466766357421875,0.47882080078125,0.0,5.53131103515625e-05,0.00417327880859375,0.2676900029182434,1545.85205078125,1.2625327371738846,True,444,83,35,0.00021412037037037038,4.0027006172839503e-05,1.6878858024691356e-05,/home/jshong/Code/unfied-sr-denoise-platform/results/mc_g105_analysis/flat_dark_first/maps/morning_sunny_flat_1x_temporal_std.png,/home/jshong/Code/unfied-sr-denoise-platform/results/mc_g105_analysis/flat_dark_first/maps/morning_sunny_flat_1x_hot_persistence.png,/home/jshong/Code/unfied-sr-denoise-platform/results/mc_g105_analysis/flat_dark_first/maps/morning_sunny_flat_1x_hot_fixed_mask.png,/home/jshong/Code/unfied-sr-denoise-platform/results/mc_g105_analysis/flat_dark_first/maps/morning_sunny_flat_1x_flat_shading.png,/home/jshong/Code/unfied-sr-denoise-platform/results/mc_g105_analysis/flat_dark_first/maps/morning_sunny_flat_1x_flat_green_excess.png
/home/jshong/Code/unfied-sr-denoise-platform/results/mc_g105_capture_frames/morning/sunny/flat/1x/frame_0216.png,morning/sunny/flat/1x/frame_0216.png,morning,sunny,flat,calibration_flat,1x,frame_0216,216,morning/sunny/flat/1x,1920,1080,150.55421447753906,150.55421447753906,150.55421447753906,13.174918174743652,13.174918174743652,13.174918174743652,150.55421447753906,13.174918174743652,128.0,128.0,0.0,0.0,0.0,0.0,0.9999999933578745,0.9999999933578745,0.0,0.0,0.0,0.12297019675925926,748.5897827148438,0.0,0.0,0.0008878279320987655,1841,0.0,0.0,0.0,0.0,0.0,0.0,0.0,0.1920314436654576,152.44493103027344,147.90330505371094,1.0307067170960547,0.9999999934402543,0.9999999934402543,50,9.503158569335938,8.87819766998291,13.885300636291504,60.01660919189453,0.5202368497848511,2.0466766357421875,0.47882080078125,0.0,5.53131103515625e-05,0.00417327880859375,0.2676900029182434,1545.85205078125,1.2625327371738846,True,444,83,35,0.00021412037037037038,4.0027006172839503e-05,1.6878858024691356e-05,/home/jshong/Code/unfied-sr-denoise-platform/results/mc_g105_analysis/flat_dark_first/maps/morning_sunny_flat_1x_temporal_std.png,/home/jshong/Code/unfied-sr-denoise-platform/results/mc_g105_analysis/flat_dark_first/maps/morning_sunny_flat_1x_hot_persistence.png,/home/jshong/Code/unfied-sr-denoise-platform/results/mc_g105_analysis/flat_dark_first/maps/morning_sunny_flat_1x_hot_fixed_mask.png,/home/jshong/Code/unfied-sr-denoise-platform/results/mc_g105_analysis/flat_dark_first/maps/morning_sunny_flat_1x_flat_shading.png,/home/jshong/Code/unfied-sr-denoise-platform/results/mc_g105_analysis/flat_dark_first/maps/morning_sunny_flat_1x_flat_green_excess.png
/home/jshong/Code/unfied-sr-denoise-platform/results/mc_g105_capture_frames/morning/sunny/flat/1x/frame_0217.png,morning/sunny/flat/1x/frame_0217.png,morning,sunny,flat,calibration_flat,1x,frame_0217,217,morning/sunny/flat/1x,1920,1080,150.65975952148438,150.65975952148438,150.65975952148438,13.278557777404785,13.278557777404785,13.278557777404785,150.65975952148438,13.278557777404785,128.0,128.0,0.0,0.0,0.0,0.0,0.9999999933625277,0.9999999933625277,0.0,0.0,0.0,0.12430073302469136,749.231201171875,0.0,0.0,0.0010247878086419753,2125,0.0,0.0,0.0,0.0,0.0,0.0,0.0,0.196413399932695,152.5560302734375,147.91854858398438,1.0313515830333375,0.9999999934450314,0.9999999934450314,50,9.503158569335938,8.87819766998291,13.885300636291504,60.01660919189453,0.5202368497848511,2.0466766357421875,0.47882080078125,0.0,5.53131103515625e-05,0.00417327880859375,0.2676900029182434,1545.85205078125,1.2625327371738846,True,444,83,35,0.00021412037037037038,4.0027006172839503e-05,1.6878858024691356e-05,/home/jshong/Code/unfied-sr-denoise-platform/results/mc_g105_analysis/flat_dark_first/maps/morning_sunny_flat_1x_temporal_std.png,/home/jshong/Code/unfied-sr-denoise-platform/results/mc_g105_analysis/flat_dark_first/maps/morning_sunny_flat_1x_hot_persistence.png,/home/jshong/Code/unfied-sr-denoise-platform/results/mc_g105_analysis/flat_dark_first/maps/morning_sunny_flat_1x_hot_fixed_mask.png,/home/jshong/Code/unfied-sr-denoise-platform/results/mc_g105_analysis/flat_dark_first/maps/morning_sunny_flat_1x_flat_shading.png,/home/jshong/Code/unfied-sr-denoise-platform/results/mc_g105_analysis/flat_dark_first/maps/morning_sunny_flat_1x_flat_green_excess.png
/home/jshong/Code/unfied-sr-denoise-platform/results/mc_g105_capture_frames/morning/sunny/flat/1x/frame_0218.png,morning/sunny/flat/1x/frame_0218.png,morning,sunny,flat,calibration_flat,1x,frame_0218,218,morning/sunny/flat/1x,1920,1080,150.8220977783203,150.8220977783203,150.8220977783203,14.20047664642334,14.20047664642334,14.20047664642334,150.8220977783203,14.20047664642334,128.0,128.0,0.0,0.0,0.0,0.0,0.9999999933696719,0.9999999933696719,0.0,0.0,0.0,0.16805025077160493,1019.1998901367188,0.0,0.0,0.0009239969135802469,1916,0.0,4.822530864197531e-07,0.0,4.822530864197531e-07,4.822530864197531e-07,4.822530864197531e-07,4.822530864197531e-07,0.19645103316809057,152.69956970214844,148.04127502441406,1.0314661816138775,0.9999999934511932,0.9999999934511932,50,9.503158569335938,8.87819766998291,13.885300636291504,60.01660919189453,0.5202368497848511,2.0466766357421875,0.47882080078125,0.0,5.53131103515625e-05,0.00417327880859375,0.2676900029182434,1545.85205078125,1.2625327371738846,True,444,83,35,0.00021412037037037038,4.0027006172839503e-05,1.6878858024691356e-05,/home/jshong/Code/unfied-sr-denoise-platform/results/mc_g105_analysis/flat_dark_first/maps/morning_sunny_flat_1x_temporal_std.png,/home/jshong/Code/unfied-sr-denoise-platform/results/mc_g105_analysis/flat_dark_first/maps/morning_sunny_flat_1x_hot_persistence.png,/home/jshong/Code/unfied-sr-denoise-platform/results/mc_g105_analysis/flat_dark_first/maps/morning_sunny_flat_1x_hot_fixed_mask.png,/home/jshong/Code/unfied-sr-denoise-platform/results/mc_g105_analysis/flat_dark_first/maps/morning_sunny_flat_1x_flat_shading.png,/home/jshong/Code/unfied-sr-denoise-platform/results/mc_g105_analysis/flat_dark_first/maps/morning_sunny_flat_1x_flat_green_excess.png
/home/jshong/Code/unfied-sr-denoise-platform/results/mc_g105_capture_frames/morning/sunny/flat/1x/frame_0219.png,morning/sunny/flat/1x/frame_0219.png,morning,sunny,flat,calibration_flat,1x,frame_0219,219,morning/sunny/flat/1x,1920,1080,150.95611572265625,150.95611572265625,150.95611572265625,14.331257820129395,14.331257820129395,14.331257820129395,150.95611572265625,14.331257820129395,128.0,128.0,0.0,0.0,0.0,0.0,0.9999999933755582,0.9999999933755582,0.0,0.0,0.0,0.17535976080246912,1047.0372314453125,0.0,0.0,0.0011361882716049382,2356,0.0,4.822530864197531e-07,0.0,4.822530864197531e-07,4.822530864197531e-07,4.822530864197531e-07,4.822530864197531e-07,0.19534263816519304,152.79359436035156,148.2344207763672,1.0307565039843616,0.9999999934552231,0.9999999934552231,50,9.503158569335938,8.87819766998291,13.885300636291504,60.01660919189453,0.5202368497848511,2.0466766357421875,0.47882080078125,0.0,5.53131103515625e-05,0.00417327880859375,0.2676900029182434,1545.85205078125,1.2625327371738846,True,444,83,35,0.00021412037037037038,4.0027006172839503e-05,1.6878858024691356e-05,/home/jshong/Code/unfied-sr-denoise-platform/results/mc_g105_analysis/flat_dark_first/maps/morning_sunny_flat_1x_temporal_std.png,/home/jshong/Code/unfied-sr-denoise-platform/results/mc_g105_analysis/flat_dark_first/maps/morning_sunny_flat_1x_hot_persistence.png,/home/jshong/Code/unfied-sr-denoise-platform/results/mc_g105_analysis/flat_dark_first/maps/morning_sunny_flat_1x_hot_fixed_mask.png,/home/jshong/Code/unfied-sr-denoise-platform/results/mc_g105_analysis/flat_dark_first/maps/morning_sunny_flat_1x_flat_shading.png,/home/jshong/Code/unfied-sr-denoise-platform/results/mc_g105_analysis/flat_dark_first/maps/morning_sunny_flat_1x_flat_green_excess.png
/home/jshong/Code/unfied-sr-denoise-platform/results/mc_g105_capture_frames/morning/sunny/flat/1x/frame_0220.png,morning/sunny/flat/1x/frame_0220.png,morning,sunny,flat,calibration_flat,1x,frame_0220,220,morning/sunny/flat/1x,1920,1080,151.01454162597656,151.01454162597656,151.01454162597656,13.962121963500977,13.962121963500977,13.962121963500977,151.01454162597656,13.962121963500977,128.0,128.0,0.0,0.0,0.0,0.0,0.9999999933781212,0.9999999933781212,0.0,0.0,0.0,0.15342110339506174,902.6053466796875,0.0,0.0,0.0011250964506172838,2333,0.0,4.822530864197531e-07,0.0,4.822530864197531e-07,4.822530864197531e-07,4.822530864197531e-07,4.822530864197531e-07,0.1979983521213379,152.9267578125,148.37254333496094,1.0306944488817125,0.999999993460922,0.999999993460922,50,9.503158569335938,8.87819766998291,13.885300636291504,60.01660919189453,0.5202368497848511,2.0466766357421875,0.47882080078125,0.0,5.53131103515625e-05,0.00417327880859375,0.2676900029182434,1545.85205078125,1.2625327371738846,True,444,83,35,0.00021412037037037038,4.0027006172839503e-05,1.6878858024691356e-05,/home/jshong/Code/unfied-sr-denoise-platform/results/mc_g105_analysis/flat_dark_first/maps/morning_sunny_flat_1x_temporal_std.png,/home/jshong/Code/unfied-sr-denoise-platform/results/mc_g105_analysis/flat_dark_first/maps/morning_sunny_flat_1x_hot_persistence.png,/home/jshong/Code/unfied-sr-denoise-platform/results/mc_g105_analysis/flat_dark_first/maps/morning_sunny_flat_1x_hot_fixed_mask.png,/home/jshong/Code/unfied-sr-denoise-platform/results/mc_g105_analysis/flat_dark_first/maps/morning_sunny_flat_1x_flat_shading.png,/home/jshong/Code/unfied-sr-denoise-platform/results/mc_g105_analysis/flat_dark_first/maps/morning_sunny_flat_1x_flat_green_excess.png
/home/jshong/Code/unfied-sr-denoise-platform/results/mc_g105_capture_frames/morning/sunny/flat/1x/frame_0221.png,morning/sunny/flat/1x/frame_0221.png,morning,sunny,flat,calibration_flat,1x,frame_0221,221,morning/sunny/flat/1x,1920,1080,151.04425048828125,151.04425048828125,151.04425048828125,14.070243835449219,14.070243835449219,14.070243835449219,151.04425048828125,14.070243835449219,128.0,128.0,0.0,0.0,0.0,0.0,0.9999999933794237,0.9999999933794237,0.0,0.0,0.0,0.15341869212962964,910.8809814453125,0.0,0.0,0.0010093557098765432,2093,0.0,9.645061728395062e-07,0.0,9.645061728395062e-07,9.645061728395062e-07,9.645061728395062e-07,9.645061728395062e-07,0.20040011876736033,152.98370361328125,148.3619384765625,1.0311519528055837,0.9999999934633561,0.9999999934633561,50,9.503158569335938,8.87819766998291,13.885300636291504,60.01660919189453,0.5202368497848511,2.0466766357421875,0.47882080078125,0.0,5.53131103515625e-05,0.00417327880859375,0.2676900029182434,1545.85205078125,1.2625327371738846,True,444,83,35,0.00021412037037037038,4.0027006172839503e-05,1.6878858024691356e-05,/home/jshong/Code/unfied-sr-denoise-platform/results/mc_g105_analysis/flat_dark_first/maps/morning_sunny_flat_1x_temporal_std.png,/home/jshong/Code/unfied-sr-denoise-platform/results/mc_g105_analysis/flat_dark_first/maps/morning_sunny_flat_1x_hot_persistence.png,/home/jshong/Code/unfied-sr-denoise-platform/results/mc_g105_analysis/flat_dark_first/maps/morning_sunny_flat_1x_hot_fixed_mask.png,/home/jshong/Code/unfied-sr-denoise-platform/results/mc_g105_analysis/flat_dark_first/maps/morning_sunny_flat_1x_flat_shading.png,/home/jshong/Code/unfied-sr-denoise-platform/results/mc_g105_analysis/flat_dark_first/maps/morning_sunny_flat_1x_flat_green_excess.png
/home/jshong/Code/unfied-sr-denoise-platform/results/mc_g105_capture_frames/morning/sunny/flat/1x/frame_0222.png,morning/sunny/flat/1x/frame_0222.png,morning,sunny,flat,calibration_flat,1x,frame_0222,222,morning/sunny/flat/1x,1920,1080,151.08441162109375,151.08441162109375,151.08441162109375,14.966337203979492,14.966337203979492,14.966337203979492,151.08441162109375,14.966337203979492,128.0,128.0,0.0,0.0,0.0,0.0,0.9999999933811835,0.9999999933811835,0.0,0.0,0.0,0.1975390625,1191.9573974609375,0.0,0.0,0.001101466049382716,2284,0.0,4.822530864197531e-07,0.0,4.822530864197531e-07,4.822530864197531e-07,4.822530864197531e-07,4.822530864197531e-07,0.20027497671314437,153.04818725585938,148.34854125976562,1.0316797517825584,0.9999999934661102,0.9999999934661102,50,9.503158569335938,8.87819766998291,13.885300636291504,60.01660919189453,0.5202368497848511,2.0466766357421875,0.47882080078125,0.0,5.53131103515625e-05,0.00417327880859375,0.2676900029182434,1545.85205078125,1.2625327371738846,True,444,83,35,0.00021412037037037038,4.0027006172839503e-05,1.6878858024691356e-05,/home/jshong/Code/unfied-sr-denoise-platform/results/mc_g105_analysis/flat_dark_first/maps/morning_sunny_flat_1x_temporal_std.png,/home/jshong/Code/unfied-sr-denoise-platform/results/mc_g105_analysis/flat_dark_first/maps/morning_sunny_flat_1x_hot_persistence.png,/home/jshong/Code/unfied-sr-denoise-platform/results/mc_g105_analysis/flat_dark_first/maps/morning_sunny_flat_1x_hot_fixed_mask.png,/home/jshong/Code/unfied-sr-denoise-platform/results/mc_g105_analysis/flat_dark_first/maps/morning_sunny_flat_1x_flat_shading.png,/home/jshong/Code/unfied-sr-denoise-platform/results/mc_g105_analysis/flat_dark_first/maps/morning_sunny_flat_1x_flat_green_excess.png
/home/jshong/Code/unfied-sr-denoise-platform/results/mc_g105_capture_frames/morning/sunny/flat/1x/frame_0223.png,morning/sunny/flat/1x/frame_0223.png,morning,sunny,flat,calibration_flat,1x,frame_0223,223,morning/sunny/flat/1x,1920,1080,151.13064575195312,151.13064575195312,151.13064575195312,15.171940803527832,15.171940803527832,15.171940803527832,151.13064575195312,15.171940803527832,128.0,128.0,0.0,0.0,0.0,0.0,0.9999999933832083,0.9999999933832083,0.0,0.0,0.0,0.20566261574074074,1247.7489013671875,0.0,0.0,0.0010788001543209876,2237,0.0,4.822530864197531e-07,0.0,4.822530864197531e-07,4.822530864197531e-07,4.822530864197531e-07,4.822530864197531e-07,0.20068083222843852,153.0804443359375,148.40869140625,1.0314789642974496,0.999999993467487,0.999999993467487,50,9.503158569335938,8.87819766998291,13.885300636291504,60.01660919189453,0.5202368497848511,2.0466766357421875,0.47882080078125,0.0,5.53131103515625e-05,0.00417327880859375,0.2676900029182434,1545.85205078125,1.2625327371738846,True,444,83,35,0.00021412037037037038,4.0027006172839503e-05,1.6878858024691356e-05,/home/jshong/Code/unfied-sr-denoise-platform/results/mc_g105_analysis/flat_dark_first/maps/morning_sunny_flat_1x_temporal_std.png,/home/jshong/Code/unfied-sr-denoise-platform/results/mc_g105_analysis/flat_dark_first/maps/morning_sunny_flat_1x_hot_persistence.png,/home/jshong/Code/unfied-sr-denoise-platform/results/mc_g105_analysis/flat_dark_first/maps/morning_sunny_flat_1x_hot_fixed_mask.png,/home/jshong/Code/unfied-sr-denoise-platform/results/mc_g105_analysis/flat_dark_first/maps/morning_sunny_flat_1x_flat_shading.png,/home/jshong/Code/unfied-sr-denoise-platform/results/mc_g105_analysis/flat_dark_first/maps/morning_sunny_flat_1x_flat_green_excess.png
/home/jshong/Code/unfied-sr-denoise-platform/results/mc_g105_capture_frames/morning/sunny/flat/1x/frame_0224.png,morning/sunny/flat/1x/frame_0224.png,morning,sunny,flat,calibration_flat,1x,frame_0224,224,morning/sunny/flat/1x,1920,1080,151.29241943359375,151.29241943359375,151.29241943359375,14.804427146911621,14.804427146911621,14.804427146911621,151.29241943359375,14.804427146911621,128.0,128.0,0.0,0.0,0.0,0.0,0.9999999933902836,0.9999999933902836,0.0,0.0,0.0,0.18455488040123458,1082.4725341796875,0.0,0.0,0.0011159336419753086,2314,0.0,4.822530864197531e-07,0.0,4.822530864197531e-07,4.822530864197531e-07,4.822530864197531e-07,4.822530864197531e-07,0.20194474189439615,153.21487426757812,148.6181640625,1.030929659258981,0.9999999934732186,0.9999999934732186,50,9.503158569335938,8.87819766998291,13.885300636291504,60.01660919189453,0.5202368497848511,2.0466766357421875,0.47882080078125,0.0,5.53131103515625e-05,0.00417327880859375,0.2676900029182434,1545.85205078125,1.2625327371738846,True,444,83,35,0.00021412037037037038,4.0027006172839503e-05,1.6878858024691356e-05,/home/jshong/Code/unfied-sr-denoise-platform/results/mc_g105_analysis/flat_dark_first/maps/morning_sunny_flat_1x_temporal_std.png,/home/jshong/Code/unfied-sr-denoise-platform/results/mc_g105_analysis/flat_dark_first/maps/morning_sunny_flat_1x_hot_persistence.png,/home/jshong/Code/unfied-sr-denoise-platform/results/mc_g105_analysis/flat_dark_first/maps/morning_sunny_flat_1x_hot_fixed_mask.png,/home/jshong/Code/unfied-sr-denoise-platform/results/mc_g105_analysis/flat_dark_first/maps/morning_sunny_flat_1x_flat_shading.png,/home/jshong/Code/unfied-sr-denoise-platform/results/mc_g105_analysis/flat_dark_first/maps/morning_sunny_flat_1x_flat_green_excess.png
/home/jshong/Code/unfied-sr-denoise-platform/results/mc_g105_capture_frames/morning/sunny/flat/1x/frame_0225.png,morning/sunny/flat/1x/frame_0225.png,morning,sunny,flat,calibration_flat,1x,frame_0225,225,morning/sunny/flat/1x,1920,1080,151.2290496826172,151.2290496826172,151.2290496826172,14.812651634216309,14.812651634216309,14.812651634216309,151.2290496826172,14.812651634216309,128.0,128.0,0.0,0.0,0.0,0.0,0.9999999933875139,0.9999999933875139,0.0,0.0,0.0,0.1798996913580247,1071.5596923828125,0.0,0.0,0.0011246141975308642,2332,0.0,0.0,0.0,0.0,0.0,0.0,0.0,0.20342512785205027,153.3312530517578,148.3242645263672,1.0337570356921846,0.9999999934781725,0.9999999934781725,50,9.503158569335938,8.87819766998291,13.885300636291504,60.01660919189453,0.5202368497848511,2.0466766357421875,0.47882080078125,0.0,5.53131103515625e-05,0.00417327880859375,0.2676900029182434,1545.85205078125,1.2625327371738846,True,444,83,35,0.00021412037037037038,4.0027006172839503e-05,1.6878858024691356e-05,/home/jshong/Code/unfied-sr-denoise-platform/results/mc_g105_analysis/flat_dark_first/maps/morning_sunny_flat_1x_temporal_std.png,/home/jshong/Code/unfied-sr-denoise-platform/results/mc_g105_analysis/flat_dark_first/maps/morning_sunny_flat_1x_hot_persistence.png,/home/jshong/Code/unfied-sr-denoise-platform/results/mc_g105_analysis/flat_dark_first/maps/morning_sunny_flat_1x_hot_fixed_mask.png,/home/jshong/Code/unfied-sr-denoise-platform/results/mc_g105_analysis/flat_dark_first/maps/morning_sunny_flat_1x_flat_shading.png,/home/jshong/Code/unfied-sr-denoise-platform/results/mc_g105_analysis/flat_dark_first/maps/morning_sunny_flat_1x_flat_green_excess.png
/home/jshong/Code/unfied-sr-denoise-platform/results/mc_g105_capture_frames/morning/sunny/flat/1x/frame_0226.png,morning/sunny/flat/1x/frame_0226.png,morning,sunny,flat,calibration_flat,1x,frame_0226,226,morning/sunny/flat/1x,1920,1080,151.18038940429688,151.18038940429688,151.18038940429688,15.663091659545898,15.663091659545898,15.663091659545898,151.18038940429688,15.663091659545898,128.0,128.0,0.0,0.0,0.0,0.0,0.9999999933853856,0.9999999933853856,0.0,0.0,0.0,0.21958478009259258,1358.82568359375,0.0,0.0,0.001002121913580247,2078,0.0,9.645061728395062e-07,0.0,9.645061728395062e-07,9.645061728395062e-07,9.645061728395062e-07,9.645061728395062e-07,0.20454550549277473,153.2692108154297,148.32867431640625,1.0333080268429862,0.9999999934755325,0.9999999934755325,50,9.503158569335938,8.87819766998291,13.885300636291504,60.01660919189453,0.5202368497848511,2.0466766357421875,0.47882080078125,0.0,5.53131103515625e-05,0.00417327880859375,0.2676900029182434,1545.85205078125,1.2625327371738846,True,444,83,35,0.00021412037037037038,4.0027006172839503e-05,1.6878858024691356e-05,/home/jshong/Code/unfied-sr-denoise-platform/results/mc_g105_analysis/flat_dark_first/maps/morning_sunny_flat_1x_temporal_std.png,/home/jshong/Code/unfied-sr-denoise-platform/results/mc_g105_analysis/flat_dark_first/maps/morning_sunny_flat_1x_hot_persistence.png,/home/jshong/Code/unfied-sr-denoise-platform/results/mc_g105_analysis/flat_dark_first/maps/morning_sunny_flat_1x_hot_fixed_mask.png,/home/jshong/Code/unfied-sr-denoise-platform/results/mc_g105_analysis/flat_dark_first/maps/morning_sunny_flat_1x_flat_shading.png,/home/jshong/Code/unfied-sr-denoise-platform/results/mc_g105_analysis/flat_dark_first/maps/morning_sunny_flat_1x_flat_green_excess.png
/home/jshong/Code/unfied-sr-denoise-platform/results/mc_g105_capture_frames/morning/sunny/flat/1x/frame_0227.png,morning/sunny/flat/1x/frame_0227.png,morning,sunny,flat,calibration_flat,1x,frame_0227,227,morning/sunny/flat/1x,1920,1080,151.1215362548828,151.1215362548828,151.1215362548828,15.892349243164062,15.892349243164062,15.892349243164062,151.1215362548828,15.892349243164062,128.0,128.0,0.0,0.0,0.0,0.0,0.9999999933828095,0.9999999933828095,0.0,0.0,0.0,0.22756655092592593,1399.7200927734375,0.0,0.0,0.0010942322530864198,2269,0.0,1.4467592592592592e-06,0.0,1.4467592592592592e-06,1.4467592592592592e-06,1.4467592592592592e-06,1.4467592592592592e-06,0.20576709175820496,153.30264282226562,148.1822509765625,1.0345546836912223,0.9999999934769553,0.9999999934769553,50,9.503158569335938,8.87819766998291,13.885300636291504,60.01660919189453,0.5202368497848511,2.0466766357421875,0.47882080078125,0.0,5.53131103515625e-05,0.00417327880859375,0.2676900029182434,1545.85205078125,1.2625327371738846,True,444,83,35,0.00021412037037037038,4.0027006172839503e-05,1.6878858024691356e-05,/home/jshong/Code/unfied-sr-denoise-platform/results/mc_g105_analysis/flat_dark_first/maps/morning_sunny_flat_1x_temporal_std.png,/home/jshong/Code/unfied-sr-denoise-platform/results/mc_g105_analysis/flat_dark_first/maps/morning_sunny_flat_1x_hot_persistence.png,/home/jshong/Code/unfied-sr-denoise-platform/results/mc_g105_analysis/flat_dark_first/maps/morning_sunny_flat_1x_hot_fixed_mask.png,/home/jshong/Code/unfied-sr-denoise-platform/results/mc_g105_analysis/flat_dark_first/maps/morning_sunny_flat_1x_flat_shading.png,/home/jshong/Code/unfied-sr-denoise-platform/results/mc_g105_analysis/flat_dark_first/maps/morning_sunny_flat_1x_flat_green_excess.png
/home/jshong/Code/unfied-sr-denoise-platform/results/mc_g105_capture_frames/morning/sunny/flat/1x/frame_0228.png,morning/sunny/flat/1x/frame_0228.png,morning,sunny,flat,calibration_flat,1x,frame_0228,228,morning/sunny/flat/1x,1920,1080,151.06712341308594,151.06712341308594,151.06712341308594,15.404460906982422,15.404460906982422,15.404460906982422,151.06712341308594,15.404460906982422,128.0,128.0,0.0,0.0,0.0,0.0,0.9999999933804261,0.9999999933804261,0.0,0.0,0.0,0.20208670910493828,1201.0621337890625,0.0,0.0,0.0010927854938271606,2266,0.0,0.0,0.0,0.0,0.0,0.0,0.0,0.20720076122580114,153.18939208984375,148.10980224609375,1.0342961014897167,0.9999999934721329,0.9999999934721329,50,9.503158569335938,8.87819766998291,13.885300636291504,60.01660919189453,0.5202368497848511,2.0466766357421875,0.47882080078125,0.0,5.53131103515625e-05,0.00417327880859375,0.2676900029182434,1545.85205078125,1.2625327371738846,True,444,83,35,0.00021412037037037038,4.0027006172839503e-05,1.6878858024691356e-05,/home/jshong/Code/unfied-sr-denoise-platform/results/mc_g105_analysis/flat_dark_first/maps/morning_sunny_flat_1x_temporal_std.png,/home/jshong/Code/unfied-sr-denoise-platform/results/mc_g105_analysis/flat_dark_first/maps/morning_sunny_flat_1x_hot_persistence.png,/home/jshong/Code/unfied-sr-denoise-platform/results/mc_g105_analysis/flat_dark_first/maps/morning_sunny_flat_1x_hot_fixed_mask.png,/home/jshong/Code/unfied-sr-denoise-platform/results/mc_g105_analysis/flat_dark_first/maps/morning_sunny_flat_1x_flat_shading.png,/home/jshong/Code/unfied-sr-denoise-platform/results/mc_g105_analysis/flat_dark_first/maps/morning_sunny_flat_1x_flat_green_excess.png
/home/jshong/Code/unfied-sr-denoise-platform/results/mc_g105_capture_frames/morning/sunny/flat/1x/frame_0229.png,morning/sunny/flat/1x/frame_0229.png,morning,sunny,flat,calibration_flat,1x,frame_0229,229,morning/sunny/flat/1x,1920,1080,151.09500122070312,151.09500122070312,151.09500122070312,15.380589485168457,15.380589485168457,15.380589485168457,151.09500122070312,15.380589485168457,128.0,128.0,0.0,0.0,0.0,0.0,0.9999999933816475,0.9999999933816475,0.0,0.0,0.0,0.1983979552469136,1196.7333984375,0.0,0.0,0.0011077353395061728,2297,0.0,0.0,0.0,0.0,0.0,0.0,0.0,0.2072512969753992,153.1929168701172,148.13189697265625,1.0341656251403406,0.9999999934722831,0.9999999934722831,50,9.503158569335938,8.87819766998291,13.885300636291504,60.01660919189453,0.5202368497848511,2.0466766357421875,0.47882080078125,0.0,5.53131103515625e-05,0.00417327880859375,0.2676900029182434,1545.85205078125,1.2625327371738846,True,444,83,35,0.00021412037037037038,4.0027006172839503e-05,1.6878858024691356e-05,/home/jshong/Code/unfied-sr-denoise-platform/results/mc_g105_analysis/flat_dark_first/maps/morning_sunny_flat_1x_temporal_std.png,/home/jshong/Code/unfied-sr-denoise-platform/results/mc_g105_analysis/flat_dark_first/maps/morning_sunny_flat_1x_hot_persistence.png,/home/jshong/Code/unfied-sr-denoise-platform/results/mc_g105_analysis/flat_dark_first/maps/morning_sunny_flat_1x_hot_fixed_mask.png,/home/jshong/Code/unfied-sr-denoise-platform/results/mc_g105_analysis/flat_dark_first/maps/morning_sunny_flat_1x_flat_shading.png,/home/jshong/Code/unfied-sr-denoise-platform/results/mc_g105_analysis/flat_dark_first/maps/morning_sunny_flat_1x_flat_green_excess.png
/home/jshong/Code/unfied-sr-denoise-platform/results/mc_g105_capture_frames/morning/sunny/flat/1x/frame_0230.png,morning/sunny/flat/1x/frame_0230.png,morning,sunny,flat,calibration_flat,1x,frame_0230,230,morning/sunny/flat/1x,1920,1080,151.04306030273438,151.04306030273438,151.04306030273438,16.142045974731445,16.142045974731445,16.142045974731445,151.04306030273438,16.142045974731445,128.0,128.0,0.0,0.0,0.0,0.0,0.9999999933793715,0.9999999933793715,0.0,0.0,0.0,0.23047212577160495,1458.85986328125,0.0,0.0,0.0011029128086419754,2287,0.0,9.645061728395062e-07,0.0,9.645061728395062e-07,9.645061728395062e-07,9.645061728395062e-07,9.645061728395062e-07,0.20806537784055573,153.1011199951172,148.08082580566406,1.033902384918755,0.9999999934683692,0.9999999934683692,50,9.503158569335938,8.87819766998291,13.885300636291504,60.01660919189453,0.5202368497848511,2.0466766357421875,0.47882080078125,0.0,5.53131103515625e-05,0.00417327880859375,0.2676900029182434,1545.85205078125,1.2625327371738846,True,444,83,35,0.00021412037037037038,4.0027006172839503e-05,1.6878858024691356e-05,/home/jshong/Code/unfied-sr-denoise-platform/results/mc_g105_analysis/flat_dark_first/maps/morning_sunny_flat_1x_temporal_std.png,/home/jshong/Code/unfied-sr-denoise-platform/results/mc_g105_analysis/flat_dark_first/maps/morning_sunny_flat_1x_hot_persistence.png,/home/jshong/Code/unfied-sr-denoise-platform/results/mc_g105_analysis/flat_dark_first/maps/morning_sunny_flat_1x_hot_fixed_mask.png,/home/jshong/Code/unfied-sr-denoise-platform/results/mc_g105_analysis/flat_dark_first/maps/morning_sunny_flat_1x_flat_shading.png,/home/jshong/Code/unfied-sr-denoise-platform/results/mc_g105_analysis/flat_dark_first/maps/morning_sunny_flat_1x_flat_green_excess.png
/home/jshong/Code/unfied-sr-denoise-platform/results/mc_g105_capture_frames/morning/sunny/flat/1x/frame_0231.png,morning/sunny/flat/1x/frame_0231.png,morning,sunny,flat,calibration_flat,1x,frame_0231,231,morning/sunny/flat/1x,1920,1080,151.0052490234375,151.0052490234375,151.0052490234375,16.26080322265625,16.26080322265625,16.26080322265625,151.0052490234375,16.26080322265625,128.0,128.0,0.0,0.0,0.0,0.0,0.9999999933777137,0.9999999933777137,0.0,0.0,0.0,0.23468942901234568,1497.7694091796875,0.0,0.0,0.0011665702160493826,2419,0.0,9.645061728395062e-07,0.0,9.645061728395062e-07,9.645061728395062e-07,9.645061728395062e-07,9.645061728395062e-07,0.20883682946080187,153.048583984375,148.11773681640625,1.033290045072661,0.9999999934661271,0.9999999934661271,50,9.503158569335938,8.87819766998291,13.885300636291504,60.01660919189453,0.5202368497848511,2.0466766357421875,0.47882080078125,0.0,5.53131103515625e-05,0.00417327880859375,0.2676900029182434,1545.85205078125,1.2625327371738846,True,444,83,35,0.00021412037037037038,4.0027006172839503e-05,1.6878858024691356e-05,/home/jshong/Code/unfied-sr-denoise-platform/results/mc_g105_analysis/flat_dark_first/maps/morning_sunny_flat_1x_temporal_std.png,/home/jshong/Code/unfied-sr-denoise-platform/results/mc_g105_analysis/flat_dark_first/maps/morning_sunny_flat_1x_hot_persistence.png,/home/jshong/Code/unfied-sr-denoise-platform/results/mc_g105_analysis/flat_dark_first/maps/morning_sunny_flat_1x_hot_fixed_mask.png,/home/jshong/Code/unfied-sr-denoise-platform/results/mc_g105_analysis/flat_dark_first/maps/morning_sunny_flat_1x_flat_shading.png,/home/jshong/Code/unfied-sr-denoise-platform/results/mc_g105_analysis/flat_dark_first/maps/morning_sunny_flat_1x_flat_green_excess.png
/home/jshong/Code/unfied-sr-denoise-platform/results/mc_g105_capture_frames/morning/sunny/flat/1x/frame_0232.png,morning/sunny/flat/1x/frame_0232.png,morning,sunny,flat,calibration_flat,1x,frame_0232,232,morning/sunny/flat/1x,1920,1080,151.0477294921875,151.0477294921875,151.0477294921875,15.80521297454834,15.80521297454834,15.80521297454834,151.0477294921875,15.80521297454834,128.0,128.0,0.0,0.0,0.0,0.0,0.9999999933795761,0.9999999933795761,0.0,0.0,0.0,0.21235677083333335,1288.393310546875,0.0,0.0,0.0010990547839506172,2279,0.0,1.4467592592592592e-06,0.0,1.4467592592592592e-06,1.4467592592592592e-06,1.4467592592592592e-06,1.4467592592592592e-06,0.2105252818739587,153.0512237548828,148.18869018554688,1.0328131150254074,0.9999999934662398,0.9999999934662398,50,9.503158569335938,8.87819766998291,13.885300636291504,60.01660919189453,0.5202368497848511,2.0466766357421875,0.47882080078125,0.0,5.53131103515625e-05,0.00417327880859375,0.2676900029182434,1545.85205078125,1.2625327371738846,True,444,83,35,0.00021412037037037038,4.0027006172839503e-05,1.6878858024691356e-05,/home/jshong/Code/unfied-sr-denoise-platform/results/mc_g105_analysis/flat_dark_first/maps/morning_sunny_flat_1x_temporal_std.png,/home/jshong/Code/unfied-sr-denoise-platform/results/mc_g105_analysis/flat_dark_first/maps/morning_sunny_flat_1x_hot_persistence.png,/home/jshong/Code/unfied-sr-denoise-platform/results/mc_g105_analysis/flat_dark_first/maps/morning_sunny_flat_1x_hot_fixed_mask.png,/home/jshong/Code/unfied-sr-denoise-platform/results/mc_g105_analysis/flat_dark_first/maps/morning_sunny_flat_1x_flat_shading.png,/home/jshong/Code/unfied-sr-denoise-platform/results/mc_g105_analysis/flat_dark_first/maps/morning_sunny_flat_1x_flat_green_excess.png
/home/jshong/Code/unfied-sr-denoise-platform/results/mc_g105_capture_frames/morning/sunny/flat/1x/frame_0233.png,morning/sunny/flat/1x/frame_0233.png,morning,sunny,flat,calibration_flat,1x,frame_0233,233,morning/sunny/flat/1x,1920,1080,151.1648406982422,151.1648406982422,151.1648406982422,16.465564727783203,16.465564727783203,16.465564727783203,151.1648406982422,16.465564727783203,128.0,128.0,0.0,0.0,0.0,0.0,0.9999999933847051,0.9999999933847051,0.0,0.0,0.0,0.23934702932098764,1535.5025634765625,0.0,0.0,0.0010908564814814815,2262,0.0,1.9290123456790124e-06,0.0,1.9290123456790124e-06,1.9290123456790124e-06,1.9290123456790124e-06,1.9290123456790124e-06,0.21046780484249306,153.24215698242188,148.2792205810547,1.033470201343445,0.9999999934743806,0.9999999934743806,50,9.503158569335938,8.87819766998291,13.885300636291504,60.01660919189453,0.5202368497848511,2.0466766357421875,0.47882080078125,0.0,5.53131103515625e-05,0.00417327880859375,0.2676900029182434,1545.85205078125,1.2625327371738846,True,444,83,35,0.00021412037037037038,4.0027006172839503e-05,1.6878858024691356e-05,/home/jshong/Code/unfied-sr-denoise-platform/results/mc_g105_analysis/flat_dark_first/maps/morning_sunny_flat_1x_temporal_std.png,/home/jshong/Code/unfied-sr-denoise-platform/results/mc_g105_analysis/flat_dark_first/maps/morning_sunny_flat_1x_hot_persistence.png,/home/jshong/Code/unfied-sr-denoise-platform/results/mc_g105_analysis/flat_dark_first/maps/morning_sunny_flat_1x_hot_fixed_mask.png,/home/jshong/Code/unfied-sr-denoise-platform/results/mc_g105_analysis/flat_dark_first/maps/morning_sunny_flat_1x_flat_shading.png,/home/jshong/Code/unfied-sr-denoise-platform/results/mc_g105_analysis/flat_dark_first/maps/morning_sunny_flat_1x_flat_green_excess.png
/home/jshong/Code/unfied-sr-denoise-platform/results/mc_g105_capture_frames/morning/sunny/flat/1x/frame_0234.png,morning/sunny/flat/1x/frame_0234.png,morning,sunny,flat,calibration_flat,1x,frame_0234,234,morning/sunny/flat/1x,1920,1080,151.323974609375,151.323974609375,151.323974609375,16.593870162963867,16.593870162963867,16.593870162963867,151.323974609375,16.593870162963867,128.0,128.0,0.0,0.0,0.0,0.0,0.9999999933916619,0.9999999933916619,0.0,0.0,0.0,0.2431563464506173,1576.048095703125,0.0,0.0,0.0010614390432098766,2201,0.0,1.9290123456790124e-06,0.0,1.9290123456790124e-06,1.9290123456790124e-06,1.9290123456790124e-06,1.9290123456790124e-06,0.20969168964849197,153.34527587890625,148.4289093017578,1.033122695350612,0.9999999934787689,0.9999999934787689,50,9.503158569335938,8.87819766998291,13.885300636291504,60.01660919189453,0.5202368497848511,2.0466766357421875,0.47882080078125,0.0,5.53131103515625e-05,0.00417327880859375,0.2676900029182434,1545.85205078125,1.2625327371738846,True,444,83,35,0.00021412037037037038,4.0027006172839503e-05,1.6878858024691356e-05,/home/jshong/Code/unfied-sr-denoise-platform/results/mc_g105_analysis/flat_dark_first/maps/morning_sunny_flat_1x_temporal_std.png,/home/jshong/Code/unfied-sr-denoise-platform/results/mc_g105_analysis/flat_dark_first/maps/morning_sunny_flat_1x_hot_persistence.png,/home/jshong/Code/unfied-sr-denoise-platform/results/mc_g105_analysis/flat_dark_first/maps/morning_sunny_flat_1x_hot_fixed_mask.png,/home/jshong/Code/unfied-sr-denoise-platform/results/mc_g105_analysis/flat_dark_first/maps/morning_sunny_flat_1x_flat_shading.png,/home/jshong/Code/unfied-sr-denoise-platform/results/mc_g105_analysis/flat_dark_first/maps/morning_sunny_flat_1x_flat_green_excess.png
/home/jshong/Code/unfied-sr-denoise-platform/results/mc_g105_capture_frames/morning/sunny/flat/1x/frame_0235.png,morning/sunny/flat/1x/frame_0235.png,morning,sunny,flat,calibration_flat,1x,frame_0235,235,morning/sunny/flat/1x,1920,1080,151.50022888183594,151.50022888183594,151.50022888183594,16.060911178588867,16.060911178588867,16.060911178588867,151.50022888183594,16.060911178588867,128.0,128.0,0.0,0.0,0.0,0.0,0.99999999339935,0.99999999339935,0.0,0.0,0.0,0.2202589699074074,1345.593994140625,0.0,0.0,0.0012152777777777778,2520,0.0,1.4467592592592592e-06,0.0,1.4467592592592592e-06,1.4467592592592592e-06,1.4467592592592592e-06,1.4467592592592592e-06,0.2099427267757623,153.58644104003906,148.53895568847656,1.033980879252763,0.9999999934890086,0.9999999934890086,50,9.503158569335938,8.87819766998291,13.885300636291504,60.01660919189453,0.5202368497848511,2.0466766357421875,0.47882080078125,0.0,5.53131103515625e-05,0.00417327880859375,0.2676900029182434,1545.85205078125,1.2625327371738846,True,444,83,35,0.00021412037037037038,4.0027006172839503e-05,1.6878858024691356e-05,/home/jshong/Code/unfied-sr-denoise-platform/results/mc_g105_analysis/flat_dark_first/maps/morning_sunny_flat_1x_temporal_std.png,/home/jshong/Code/unfied-sr-denoise-platform/results/mc_g105_analysis/flat_dark_first/maps/morning_sunny_flat_1x_hot_persistence.png,/home/jshong/Code/unfied-sr-denoise-platform/results/mc_g105_analysis/flat_dark_first/maps/morning_sunny_flat_1x_hot_fixed_mask.png,/home/jshong/Code/unfied-sr-denoise-platform/results/mc_g105_analysis/flat_dark_first/maps/morning_sunny_flat_1x_flat_shading.png,/home/jshong/Code/unfied-sr-denoise-platform/results/mc_g105_analysis/flat_dark_first/maps/morning_sunny_flat_1x_flat_green_excess.png
/home/jshong/Code/unfied-sr-denoise-platform/results/mc_g105_capture_frames/morning/sunny/flat/1x/frame_0236.png,morning/sunny/flat/1x/frame_0236.png,morning,sunny,flat,calibration_flat,1x,frame_0236,236,morning/sunny/flat/1x,1920,1080,151.47918701171875,151.47918701171875,151.47918701171875,16.61545181274414,16.61545181274414,16.61545181274414,151.47918701171875,16.61545181274414,128.0,128.0,0.0,0.0,0.0,0.0,0.999999993398433,0.999999993398433,0.0,0.0,0.0,0.24289882330246915,1566.8426513671875,0.0,0.0,0.001095679012345679,2272,0.0,2.8935185185185184e-06,0.0,2.8935185185185184e-06,2.8935185185185184e-06,2.8935185185185184e-06,2.8935185185185184e-06,0.20991909418332053,153.543212890625,148.57479858398438,1.0334404846619507,0.9999999934871755,0.9999999934871755,50,9.503158569335938,8.87819766998291,13.885300636291504,60.01660919189453,0.5202368497848511,2.0466766357421875,0.47882080078125,0.0,5.53131103515625e-05,0.00417327880859375,0.2676900029182434,1545.85205078125,1.2625327371738846,True,444,83,35,0.00021412037037037038,4.0027006172839503e-05,1.6878858024691356e-05,/home/jshong/Code/unfied-sr-denoise-platform/results/mc_g105_analysis/flat_dark_first/maps/morning_sunny_flat_1x_temporal_std.png,/home/jshong/Code/unfied-sr-denoise-platform/results/mc_g105_analysis/flat_dark_first/maps/morning_sunny_flat_1x_hot_persistence.png,/home/jshong/Code/unfied-sr-denoise-platform/results/mc_g105_analysis/flat_dark_first/maps/morning_sunny_flat_1x_hot_fixed_mask.png,/home/jshong/Code/unfied-sr-denoise-platform/results/mc_g105_analysis/flat_dark_first/maps/morning_sunny_flat_1x_flat_shading.png,/home/jshong/Code/unfied-sr-denoise-platform/results/mc_g105_analysis/flat_dark_first/maps/morning_sunny_flat_1x_flat_green_excess.png
/home/jshong/Code/unfied-sr-denoise-platform/results/mc_g105_capture_frames/morning/sunny/flat/1x/frame_0237.png,morning/sunny/flat/1x/frame_0237.png,morning,sunny,flat,calibration_flat,1x,frame_0237,237,morning/sunny/flat/1x,1920,1080,151.48370361328125,151.48370361328125,151.48370361328125,16.709430694580078,16.709430694580078,16.709430694580078,151.48370361328125,16.709430694580078,128.0,128.0,0.0,0.0,0.0,0.0,0.9999999933986299,0.9999999933986299,0.0,0.0,0.0,0.2467457561728395,1594.47705078125,4.822530864197531e-07,0.0,0.0012056327160493826,2500,0.0,9.645061728395062e-07,0.0,9.645061728395062e-07,9.645061728395062e-07,9.645061728395062e-07,9.645061728395062e-07,0.208795159393084,153.5229949951172,148.60476684570312,1.0330960252535146,0.9999999934863179,0.9999999934863179,50,9.503158569335938,8.87819766998291,13.885300636291504,60.01660919189453,0.5202368497848511,2.0466766357421875,0.47882080078125,0.0,5.53131103515625e-05,0.00417327880859375,0.2676900029182434,1545.85205078125,1.2625327371738846,True,444,83,35,0.00021412037037037038,4.0027006172839503e-05,1.6878858024691356e-05,/home/jshong/Code/unfied-sr-denoise-platform/results/mc_g105_analysis/flat_dark_first/maps/morning_sunny_flat_1x_temporal_std.png,/home/jshong/Code/unfied-sr-denoise-platform/results/mc_g105_analysis/flat_dark_first/maps/morning_sunny_flat_1x_hot_persistence.png,/home/jshong/Code/unfied-sr-denoise-platform/results/mc_g105_analysis/flat_dark_first/maps/morning_sunny_flat_1x_hot_fixed_mask.png,/home/jshong/Code/unfied-sr-denoise-platform/results/mc_g105_analysis/flat_dark_first/maps/morning_sunny_flat_1x_flat_shading.png,/home/jshong/Code/unfied-sr-denoise-platform/results/mc_g105_analysis/flat_dark_first/maps/morning_sunny_flat_1x_flat_green_excess.png
/home/jshong/Code/unfied-sr-denoise-platform/results/mc_g105_capture_frames/morning/sunny/flat/1x/frame_0238.png,morning/sunny/flat/1x/frame_0238.png,morning,sunny,flat,calibration_flat,1x,frame_0238,238,morning/sunny/flat/1x,1920,1080,151.5445098876953,151.5445098876953,151.5445098876953,16.176353454589844,16.176353454589844,16.176353454589844,151.5445098876953,16.176353454589844,128.0,128.0,0.0,0.0,0.0,0.0,0.9999999934012787,0.9999999934012787,0.0,0.0,0.0,0.22408130787037037,1391.0732421875,4.822530864197531e-07,0.0,0.0011535493827160494,2392,0.0,4.822530864197531e-07,0.0,4.822530864197531e-07,4.822530864197531e-07,4.822530864197531e-07,4.822530864197531e-07,0.20956755362866003,153.5656280517578,148.63771057128906,1.0331538774943076,0.9999999934881262,0.9999999934881262,50,9.503158569335938,8.87819766998291,13.885300636291504,60.01660919189453,0.5202368497848511,2.0466766357421875,0.47882080078125,0.0,5.53131103515625e-05,0.00417327880859375,0.2676900029182434,1545.85205078125,1.2625327371738846,True,444,83,35,0.00021412037037037038,4.0027006172839503e-05,1.6878858024691356e-05,/home/jshong/Code/unfied-sr-denoise-platform/results/mc_g105_analysis/flat_dark_first/maps/morning_sunny_flat_1x_temporal_std.png,/home/jshong/Code/unfied-sr-denoise-platform/results/mc_g105_analysis/flat_dark_first/maps/morning_sunny_flat_1x_hot_persistence.png,/home/jshong/Code/unfied-sr-denoise-platform/results/mc_g105_analysis/flat_dark_first/maps/morning_sunny_flat_1x_hot_fixed_mask.png,/home/jshong/Code/unfied-sr-denoise-platform/results/mc_g105_analysis/flat_dark_first/maps/morning_sunny_flat_1x_flat_shading.png,/home/jshong/Code/unfied-sr-denoise-platform/results/mc_g105_analysis/flat_dark_first/maps/morning_sunny_flat_1x_flat_green_excess.png
/home/jshong/Code/unfied-sr-denoise-platform/results/mc_g105_capture_frames/morning/sunny/flat/1x/frame_0239.png,morning/sunny/flat/1x/frame_0239.png,morning,sunny,flat,calibration_flat,1x,frame_0239,239,morning/sunny/flat/1x,1920,1080,151.57830810546875,151.57830810546875,151.57830810546875,16.7061767578125,16.7061767578125,16.7061767578125,151.57830810546875,16.7061767578125,128.0,128.0,0.0,0.0,0.0,0.0,0.99999999340275,0.99999999340275,0.0,0.0,0.0,0.2464795524691358,1587.95361328125,0.0,0.0,0.001177662037037037,2442,0.0,1.9290123456790124e-06,0.0,1.9290123456790124e-06,1.9290123456790124e-06,1.9290123456790124e-06,1.9290123456790124e-06,0.2100633846401693,153.6005401611328,148.66529846191406,1.0331969916119066,0.9999999934896063,0.9999999934896063,50,9.503158569335938,8.87819766998291,13.885300636291504,60.01660919189453,0.5202368497848511,2.0466766357421875,0.47882080078125,0.0,5.53131103515625e-05,0.00417327880859375,0.2676900029182434,1545.85205078125,1.2625327371738846,True,444,83,35,0.00021412037037037038,4.0027006172839503e-05,1.6878858024691356e-05,/home/jshong/Code/unfied-sr-denoise-platform/results/mc_g105_analysis/flat_dark_first/maps/morning_sunny_flat_1x_temporal_std.png,/home/jshong/Code/unfied-sr-denoise-platform/results/mc_g105_analysis/flat_dark_first/maps/morning_sunny_flat_1x_hot_persistence.png,/home/jshong/Code/unfied-sr-denoise-platform/results/mc_g105_analysis/flat_dark_first/maps/morning_sunny_flat_1x_hot_fixed_mask.png,/home/jshong/Code/unfied-sr-denoise-platform/results/mc_g105_analysis/flat_dark_first/maps/morning_sunny_flat_1x_flat_shading.png,/home/jshong/Code/unfied-sr-denoise-platform/results/mc_g105_analysis/flat_dark_first/maps/morning_sunny_flat_1x_flat_green_excess.png
/home/jshong/Code/unfied-sr-denoise-platform/results/mc_g105_capture_frames/morning/sunny/flat/1x/frame_0240.png,morning/sunny/flat/1x/frame_0240.png,morning,sunny,flat,calibration_flat,1x,frame_0240,240,morning/sunny/flat/1x,1920,1080,151.56329345703125,151.56329345703125,151.5625457763672,17.667177200317383,17.667177200317383,17.667251586914062,151.56329345703125,17.667177200317383,128.0,127.99962615966797,0.0,0.019241446629166603,0.0,-0.0007476806640625,0.9999999934020964,1.0000049265513147,0.00037384033203125,2.4665624574242486e-06,0.005149349570274353,0.2824416473765432,1964.2275390625,0.0,0.0,0.0010054976851851852,2085,0.0,0.0,0.0,0.0,0.0,0.0,0.0,0.21229731019520884,153.7286834716797,148.56959533691406,1.0347250531869674,0.9999999934950331,0.9999999934950331,50,9.503158569335938,8.87819766998291,13.885300636291504,60.01660919189453,0.5202368497848511,2.0466766357421875,0.47882080078125,0.0,5.53131103515625e-05,0.00417327880859375,0.2676900029182434,1545.85205078125,1.2625327371738846,True,444,83,35,0.00021412037037037038,4.0027006172839503e-05,1.6878858024691356e-05,/home/jshong/Code/unfied-sr-denoise-platform/results/mc_g105_analysis/flat_dark_first/maps/morning_sunny_flat_1x_temporal_std.png,/home/jshong/Code/unfied-sr-denoise-platform/results/mc_g105_analysis/flat_dark_first/maps/morning_sunny_flat_1x_hot_persistence.png,/home/jshong/Code/unfied-sr-denoise-platform/results/mc_g105_analysis/flat_dark_first/maps/morning_sunny_flat_1x_hot_fixed_mask.png,/home/jshong/Code/unfied-sr-denoise-platform/results/mc_g105_analysis/flat_dark_first/maps/morning_sunny_flat_1x_flat_shading.png,/home/jshong/Code/unfied-sr-denoise-platform/results/mc_g105_analysis/flat_dark_first/maps/morning_sunny_flat_1x_flat_green_excess.png
/home/jshong/Code/unfied-sr-denoise-platform/results/mc_g105_capture_frames/morning/sunny/flat/1x/frame_0241.png,morning/sunny/flat/1x/frame_0241.png,morning,sunny,flat,calibration_flat,1x,frame_0241,241,morning/sunny/flat/1x,1920,1080,151.7047119140625,151.7047119140625,151.70396423339844,17.333120346069336,17.333120346069336,17.333227157592773,151.7047119140625,17.333120346069336,128.0,127.99962615966797,0.0,0.019241446629166603,0.0,-0.0007476806640625,0.999999993408247,1.0000049219587828,0.00037384033203125,2.4642631388981478e-06,0.005149349570274353,0.27123939043209877,1795.3909912109375,0.0,0.0,0.0010440779320987654,2165,0.0,4.822530864197531e-07,0.0,4.822530864197531e-07,4.822530864197531e-07,4.822530864197531e-07,4.822530864197531e-07,0.21124287643569817,153.8286895751953,148.81092834472656,1.0337190302658812,0.9999999934992622,0.9999999934992622,50,9.503158569335938,8.87819766998291,13.885300636291504,60.01660919189453,0.5202368497848511,2.0466766357421875,0.47882080078125,0.0,5.53131103515625e-05,0.00417327880859375,0.2676900029182434,1545.85205078125,1.2625327371738846,True,444,83,35,0.00021412037037037038,4.0027006172839503e-05,1.6878858024691356e-05,/home/jshong/Code/unfied-sr-denoise-platform/results/mc_g105_analysis/flat_dark_first/maps/morning_sunny_flat_1x_temporal_std.png,/home/jshong/Code/unfied-sr-denoise-platform/results/mc_g105_analysis/flat_dark_first/maps/morning_sunny_flat_1x_hot_persistence.png,/home/jshong/Code/unfied-sr-denoise-platform/results/mc_g105_analysis/flat_dark_first/maps/morning_sunny_flat_1x_hot_fixed_mask.png,/home/jshong/Code/unfied-sr-denoise-platform/results/mc_g105_analysis/flat_dark_first/maps/morning_sunny_flat_1x_flat_shading.png,/home/jshong/Code/unfied-sr-denoise-platform/results/mc_g105_analysis/flat_dark_first/maps/morning_sunny_flat_1x_flat_green_excess.png
/home/jshong/Code/unfied-sr-denoise-platform/results/mc_g105_capture_frames/morning/sunny/flat/1x/frame_0242.png,morning/sunny/flat/1x/frame_0242.png,morning,sunny,flat,calibration_flat,1x,frame_0242,242,morning/sunny/flat/1x,1920,1080,151.61094665527344,151.61094665527344,151.61019897460938,16.59603500366211,16.59603500366211,16.596155166625977,151.61094665527344,16.59603500366211,128.0,127.99962615966797,0.0,0.019241446629166603,0.0,-0.0007476806640625,0.9999999934041702,1.000004925002831,0.00037384033203125,2.465787186300506e-06,0.005149349570274353,0.24140721450617283,1480.81494140625,0.0,0.0,0.0010407021604938271,2158,0.0,4.822530864197531e-07,0.0,4.822530864197531e-07,4.822530864197531e-07,4.822530864197531e-07,4.822530864197531e-07,0.21140230865888915,153.63461303710938,148.8144989013672,1.0323900771694756,0.9999999934910502,0.9999999934910502,50,9.503158569335938,8.87819766998291,13.885300636291504,60.01660919189453,0.5202368497848511,2.0466766357421875,0.47882080078125,0.0,5.53131103515625e-05,0.00417327880859375,0.2676900029182434,1545.85205078125,1.2625327371738846,True,444,83,35,0.00021412037037037038,4.0027006172839503e-05,1.6878858024691356e-05,/home/jshong/Code/unfied-sr-denoise-platform/results/mc_g105_analysis/flat_dark_first/maps/morning_sunny_flat_1x_temporal_std.png,/home/jshong/Code/unfied-sr-denoise-platform/results/mc_g105_analysis/flat_dark_first/maps/morning_sunny_flat_1x_hot_persistence.png,/home/jshong/Code/unfied-sr-denoise-platform/results/mc_g105_analysis/flat_dark_first/maps/morning_sunny_flat_1x_hot_fixed_mask.png,/home/jshong/Code/unfied-sr-denoise-platform/results/mc_g105_analysis/flat_dark_first/maps/morning_sunny_flat_1x_flat_shading.png,/home/jshong/Code/unfied-sr-denoise-platform/results/mc_g105_analysis/flat_dark_first/maps/morning_sunny_flat_1x_flat_green_excess.png
/home/jshong/Code/unfied-sr-denoise-platform/results/mc_g105_capture_frames/morning/sunny/flat/1x/frame_0243.png,morning/sunny/flat/1x/frame_0243.png,morning,sunny,flat,calibration_flat,1x,frame_0243,243,morning/sunny/flat/1x,1920,1080,151.42153930664062,151.42153930664062,151.42080688476562,16.39922523498535,16.39922523498535,16.39931869506836,151.42153930664062,16.39922523498535,128.0,127.99962615966797,0.0,0.019241446629166603,0.0,-0.000732421875,0.9999999933959198,1.0000048303921054,0.0003662109375,2.4184864105753635e-06,0.005149349570274353,0.22828414351851853,1427.2568359375,0.0,0.0,0.0010985725308641976,2278,0.0,4.822530864197531e-07,0.0,4.822530864197531e-07,4.822530864197531e-07,4.822530864197531e-07,4.822530864197531e-07,0.21242836775221058,153.47805786132812,148.5894775390625,1.0328999022698668,0.9999999934844107,0.9999999934844107,50,9.503158569335938,8.87819766998291,13.885300636291504,60.01660919189453,0.5202368497848511,2.0466766357421875,0.47882080078125,0.0,5.53131103515625e-05,0.00417327880859375,0.2676900029182434,1545.85205078125,1.2625327371738846,True,444,83,35,0.00021412037037037038,4.0027006172839503e-05,1.6878858024691356e-05,/home/jshong/Code/unfied-sr-denoise-platform/results/mc_g105_analysis/flat_dark_first/maps/morning_sunny_flat_1x_temporal_std.png,/home/jshong/Code/unfied-sr-denoise-platform/results/mc_g105_analysis/flat_dark_first/maps/morning_sunny_flat_1x_hot_persistence.png,/home/jshong/Code/unfied-sr-denoise-platform/results/mc_g105_analysis/flat_dark_first/maps/morning_sunny_flat_1x_hot_fixed_mask.png,/home/jshong/Code/unfied-sr-denoise-platform/results/mc_g105_analysis/flat_dark_first/maps/morning_sunny_flat_1x_flat_shading.png,/home/jshong/Code/unfied-sr-denoise-platform/results/mc_g105_analysis/flat_dark_first/maps/morning_sunny_flat_1x_flat_green_excess.png
/home/jshong/Code/unfied-sr-denoise-platform/results/mc_g105_capture_frames/morning/sunny/flat/1x/frame_0244.png,morning/sunny/flat/1x/frame_0244.png,morning,sunny,flat,calibration_flat,1x,frame_0244,244,morning/sunny/flat/1x,1920,1080,151.23109436035156,151.23109436035156,151.23036193847656,17.046836853027344,17.046836853027344,17.04694175720215,151.23109436035156,17.046836853027344,128.0,127.99962615966797,0.0,0.019241446629166603,0.0,-0.000732421875,0.9999999933876033,1.0000048364750358,0.0003662109375,2.421532004561609e-06,0.005149349570274353,0.2557532793209877,1678.08935546875,0.0,0.0,0.001050829475308642,2179,0.0,4.822530864197531e-07,0.0,4.822530864197531e-07,4.822530864197531e-07,4.822530864197531e-07,4.822530864197531e-07,0.21191267225090799,153.31558227539062,148.2635955810547,1.0340743500821123,0.9999999934775058,0.9999999934775058,50,9.503158569335938,8.87819766998291,13.885300636291504,60.01660919189453,0.5202368497848511,2.0466766357421875,0.47882080078125,0.0,5.53131103515625e-05,0.00417327880859375,0.2676900029182434,1545.85205078125,1.2625327371738846,True,444,83,35,0.00021412037037037038,4.0027006172839503e-05,1.6878858024691356e-05,/home/jshong/Code/unfied-sr-denoise-platform/results/mc_g105_analysis/flat_dark_first/maps/morning_sunny_flat_1x_temporal_std.png,/home/jshong/Code/unfied-sr-denoise-platform/results/mc_g105_analysis/flat_dark_first/maps/morning_sunny_flat_1x_hot_persistence.png,/home/jshong/Code/unfied-sr-denoise-platform/results/mc_g105_analysis/flat_dark_first/maps/morning_sunny_flat_1x_hot_fixed_mask.png,/home/jshong/Code/unfied-sr-denoise-platform/results/mc_g105_analysis/flat_dark_first/maps/morning_sunny_flat_1x_flat_shading.png,/home/jshong/Code/unfied-sr-denoise-platform/results/mc_g105_analysis/flat_dark_first/maps/morning_sunny_flat_1x_flat_green_excess.png
/home/jshong/Code/unfied-sr-denoise-platform/results/mc_g105_capture_frames/morning/sunny/flat/1x/frame_0245.png,morning/sunny/flat/1x/frame_0245.png,morning,sunny,flat,calibration_flat,1x,frame_0245,245,morning/sunny/flat/1x,1920,1080,151.19830322265625,151.19830322265625,151.1975555419922,17.201881408691406,17.201881408691406,17.201984405517578,151.19830322265625,17.201881408691406,128.0,127.99962615966797,0.0,0.019241446629166603,0.0,-0.0007476806640625,0.9999999933861692,1.0000049384439877,0.00037384033203125,2.4725166988693784e-06,0.005149349570274353,0.25885657793209876,1730.1326904296875,0.0,0.0,0.0011390817901234568,2362,0.0,4.822530864197531e-07,0.0,4.822530864197531e-07,4.822530864197531e-07,4.822530864197531e-07,4.822530864197531e-07,0.21204828450554683,153.42660522460938,148.18275451660156,1.035387718967207,0.9999999934822257,0.9999999934822257,50,9.503158569335938,8.87819766998291,13.885300636291504,60.01660919189453,0.5202368497848511,2.0466766357421875,0.47882080078125,0.0,5.53131103515625e-05,0.00417327880859375,0.2676900029182434,1545.85205078125,1.2625327371738846,True,444,83,35,0.00021412037037037038,4.0027006172839503e-05,1.6878858024691356e-05,/home/jshong/Code/unfied-sr-denoise-platform/results/mc_g105_analysis/flat_dark_first/maps/morning_sunny_flat_1x_temporal_std.png,/home/jshong/Code/unfied-sr-denoise-platform/results/mc_g105_analysis/flat_dark_first/maps/morning_sunny_flat_1x_hot_persistence.png,/home/jshong/Code/unfied-sr-denoise-platform/results/mc_g105_analysis/flat_dark_first/maps/morning_sunny_flat_1x_hot_fixed_mask.png,/home/jshong/Code/unfied-sr-denoise-platform/results/mc_g105_analysis/flat_dark_first/maps/morning_sunny_flat_1x_flat_shading.png,/home/jshong/Code/unfied-sr-denoise-platform/results/mc_g105_analysis/flat_dark_first/maps/morning_sunny_flat_1x_flat_green_excess.png
/home/jshong/Code/unfied-sr-denoise-platform/results/mc_g105_capture_frames/morning/sunny/flat/1x/frame_0246.png,morning/sunny/flat/1x/frame_0246.png,morning,sunny,flat,calibration_flat,1x,frame_0246,246,morning/sunny/flat/1x,1920,1080,151.32965087890625,151.32965087890625,151.3289031982422,16.68518829345703,16.68518829345703,16.68531036376953,151.32965087890625,16.68518829345703,128.0,127.99962615966797,0.0,0.019241446629166603,0.0,-0.0007476806640625,0.9999999933919097,1.0000049341576087,0.00037384033203125,2.470370660274805e-06,0.005149349570274353,0.23639612268518517,1478.9957275390625,0.0,0.0,0.0011892361111111112,2466,0.0,9.645061728395062e-07,0.0,9.645061728395062e-07,9.645061728395062e-07,9.645061728395062e-07,9.645061728395062e-07,0.2142867723149752,153.5523681640625,148.29212951660156,1.0354721294321956,0.9999999934875639,0.9999999934875639,50,9.503158569335938,8.87819766998291,13.885300636291504,60.01660919189453,0.5202368497848511,2.0466766357421875,0.47882080078125,0.0,5.53131103515625e-05,0.00417327880859375,0.2676900029182434,1545.85205078125,1.2625327371738846,True,444,83,35,0.00021412037037037038,4.0027006172839503e-05,1.6878858024691356e-05,/home/jshong/Code/unfied-sr-denoise-platform/results/mc_g105_analysis/flat_dark_first/maps/morning_sunny_flat_1x_temporal_std.png,/home/jshong/Code/unfied-sr-denoise-platform/results/mc_g105_analysis/flat_dark_first/maps/morning_sunny_flat_1x_hot_persistence.png,/home/jshong/Code/unfied-sr-denoise-platform/results/mc_g105_analysis/flat_dark_first/maps/morning_sunny_flat_1x_hot_fixed_mask.png,/home/jshong/Code/unfied-sr-denoise-platform/results/mc_g105_analysis/flat_dark_first/maps/morning_sunny_flat_1x_flat_shading.png,/home/jshong/Code/unfied-sr-denoise-platform/results/mc_g105_analysis/flat_dark_first/maps/morning_sunny_flat_1x_flat_green_excess.png
/home/jshong/Code/unfied-sr-denoise-platform/results/mc_g105_capture_frames/morning/sunny/flat/1x/frame_0247.png,morning/sunny/flat/1x/frame_0247.png,morning,sunny,flat,calibration_flat,1x,frame_0247,247,morning/sunny/flat/1x,1920,1080,151.36944580078125,151.36944580078125,151.3686981201172,16.538841247558594,16.538841247558594,16.538949966430664,151.36944580078125,16.538841247558594,128.0,127.99962615966797,0.0,0.019241446629166603,0.0,-0.0007476806640625,0.999999993393647,1.0000049328604157,0.00037384033203125,2.469721201553077e-06,0.005149349570274353,0.2287355324074074,1445.6827392578125,0.0,0.0,0.001263503086419753,2620,0.0,4.822530864197531e-07,0.0,4.822530864197531e-07,4.822530864197531e-07,4.822530864197531e-07,4.822530864197531e-07,0.2140292304534334,153.52938842773438,148.2535400390625,1.0355866534566063,0.9999999934865891,0.9999999934865891,50,9.503158569335938,8.87819766998291,13.885300636291504,60.01660919189453,0.5202368497848511,2.0466766357421875,0.47882080078125,0.0,5.53131103515625e-05,0.00417327880859375,0.2676900029182434,1545.85205078125,1.2625327371738846,True,444,83,35,0.00021412037037037038,4.0027006172839503e-05,1.6878858024691356e-05,/home/jshong/Code/unfied-sr-denoise-platform/results/mc_g105_analysis/flat_dark_first/maps/morning_sunny_flat_1x_temporal_std.png,/home/jshong/Code/unfied-sr-denoise-platform/results/mc_g105_analysis/flat_dark_first/maps/morning_sunny_flat_1x_hot_persistence.png,/home/jshong/Code/unfied-sr-denoise-platform/results/mc_g105_analysis/flat_dark_first/maps/morning_sunny_flat_1x_hot_fixed_mask.png,/home/jshong/Code/unfied-sr-denoise-platform/results/mc_g105_analysis/flat_dark_first/maps/morning_sunny_flat_1x_flat_shading.png,/home/jshong/Code/unfied-sr-denoise-platform/results/mc_g105_analysis/flat_dark_first/maps/morning_sunny_flat_1x_flat_green_excess.png
/home/jshong/Code/unfied-sr-denoise-platform/results/mc_g105_capture_frames/morning/sunny/flat/1x/frame_0248.png,morning/sunny/flat/1x/frame_0248.png,morning,sunny,flat,calibration_flat,1x,frame_0248,248,morning/sunny/flat/1x,1920,1080,151.32508850097656,151.32508850097656,151.32435607910156,17.188549041748047,17.188549041748047,17.188648223876953,151.32508850097656,17.188549041748047,128.0,127.99962615966797,0.0,0.019241446629166603,0.0,-0.000732421875,0.9999999933917105,1.0000048334708906,0.0003662109375,2.4200278929796153e-06,0.005149349570274353,0.2562789351851852,1717.44677734375,0.0,0.0,0.0011636766975308642,2413,0.0,4.822530864197531e-07,0.0,4.822530864197531e-07,4.822530864197531e-07,4.822530864197531e-07,4.822530864197531e-07,0.21444309218979848,153.42405700683594,148.2720184326172,1.0347472004086389,0.9999999934821174,0.9999999934821174,50,9.503158569335938,8.87819766998291,13.885300636291504,60.01660919189453,0.5202368497848511,2.0466766357421875,0.47882080078125,0.0,5.53131103515625e-05,0.00417327880859375,0.2676900029182434,1545.85205078125,1.2625327371738846,True,444,83,35,0.00021412037037037038,4.0027006172839503e-05,1.6878858024691356e-05,/home/jshong/Code/unfied-sr-denoise-platform/results/mc_g105_analysis/flat_dark_first/maps/morning_sunny_flat_1x_temporal_std.png,/home/jshong/Code/unfied-sr-denoise-platform/results/mc_g105_analysis/flat_dark_first/maps/morning_sunny_flat_1x_hot_persistence.png,/home/jshong/Code/unfied-sr-denoise-platform/results/mc_g105_analysis/flat_dark_first/maps/morning_sunny_flat_1x_hot_fixed_mask.png,/home/jshong/Code/unfied-sr-denoise-platform/results/mc_g105_analysis/flat_dark_first/maps/morning_sunny_flat_1x_flat_shading.png,/home/jshong/Code/unfied-sr-denoise-platform/results/mc_g105_analysis/flat_dark_first/maps/morning_sunny_flat_1x_flat_green_excess.png
/home/jshong/Code/unfied-sr-denoise-platform/results/mc_g105_capture_frames/morning/sunny/flat/1x/frame_0249.png,morning/sunny/flat/1x/frame_0249.png,morning,sunny,flat,calibration_flat,1x,frame_0249,249,morning/sunny/flat/1x,1920,1080,151.29078674316406,151.29078674316406,151.2900390625,17.247180938720703,17.247180938720703,17.247285842895508,151.29078674316406,17.247180938720703,128.0,127.99962615966797,0.0,0.019241446629166603,0.0,-0.0007476806640625,0.9999999933902123,1.0000049354251195,0.00037384033203125,2.4710052582044385e-06,0.005149349570274353,0.2588980516975309,1722.6689453125,0.0,0.0,0.001097608024691358,2276,0.0,4.822530864197531e-07,0.0,4.822530864197531e-07,4.822530864197531e-07,4.822530864197531e-07,4.822530864197531e-07,0.21471956630860545,153.3818359375,148.29812622070312,1.034280329846857,0.9999999934803232,0.9999999934803232,50,9.503158569335938,8.87819766998291,13.885300636291504,60.01660919189453,0.5202368497848511,2.0466766357421875,0.47882080078125,0.0,5.53131103515625e-05,0.00417327880859375,0.2676900029182434,1545.85205078125,1.2625327371738846,True,444,83,35,0.00021412037037037038,4.0027006172839503e-05,1.6878858024691356e-05,/home/jshong/Code/unfied-sr-denoise-platform/results/mc_g105_analysis/flat_dark_first/maps/morning_sunny_flat_1x_temporal_std.png,/home/jshong/Code/unfied-sr-denoise-platform/results/mc_g105_analysis/flat_dark_first/maps/morning_sunny_flat_1x_hot_persistence.png,/home/jshong/Code/unfied-sr-denoise-platform/results/mc_g105_analysis/flat_dark_first/maps/morning_sunny_flat_1x_hot_fixed_mask.png,/home/jshong/Code/unfied-sr-denoise-platform/results/mc_g105_analysis/flat_dark_first/maps/morning_sunny_flat_1x_flat_shading.png,/home/jshong/Code/unfied-sr-denoise-platform/results/mc_g105_analysis/flat_dark_first/maps/morning_sunny_flat_1x_flat_green_excess.png
/home/jshong/Code/unfied-sr-denoise-platform/results/mc_g105_capture_frames/morning/sunny/flat/1x/frame_0250.png,morning/sunny/flat/1x/frame_0250.png,morning,sunny,flat,calibration_flat,1x,frame_0250,250,morning/sunny/flat/1x,1920,1080,151.2155303955078,151.2155303955078,151.21478271484375,16.7125244140625,16.7125244140625,16.71263313293457,151.2155303955078,16.7125244140625,128.0,127.99962615966797,0.0,0.019241446629166603,0.0,-0.0007476806640625,0.9999999933869227,1.0000049378813747,0.00037384033203125,2.4722350183293124e-06,0.005149349570274353,0.23659577546296295,1528.4990234375,0.0,0.0,0.0011627121913580247,2411,0.0,4.822530864197531e-07,0.0,4.822530864197531e-07,4.822530864197531e-07,4.822530864197531e-07,4.822530864197531e-07,0.21399419804144149,153.25286865234375,148.21144104003906,1.0340150972348192,0.9999999934748367,0.9999999934748367,50,9.503158569335938,8.87819766998291,13.885300636291504,60.01660919189453,0.5202368497848511,2.0466766357421875,0.47882080078125,0.0,5.53131103515625e-05,0.00417327880859375,0.2676900029182434,1545.85205078125,1.2625327371738846,True,444,83,35,0.00021412037037037038,4.0027006172839503e-05,1.6878858024691356e-05,/home/jshong/Code/unfied-sr-denoise-platform/results/mc_g105_analysis/flat_dark_first/maps/morning_sunny_flat_1x_temporal_std.png,/home/jshong/Code/unfied-sr-denoise-platform/results/mc_g105_analysis/flat_dark_first/maps/morning_sunny_flat_1x_hot_persistence.png,/home/jshong/Code/unfied-sr-denoise-platform/results/mc_g105_analysis/flat_dark_first/maps/morning_sunny_flat_1x_hot_fixed_mask.png,/home/jshong/Code/unfied-sr-denoise-platform/results/mc_g105_analysis/flat_dark_first/maps/morning_sunny_flat_1x_flat_shading.png,/home/jshong/Code/unfied-sr-denoise-platform/results/mc_g105_analysis/flat_dark_first/maps/morning_sunny_flat_1x_flat_green_excess.png
/home/jshong/Code/unfied-sr-denoise-platform/results/mc_g105_capture_frames/morning/sunny/flat/3x/frame_1351.png,morning/sunny/flat/3x/frame_1351.png,morning,sunny,flat,calibration_flat,3x,frame_1351,1351,morning/sunny/flat/3x,1920,1080,147.4451446533203,147.4451446533203,147.4451446533203,9.494851112365723,9.494851112365723,9.494851112365723,147.4451446533203,9.494851112365723,128.0,128.0,0.0,0.0,0.0,0.0,0.9999999932178167,0.9999999932178167,0.0,0.0,0.0,0.03320601851851852,899.6749267578125,0.0,0.0,0.0019251543209876543,3992,0.0,0.0,0.0,0.0,0.0,0.0,0.0,0.09408122277469194,150.0452117919922,144.24058532714844,1.0402426640978735,0.9999999933353422,0.9999999933353422,50,5.954268932342529,5.779307842254639,7.81751823425293,25.87063980102539,0.2473669946193695,0.9613189697265625,-0.1569061279296875,0.0,0.0,0.0,0.05246672406792641,619.5930786132812,0.9834654497954969,True,1377,506,259,0.0006640625,0.00024402006172839506,0.00012490354938271604,/home/jshong/Code/unfied-sr-denoise-platform/results/mc_g105_analysis/flat_dark_first/maps/morning_sunny_flat_3x_temporal_std.png,/home/jshong/Code/unfied-sr-denoise-platform/results/mc_g105_analysis/flat_dark_first/maps/morning_sunny_flat_3x_hot_persistence.png,/home/jshong/Code/unfied-sr-denoise-platform/results/mc_g105_analysis/flat_dark_first/maps/morning_sunny_flat_3x_hot_fixed_mask.png,/home/jshong/Code/unfied-sr-denoise-platform/results/mc_g105_analysis/flat_dark_first/maps/morning_sunny_flat_3x_flat_shading.png,/home/jshong/Code/unfied-sr-denoise-platform/results/mc_g105_analysis/flat_dark_first/maps/morning_sunny_flat_3x_flat_green_excess.png
/home/jshong/Code/unfied-sr-denoise-platform/results/mc_g105_capture_frames/morning/sunny/flat/3x/frame_1352.png,morning/sunny/flat/3x/frame_1352.png,morning,sunny,flat,calibration_flat,3x,frame_1352,1352,morning/sunny/flat/3x,1920,1080,147.28988647460938,147.28988647460938,147.28988647460938,9.00582504272461,9.00582504272461,9.00582504272461,147.28988647460938,9.00582504272461,128.0,128.0,0.0,0.0,0.0,0.0,0.9999999932106677,0.9999999932106677,0.0,0.0,0.0,0.02200954861111111,741.1546020507812,0.0,0.0,0.001986400462962963,4119,0.0,0.0,0.0,0.0,0.0,0.0,0.0,0.09567600272726028,149.93446350097656,144.05271911621094,1.04083049164237,0.9999999933304193,0.9999999933304193,50,5.954268932342529,5.779307842254639,7.81751823425293,25.87063980102539,0.2473669946193695,0.9613189697265625,-0.1569061279296875,0.0,0.0,0.0,0.05246672406792641,619.5930786132812,0.9834654497954969,True,1377,506,259,0.0006640625,0.00024402006172839506,0.00012490354938271604,/home/jshong/Code/unfied-sr-denoise-platform/results/mc_g105_analysis/flat_dark_first/maps/morning_sunny_flat_3x_temporal_std.png,/home/jshong/Code/unfied-sr-denoise-platform/results/mc_g105_analysis/flat_dark_first/maps/morning_sunny_flat_3x_hot_persistence.png,/home/jshong/Code/unfied-sr-denoise-platform/results/mc_g105_analysis/flat_dark_first/maps/morning_sunny_flat_3x_hot_fixed_mask.png,/home/jshong/Code/unfied-sr-denoise-platform/results/mc_g105_analysis/flat_dark_first/maps/morning_sunny_flat_3x_flat_shading.png,/home/jshong/Code/unfied-sr-denoise-platform/results/mc_g105_analysis/flat_dark_first/maps/morning_sunny_flat_3x_flat_green_excess.png
/home/jshong/Code/unfied-sr-denoise-platform/results/mc_g105_capture_frames/morning/sunny/flat/3x/frame_1353.png,morning/sunny/flat/3x/frame_1353.png,morning,sunny,flat,calibration_flat,3x,frame_1353,1353,morning/sunny/flat/3x,1920,1080,147.25531005859375,147.25531005859375,147.25531005859375,9.29896068572998,9.29896068572998,9.29896068572998,147.25531005859375,9.29896068572998,128.0,128.0,0.0,0.0,0.0,0.0,0.9999999932090735,0.9999999932090735,0.0,0.0,0.0,0.027563657407407408,835.8905029296875,0.0,0.0,0.0018287037037037037,3792,0.0,0.0,0.0,0.0,0.0,0.0,0.0,0.09572350038294884,149.9373779296875,144.1622772216797,1.040059714505395,0.999999993330549,0.999999993330549,50,5.954268932342529,5.779307842254639,7.81751823425293,25.87063980102539,0.2473669946193695,0.9613189697265625,-0.1569061279296875,0.0,0.0,0.0,0.05246672406792641,619.5930786132812,0.9834654497954969,True,1377,506,259,0.0006640625,0.00024402006172839506,0.00012490354938271604,/home/jshong/Code/unfied-sr-denoise-platform/results/mc_g105_analysis/flat_dark_first/maps/morning_sunny_flat_3x_temporal_std.png,/home/jshong/Code/unfied-sr-denoise-platform/results/mc_g105_analysis/flat_dark_first/maps/morning_sunny_flat_3x_hot_persistence.png,/home/jshong/Code/unfied-sr-denoise-platform/results/mc_g105_analysis/flat_dark_first/maps/morning_sunny_flat_3x_hot_fixed_mask.png,/home/jshong/Code/unfied-sr-denoise-platform/results/mc_g105_analysis/flat_dark_first/maps/morning_sunny_flat_3x_flat_shading.png,/home/jshong/Code/unfied-sr-denoise-platform/results/mc_g105_analysis/flat_dark_first/maps/morning_sunny_flat_3x_flat_green_excess.png
/home/jshong/Code/unfied-sr-denoise-platform/results/mc_g105_capture_frames/morning/sunny/flat/3x/frame_1354.png,morning/sunny/flat/3x/frame_1354.png,morning,sunny,flat,calibration_flat,3x,frame_1354,1354,morning/sunny/flat/3x,1920,1080,147.2707061767578,147.2707061767578,147.2707061767578,8.803313255310059,8.803313255310059,8.803313255310059,147.2707061767578,8.803313255310059,128.0,128.0,0.0,0.0,0.0,0.0,0.9999999932097834,0.9999999932097834,0.0,0.0,0.0,0.01853587962962963,703.0109252929688,0.0,0.0,0.001875,3888,0.0,0.0,0.0,0.0,0.0,0.0,0.0,0.09629599901043477,149.99050903320312,144.0312042236328,1.0413750881298083,0.9999999933329116,0.9999999933329116,50,5.954268932342529,5.779307842254639,7.81751823425293,25.87063980102539,0.2473669946193695,0.9613189697265625,-0.1569061279296875,0.0,0.0,0.0,0.05246672406792641,619.5930786132812,0.9834654497954969,True,1377,506,259,0.0006640625,0.00024402006172839506,0.00012490354938271604,/home/jshong/Code/unfied-sr-denoise-platform/results/mc_g105_analysis/flat_dark_first/maps/morning_sunny_flat_3x_temporal_std.png,/home/jshong/Code/unfied-sr-denoise-platform/results/mc_g105_analysis/flat_dark_first/maps/morning_sunny_flat_3x_hot_persistence.png,/home/jshong/Code/unfied-sr-denoise-platform/results/mc_g105_analysis/flat_dark_first/maps/morning_sunny_flat_3x_hot_fixed_mask.png,/home/jshong/Code/unfied-sr-denoise-platform/results/mc_g105_analysis/flat_dark_first/maps/morning_sunny_flat_3x_flat_shading.png,/home/jshong/Code/unfied-sr-denoise-platform/results/mc_g105_analysis/flat_dark_first/maps/morning_sunny_flat_3x_flat_green_excess.png
/home/jshong/Code/unfied-sr-denoise-platform/results/mc_g105_capture_frames/morning/sunny/flat/3x/frame_1355.png,morning/sunny/flat/3x/frame_1355.png,morning,sunny,flat,calibration_flat,3x,frame_1355,1355,morning/sunny/flat/3x,1920,1080,147.33370971679688,147.33370971679688,147.33370971679688,8.663270950317383,8.663270950317383,8.663270950317383,147.33370971679688,8.663270950317383,128.0,128.0,0.0,0.0,0.0,0.0,0.9999999932126871,0.9999999932126871,0.0,0.0,0.0,0.015845871913580247,665.0098266601562,0.0,0.0,0.0018233989197530864,3781,0.0,0.0,0.0,0.0,0.0,0.0,0.0,0.09743822926471093,150.06788635253906,143.99093627929688,1.0422036913438157,0.9999999933363491,0.9999999933363491,50,5.954268932342529,5.779307842254639,7.81751823425293,25.87063980102539,0.2473669946193695,0.9613189697265625,-0.1569061279296875,0.0,0.0,0.0,0.05246672406792641,619.5930786132812,0.9834654497954969,True,1377,506,259,0.0006640625,0.00024402006172839506,0.00012490354938271604,/home/jshong/Code/unfied-sr-denoise-platform/results/mc_g105_analysis/flat_dark_first/maps/morning_sunny_flat_3x_temporal_std.png,/home/jshong/Code/unfied-sr-denoise-platform/results/mc_g105_analysis/flat_dark_first/maps/morning_sunny_flat_3x_hot_persistence.png,/home/jshong/Code/unfied-sr-denoise-platform/results/mc_g105_analysis/flat_dark_first/maps/morning_sunny_flat_3x_hot_fixed_mask.png,/home/jshong/Code/unfied-sr-denoise-platform/results/mc_g105_analysis/flat_dark_first/maps/morning_sunny_flat_3x_flat_shading.png,/home/jshong/Code/unfied-sr-denoise-platform/results/mc_g105_analysis/flat_dark_first/maps/morning_sunny_flat_3x_flat_green_excess.png
/home/jshong/Code/unfied-sr-denoise-platform/results/mc_g105_capture_frames/morning/sunny/flat/3x/frame_1356.png,morning/sunny/flat/3x/frame_1356.png,morning,sunny,flat,calibration_flat,3x,frame_1356,1356,morning/sunny/flat/3x,1920,1080,147.427490234375,147.427490234375,147.427490234375,8.514091491699219,8.514091491699219,8.514091491699219,147.427490234375,8.514091491699219,128.0,128.0,0.0,0.0,0.0,0.0,0.9999999932170046,0.9999999932170046,0.0,0.0,0.0,0.014300250771604938,641.5233154296875,0.0,0.0,0.0019478202160493827,4039,0.0,0.0,0.0,0.0,0.0,0.0,0.0,0.09628428122386055,150.08596801757812,144.19813537597656,1.0408315376992796,0.9999999933371521,0.9999999933371521,50,5.954268932342529,5.779307842254639,7.81751823425293,25.87063980102539,0.2473669946193695,0.9613189697265625,-0.1569061279296875,0.0,0.0,0.0,0.05246672406792641,619.5930786132812,0.9834654497954969,True,1377,506,259,0.0006640625,0.00024402006172839506,0.00012490354938271604,/home/jshong/Code/unfied-sr-denoise-platform/results/mc_g105_analysis/flat_dark_first/maps/morning_sunny_flat_3x_temporal_std.png,/home/jshong/Code/unfied-sr-denoise-platform/results/mc_g105_analysis/flat_dark_first/maps/morning_sunny_flat_3x_hot_persistence.png,/home/jshong/Code/unfied-sr-denoise-platform/results/mc_g105_analysis/flat_dark_first/maps/morning_sunny_flat_3x_hot_fixed_mask.png,/home/jshong/Code/unfied-sr-denoise-platform/results/mc_g105_analysis/flat_dark_first/maps/morning_sunny_flat_3x_flat_shading.png,/home/jshong/Code/unfied-sr-denoise-platform/results/mc_g105_analysis/flat_dark_first/maps/morning_sunny_flat_3x_flat_green_excess.png
/home/jshong/Code/unfied-sr-denoise-platform/results/mc_g105_capture_frames/morning/sunny/flat/3x/frame_1357.png,morning/sunny/flat/3x/frame_1357.png,morning,sunny,flat,calibration_flat,3x,frame_1357,1357,morning/sunny/flat/3x,1920,1080,147.45458984375,147.45458984375,147.45458984375,8.489212036132812,8.489212036132812,8.489212036132812,147.45458984375,8.489212036132812,128.0,128.0,0.0,0.0,0.0,0.0,0.9999999932182512,0.9999999932182512,0.0,0.0,0.0,0.013071469907407407,634.3670654296875,0.0,0.0,0.001826292438271605,3787,0.0,0.0,0.0,0.0,0.0,0.0,0.0,0.09665981316378987,150.15333557128906,144.1097412109375,1.0419374378694355,0.9999999933401413,0.9999999933401413,50,5.954268932342529,5.779307842254639,7.81751823425293,25.87063980102539,0.2473669946193695,0.9613189697265625,-0.1569061279296875,0.0,0.0,0.0,0.05246672406792641,619.5930786132812,0.9834654497954969,True,1377,506,259,0.0006640625,0.00024402006172839506,0.00012490354938271604,/home/jshong/Code/unfied-sr-denoise-platform/results/mc_g105_analysis/flat_dark_first/maps/morning_sunny_flat_3x_temporal_std.png,/home/jshong/Code/unfied-sr-denoise-platform/results/mc_g105_analysis/flat_dark_first/maps/morning_sunny_flat_3x_hot_persistence.png,/home/jshong/Code/unfied-sr-denoise-platform/results/mc_g105_analysis/flat_dark_first/maps/morning_sunny_flat_3x_hot_fixed_mask.png,/home/jshong/Code/unfied-sr-denoise-platform/results/mc_g105_analysis/flat_dark_first/maps/morning_sunny_flat_3x_flat_shading.png,/home/jshong/Code/unfied-sr-denoise-platform/results/mc_g105_analysis/flat_dark_first/maps/morning_sunny_flat_3x_flat_green_excess.png
/home/jshong/Code/unfied-sr-denoise-platform/results/mc_g105_capture_frames/morning/sunny/flat/3x/frame_1358.png,morning/sunny/flat/3x/frame_1358.png,morning,sunny,flat,calibration_flat,3x,frame_1358,1358,morning/sunny/flat/3x,1920,1080,147.44668579101562,147.44668579101562,147.44668579101562,8.431931495666504,8.431931495666504,8.431931495666504,147.44668579101562,8.431931495666504,128.0,128.0,0.0,0.0,0.0,0.0,0.9999999932178877,0.9999999932178877,0.0,0.0,0.0,0.012043788580246913,622.5009155273438,0.0,0.0,0.0017906057098765432,3713,0.0,0.0,0.0,0.0,0.0,0.0,0.0,0.09569887061415774,150.1181640625,144.154296875,1.0413714074114628,0.999999993338581,0.999999993338581,50,5.954268932342529,5.779307842254639,7.81751823425293,25.87063980102539,0.2473669946193695,0.9613189697265625,-0.1569061279296875,0.0,0.0,0.0,0.05246672406792641,619.5930786132812,0.9834654497954969,True,1377,506,259,0.0006640625,0.00024402006172839506,0.00012490354938271604,/home/jshong/Code/unfied-sr-denoise-platform/results/mc_g105_analysis/flat_dark_first/maps/morning_sunny_flat_3x_temporal_std.png,/home/jshong/Code/unfied-sr-denoise-platform/results/mc_g105_analysis/flat_dark_first/maps/morning_sunny_flat_3x_hot_persistence.png,/home/jshong/Code/unfied-sr-denoise-platform/results/mc_g105_analysis/flat_dark_first/maps/morning_sunny_flat_3x_hot_fixed_mask.png,/home/jshong/Code/unfied-sr-denoise-platform/results/mc_g105_analysis/flat_dark_first/maps/morning_sunny_flat_3x_flat_shading.png,/home/jshong/Code/unfied-sr-denoise-platform/results/mc_g105_analysis/flat_dark_first/maps/morning_sunny_flat_3x_flat_green_excess.png
/home/jshong/Code/unfied-sr-denoise-platform/results/mc_g105_capture_frames/morning/sunny/flat/3x/frame_1359.png,morning/sunny/flat/3x/frame_1359.png,morning,sunny,flat,calibration_flat,3x,frame_1359,1359,morning/sunny/flat/3x,1920,1080,147.49090576171875,147.49090576171875,147.49090576171875,8.394983291625977,8.394983291625977,8.394983291625977,147.49090576171875,8.394983291625977,128.0,128.0,0.0,0.0,0.0,0.0,0.9999999932199211,0.9999999932199211,0.0,0.0,0.0,0.011349826388888888,616.9583740234375,0.0,0.0,0.0017139274691358025,3554,0.0,0.0,0.0,0.0,0.0,0.0,0.0,0.09604413506405042,150.10455322265625,144.2974090576172,1.04024426469415,0.999999993337977,0.999999993337977,50,5.954268932342529,5.779307842254639,7.81751823425293,25.87063980102539,0.2473669946193695,0.9613189697265625,-0.1569061279296875,0.0,0.0,0.0,0.05246672406792641,619.5930786132812,0.9834654497954969,True,1377,506,259,0.0006640625,0.00024402006172839506,0.00012490354938271604,/home/jshong/Code/unfied-sr-denoise-platform/results/mc_g105_analysis/flat_dark_first/maps/morning_sunny_flat_3x_temporal_std.png,/home/jshong/Code/unfied-sr-denoise-platform/results/mc_g105_analysis/flat_dark_first/maps/morning_sunny_flat_3x_hot_persistence.png,/home/jshong/Code/unfied-sr-denoise-platform/results/mc_g105_analysis/flat_dark_first/maps/morning_sunny_flat_3x_hot_fixed_mask.png,/home/jshong/Code/unfied-sr-denoise-platform/results/mc_g105_analysis/flat_dark_first/maps/morning_sunny_flat_3x_flat_shading.png,/home/jshong/Code/unfied-sr-denoise-platform/results/mc_g105_analysis/flat_dark_first/maps/morning_sunny_flat_3x_flat_green_excess.png
/home/jshong/Code/unfied-sr-denoise-platform/results/mc_g105_capture_frames/morning/sunny/flat/3x/frame_1360.png,morning/sunny/flat/3x/frame_1360.png,morning,sunny,flat,calibration_flat,3x,frame_1360,1360,morning/sunny/flat/3x,1920,1080,147.43267822265625,147.43267822265625,147.43267822265625,8.422771453857422,8.422771453857422,8.422771453857422,147.43267822265625,8.422771453857422,128.0,128.0,0.0,0.0,0.0,0.0,0.9999999932172433,0.9999999932172433,0.0,0.0,0.0,0.011821469907407407,620.9908447265625,0.0,0.0,0.00169897762345679,3523,0.0,0.0,0.0,0.0,0.0,0.0,0.0,0.09673329686753072,150.0886993408203,144.23171997070312,1.040608115404148,0.9999999933372733,0.9999999933372733,50,5.954268932342529,5.779307842254639,7.81751823425293,25.87063980102539,0.2473669946193695,0.9613189697265625,-0.1569061279296875,0.0,0.0,0.0,0.05246672406792641,619.5930786132812,0.9834654497954969,True,1377,506,259,0.0006640625,0.00024402006172839506,0.00012490354938271604,/home/jshong/Code/unfied-sr-denoise-platform/results/mc_g105_analysis/flat_dark_first/maps/morning_sunny_flat_3x_temporal_std.png,/home/jshong/Code/unfied-sr-denoise-platform/results/mc_g105_analysis/flat_dark_first/maps/morning_sunny_flat_3x_hot_persistence.png,/home/jshong/Code/unfied-sr-denoise-platform/results/mc_g105_analysis/flat_dark_first/maps/morning_sunny_flat_3x_hot_fixed_mask.png,/home/jshong/Code/unfied-sr-denoise-platform/results/mc_g105_analysis/flat_dark_first/maps/morning_sunny_flat_3x_flat_shading.png,/home/jshong/Code/unfied-sr-denoise-platform/results/mc_g105_analysis/flat_dark_first/maps/morning_sunny_flat_3x_flat_green_excess.png
/home/jshong/Code/unfied-sr-denoise-platform/results/mc_g105_capture_frames/morning/sunny/flat/3x/frame_1361.png,morning/sunny/flat/3x/frame_1361.png,morning,sunny,flat,calibration_flat,3x,frame_1361,1361,morning/sunny/flat/3x,1920,1080,147.5480194091797,147.5480194091797,147.5480194091797,8.426674842834473,8.426674842834473,8.426674842834473,147.5480194091797,8.426674842834473,128.0,128.0,0.0,0.0,0.0,0.0,0.9999999932225455,0.9999999932225455,0.0,0.0,0.0,0.011394675925925926,620.3632202148438,0.0,0.0,0.001732253086419753,3592,0.0,0.0,0.0,0.0,0.0,0.0,0.0,0.09750015187675273,150.2450714111328,144.2594451904297,1.04149208512004,0.9999999933442076,0.9999999933442076,50,5.954268932342529,5.779307842254639,7.81751823425293,25.87063980102539,0.2473669946193695,0.9613189697265625,-0.1569061279296875,0.0,0.0,0.0,0.05246672406792641,619.5930786132812,0.9834654497954969,True,1377,506,259,0.0006640625,0.00024402006172839506,0.00012490354938271604,/home/jshong/Code/unfied-sr-denoise-platform/results/mc_g105_analysis/flat_dark_first/maps/morning_sunny_flat_3x_temporal_std.png,/home/jshong/Code/unfied-sr-denoise-platform/results/mc_g105_analysis/flat_dark_first/maps/morning_sunny_flat_3x_hot_persistence.png,/home/jshong/Code/unfied-sr-denoise-platform/results/mc_g105_analysis/flat_dark_first/maps/morning_sunny_flat_3x_hot_fixed_mask.png,/home/jshong/Code/unfied-sr-denoise-platform/results/mc_g105_analysis/flat_dark_first/maps/morning_sunny_flat_3x_flat_shading.png,/home/jshong/Code/unfied-sr-denoise-platform/results/mc_g105_analysis/flat_dark_first/maps/morning_sunny_flat_3x_flat_green_excess.png
/home/jshong/Code/unfied-sr-denoise-platform/results/mc_g105_capture_frames/morning/sunny/flat/3x/frame_1362.png,morning/sunny/flat/3x/frame_1362.png,morning,sunny,flat,calibration_flat,3x,frame_1362,1362,morning/sunny/flat/3x,1920,1080,147.5995330810547,147.5995330810547,147.5995330810547,8.443465232849121,8.443465232849121,8.443465232849121,147.5995330810547,8.443465232849121,128.0,128.0,0.0,0.0,0.0,0.0,0.9999999932249108,0.9999999932249108,0.0,0.0,0.0,0.011446759259259259,632.9637451171875,0.0,0.0,0.001755883487654321,3641,0.0,0.0,0.0,0.0,0.0,0.0,0.0,0.09738233333563708,150.3037872314453,144.3748016357422,1.0410666161093356,0.9999999933468078,0.9999999933468078,50,5.954268932342529,5.779307842254639,7.81751823425293,25.87063980102539,0.2473669946193695,0.9613189697265625,-0.1569061279296875,0.0,0.0,0.0,0.05246672406792641,619.5930786132812,0.9834654497954969,True,1377,506,259,0.0006640625,0.00024402006172839506,0.00012490354938271604,/home/jshong/Code/unfied-sr-denoise-platform/results/mc_g105_analysis/flat_dark_first/maps/morning_sunny_flat_3x_temporal_std.png,/home/jshong/Code/unfied-sr-denoise-platform/results/mc_g105_analysis/flat_dark_first/maps/morning_sunny_flat_3x_hot_persistence.png,/home/jshong/Code/unfied-sr-denoise-platform/results/mc_g105_analysis/flat_dark_first/maps/morning_sunny_flat_3x_hot_fixed_mask.png,/home/jshong/Code/unfied-sr-denoise-platform/results/mc_g105_analysis/flat_dark_first/maps/morning_sunny_flat_3x_flat_shading.png,/home/jshong/Code/unfied-sr-denoise-platform/results/mc_g105_analysis/flat_dark_first/maps/morning_sunny_flat_3x_flat_green_excess.png
/home/jshong/Code/unfied-sr-denoise-platform/results/mc_g105_capture_frames/morning/sunny/flat/3x/frame_1363.png,morning/sunny/flat/3x/frame_1363.png,morning,sunny,flat,calibration_flat,3x,frame_1363,1363,morning/sunny/flat/3x,1920,1080,147.77052307128906,147.77052307128906,147.77052307128906,8.418008804321289,8.418008804321289,8.418008804321289,147.77052307128906,8.418008804321289,128.0,128.0,0.0,0.0,0.0,0.0,0.9999999932327506,0.9999999932327506,0.0,0.0,0.0,0.010794270833333333,623.78759765625,0.0,0.0,0.0018132716049382715,3760,0.0,4.822530864197531e-07,0.0,4.822530864197531e-07,4.822530864197531e-07,4.822530864197531e-07,4.822530864197531e-07,0.09697139884323384,150.4536895751953,144.60060119628906,1.0404776141316545,0.9999999933534366,0.9999999933534366,50,5.954268932342529,5.779307842254639,7.81751823425293,25.87063980102539,0.2473669946193695,0.9613189697265625,-0.1569061279296875,0.0,0.0,0.0,0.05246672406792641,619.5930786132812,0.9834654497954969,True,1377,506,259,0.0006640625,0.00024402006172839506,0.00012490354938271604,/home/jshong/Code/unfied-sr-denoise-platform/results/mc_g105_analysis/flat_dark_first/maps/morning_sunny_flat_3x_temporal_std.png,/home/jshong/Code/unfied-sr-denoise-platform/results/mc_g105_analysis/flat_dark_first/maps/morning_sunny_flat_3x_hot_persistence.png,/home/jshong/Code/unfied-sr-denoise-platform/results/mc_g105_analysis/flat_dark_first/maps/morning_sunny_flat_3x_hot_fixed_mask.png,/home/jshong/Code/unfied-sr-denoise-platform/results/mc_g105_analysis/flat_dark_first/maps/morning_sunny_flat_3x_flat_shading.png,/home/jshong/Code/unfied-sr-denoise-platform/results/mc_g105_analysis/flat_dark_first/maps/morning_sunny_flat_3x_flat_green_excess.png
/home/jshong/Code/unfied-sr-denoise-platform/results/mc_g105_capture_frames/morning/sunny/flat/3x/frame_1364.png,morning/sunny/flat/3x/frame_1364.png,morning,sunny,flat,calibration_flat,3x,frame_1364,1364,morning/sunny/flat/3x,1920,1080,147.792236328125,147.792236328125,147.792236328125,8.404613494873047,8.404613494873047,8.404613494873047,147.792236328125,8.404613494873047,128.0,128.0,0.0,0.0,0.0,0.0,0.9999999932337448,0.9999999932337448,0.0,0.0,0.0,0.01140673225308642,624.8103637695312,0.0,0.0,0.0017288773148148148,3585,0.0,0.0,0.0,0.0,0.0,0.0,0.0,0.09632005618222146,150.45420837402344,144.63360595703125,1.0402437686472232,0.9999999933534595,0.9999999933534595,50,5.954268932342529,5.779307842254639,7.81751823425293,25.87063980102539,0.2473669946193695,0.9613189697265625,-0.1569061279296875,0.0,0.0,0.0,0.05246672406792641,619.5930786132812,0.9834654497954969,True,1377,506,259,0.0006640625,0.00024402006172839506,0.00012490354938271604,/home/jshong/Code/unfied-sr-denoise-platform/results/mc_g105_analysis/flat_dark_first/maps/morning_sunny_flat_3x_temporal_std.png,/home/jshong/Code/unfied-sr-denoise-platform/results/mc_g105_analysis/flat_dark_first/maps/morning_sunny_flat_3x_hot_persistence.png,/home/jshong/Code/unfied-sr-denoise-platform/results/mc_g105_analysis/flat_dark_first/maps/morning_sunny_flat_3x_hot_fixed_mask.png,/home/jshong/Code/unfied-sr-denoise-platform/results/mc_g105_analysis/flat_dark_first/maps/morning_sunny_flat_3x_flat_shading.png,/home/jshong/Code/unfied-sr-denoise-platform/results/mc_g105_analysis/flat_dark_first/maps/morning_sunny_flat_3x_flat_green_excess.png
/home/jshong/Code/unfied-sr-denoise-platform/results/mc_g105_capture_frames/morning/sunny/flat/3x/frame_1365.png,morning/sunny/flat/3x/frame_1365.png,morning,sunny,flat,calibration_flat,3x,frame_1365,1365,morning/sunny/flat/3x,1920,1080,147.87661743164062,147.87661743164062,147.87661743164062,8.405714988708496,8.405714988708496,8.405714988708496,147.87661743164062,8.405714988708496,128.0,128.0,0.0,0.0,0.0,0.0,0.9999999932376057,0.9999999932376057,0.0,0.0,0.0,0.010932195216049382,623.7779541015625,0.0,0.0,0.0017727623456790123,3676,0.0,0.0,0.0,0.0,0.0,0.0,0.0,0.09585700554733724,150.55540466308594,144.73641967773438,1.040204006414584,0.999999993357927,0.999999993357927,50,5.954268932342529,5.779307842254639,7.81751823425293,25.87063980102539,0.2473669946193695,0.9613189697265625,-0.1569061279296875,0.0,0.0,0.0,0.05246672406792641,619.5930786132812,0.9834654497954969,True,1377,506,259,0.0006640625,0.00024402006172839506,0.00012490354938271604,/home/jshong/Code/unfied-sr-denoise-platform/results/mc_g105_analysis/flat_dark_first/maps/morning_sunny_flat_3x_temporal_std.png,/home/jshong/Code/unfied-sr-denoise-platform/results/mc_g105_analysis/flat_dark_first/maps/morning_sunny_flat_3x_hot_persistence.png,/home/jshong/Code/unfied-sr-denoise-platform/results/mc_g105_analysis/flat_dark_first/maps/morning_sunny_flat_3x_hot_fixed_mask.png,/home/jshong/Code/unfied-sr-denoise-platform/results/mc_g105_analysis/flat_dark_first/maps/morning_sunny_flat_3x_flat_shading.png,/home/jshong/Code/unfied-sr-denoise-platform/results/mc_g105_analysis/flat_dark_first/maps/morning_sunny_flat_3x_flat_green_excess.png
/home/jshong/Code/unfied-sr-denoise-platform/results/mc_g105_capture_frames/morning/sunny/flat/3x/frame_1366.png,morning/sunny/flat/3x/frame_1366.png,morning,sunny,flat,calibration_flat,3x,frame_1366,1366,morning/sunny/flat/3x,1920,1080,147.8319091796875,147.8319091796875,147.8319091796875,8.406795501708984,8.406795501708984,8.406795501708984,147.8319091796875,8.406795501708984,128.0,128.0,0.0,0.0,0.0,0.0,0.9999999932355605,0.9999999932355605,0.0,0.0,0.0,0.011575038580246914,631.0369873046875,0.0,0.0,0.0018248456790123458,3784,0.0,0.0,0.0,0.0,0.0,0.0,0.0,0.09548298848592385,150.4705352783203,144.65013122558594,1.0402377997391479,0.9999999933541807,0.9999999933541807,50,5.954268932342529,5.779307842254639,7.81751823425293,25.87063980102539,0.2473669946193695,0.9613189697265625,-0.1569061279296875,0.0,0.0,0.0,0.05246672406792641,619.5930786132812,0.9834654497954969,True,1377,506,259,0.0006640625,0.00024402006172839506,0.00012490354938271604,/home/jshong/Code/unfied-sr-denoise-platform/results/mc_g105_analysis/flat_dark_first/maps/morning_sunny_flat_3x_temporal_std.png,/home/jshong/Code/unfied-sr-denoise-platform/results/mc_g105_analysis/flat_dark_first/maps/morning_sunny_flat_3x_hot_persistence.png,/home/jshong/Code/unfied-sr-denoise-platform/results/mc_g105_analysis/flat_dark_first/maps/morning_sunny_flat_3x_hot_fixed_mask.png,/home/jshong/Code/unfied-sr-denoise-platform/results/mc_g105_analysis/flat_dark_first/maps/morning_sunny_flat_3x_flat_shading.png,/home/jshong/Code/unfied-sr-denoise-platform/results/mc_g105_analysis/flat_dark_first/maps/morning_sunny_flat_3x_flat_green_excess.png
/home/jshong/Code/unfied-sr-denoise-platform/results/mc_g105_capture_frames/morning/sunny/flat/3x/frame_1367.png,morning/sunny/flat/3x/frame_1367.png,morning,sunny,flat,calibration_flat,3x,frame_1367,1367,morning/sunny/flat/3x,1920,1080,147.4798126220703,147.4798126220703,147.4798126220703,8.368674278259277,8.368674278259277,8.368674278259277,147.4798126220703,8.368674278259277,128.0,128.0,0.0,0.0,0.0,0.0,0.999999993219411,0.999999993219411,0.0,0.0,0.0,0.011243248456790124,629.2257080078125,0.0,0.0,0.0017336998456790123,3595,0.0,0.0,0.0,0.0,0.0,0.0,0.0,0.09595753749152665,150.10562133789062,144.34201049804688,1.0399302308456588,0.9999999933380244,0.9999999933380244,50,5.954268932342529,5.779307842254639,7.81751823425293,25.87063980102539,0.2473669946193695,0.9613189697265625,-0.1569061279296875,0.0,0.0,0.0,0.05246672406792641,619.5930786132812,0.9834654497954969,True,1377,506,259,0.0006640625,0.00024402006172839506,0.00012490354938271604,/home/jshong/Code/unfied-sr-denoise-platform/results/mc_g105_analysis/flat_dark_first/maps/morning_sunny_flat_3x_temporal_std.png,/home/jshong/Code/unfied-sr-denoise-platform/results/mc_g105_analysis/flat_dark_first/maps/morning_sunny_flat_3x_hot_persistence.png,/home/jshong/Code/unfied-sr-denoise-platform/results/mc_g105_analysis/flat_dark_first/maps/morning_sunny_flat_3x_hot_fixed_mask.png,/home/jshong/Code/unfied-sr-denoise-platform/results/mc_g105_analysis/flat_dark_first/maps/morning_sunny_flat_3x_flat_shading.png,/home/jshong/Code/unfied-sr-denoise-platform/results/mc_g105_analysis/flat_dark_first/maps/morning_sunny_flat_3x_flat_green_excess.png
/home/jshong/Code/unfied-sr-denoise-platform/results/mc_g105_capture_frames/morning/sunny/flat/3x/frame_1368.png,morning/sunny/flat/3x/frame_1368.png,morning,sunny,flat,calibration_flat,3x,frame_1368,1368,morning/sunny/flat/3x,1920,1080,147.39315795898438,147.39315795898438,147.39315795898438,8.352075576782227,8.352075576782227,8.352075576782227,147.39315795898438,8.352075576782227,128.0,128.0,0.0,0.0,0.0,0.0,0.9999999932154247,0.9999999932154247,0.0,0.0,0.0,0.010697820216049383,616.3356323242188,0.0,0.0,0.0018706597222222221,3879,0.0,4.822530864197531e-07,0.0,4.822530864197531e-07,4.822530864197531e-07,4.822530864197531e-07,4.822530864197531e-07,0.09616438424226056,150.02340698242188,144.20852661132812,1.0403227150808034,0.9999999933343735,0.9999999933343735,50,5.954268932342529,5.779307842254639,7.81751823425293,25.87063980102539,0.2473669946193695,0.9613189697265625,-0.1569061279296875,0.0,0.0,0.0,0.05246672406792641,619.5930786132812,0.9834654497954969,True,1377,506,259,0.0006640625,0.00024402006172839506,0.00012490354938271604,/home/jshong/Code/unfied-sr-denoise-platform/results/mc_g105_analysis/flat_dark_first/maps/morning_sunny_flat_3x_temporal_std.png,/home/jshong/Code/unfied-sr-denoise-platform/results/mc_g105_analysis/flat_dark_first/maps/morning_sunny_flat_3x_hot_persistence.png,/home/jshong/Code/unfied-sr-denoise-platform/results/mc_g105_analysis/flat_dark_first/maps/morning_sunny_flat_3x_hot_fixed_mask.png,/home/jshong/Code/unfied-sr-denoise-platform/results/mc_g105_analysis/flat_dark_first/maps/morning_sunny_flat_3x_flat_shading.png,/home/jshong/Code/unfied-sr-denoise-platform/results/mc_g105_analysis/flat_dark_first/maps/morning_sunny_flat_3x_flat_green_excess.png
/home/jshong/Code/unfied-sr-denoise-platform/results/mc_g105_capture_frames/morning/sunny/flat/3x/frame_1369.png,morning/sunny/flat/3x/frame_1369.png,morning,sunny,flat,calibration_flat,3x,frame_1369,1369,morning/sunny/flat/3x,1920,1080,147.3314666748047,147.3314666748047,147.3314666748047,8.346302032470703,8.346302032470703,8.346302032470703,147.3314666748047,8.346302032470703,128.0,128.0,0.0,0.0,0.0,0.0,0.9999999932125837,0.9999999932125837,0.0,0.0,0.0,0.010787037037037038,622.2661743164062,0.0,0.0,0.0018639081790123456,3865,0.0,4.822530864197531e-07,0.0,4.822530864197531e-07,4.822530864197531e-07,4.822530864197531e-07,4.822530864197531e-07,0.09619430767812324,149.99484252929688,144.10525512695312,1.0408700318131017,0.9999999933331042,0.9999999933331042,50,5.954268932342529,5.779307842254639,7.81751823425293,25.87063980102539,0.2473669946193695,0.9613189697265625,-0.1569061279296875,0.0,0.0,0.0,0.05246672406792641,619.5930786132812,0.9834654497954969,True,1377,506,259,0.0006640625,0.00024402006172839506,0.00012490354938271604,/home/jshong/Code/unfied-sr-denoise-platform/results/mc_g105_analysis/flat_dark_first/maps/morning_sunny_flat_3x_temporal_std.png,/home/jshong/Code/unfied-sr-denoise-platform/results/mc_g105_analysis/flat_dark_first/maps/morning_sunny_flat_3x_hot_persistence.png,/home/jshong/Code/unfied-sr-denoise-platform/results/mc_g105_analysis/flat_dark_first/maps/morning_sunny_flat_3x_hot_fixed_mask.png,/home/jshong/Code/unfied-sr-denoise-platform/results/mc_g105_analysis/flat_dark_first/maps/morning_sunny_flat_3x_flat_shading.png,/home/jshong/Code/unfied-sr-denoise-platform/results/mc_g105_analysis/flat_dark_first/maps/morning_sunny_flat_3x_flat_green_excess.png
/home/jshong/Code/unfied-sr-denoise-platform/results/mc_g105_capture_frames/morning/sunny/flat/3x/frame_1370.png,morning/sunny/flat/3x/frame_1370.png,morning,sunny,flat,calibration_flat,3x,frame_1370,1370,morning/sunny/flat/3x,1920,1080,147.1024169921875,147.1024169921875,147.1024169921875,8.337437629699707,8.337437629699707,8.337437629699707,147.1024169921875,8.337437629699707,128.0,128.0,0.0,0.0,0.0,0.0,0.9999999932020153,0.9999999932020153,0.0,0.0,0.0,0.01105661651234568,628.2625122070312,0.0,0.0,0.0018735532407407407,3885,0.0,4.822530864197531e-07,0.0,4.822530864197531e-07,4.822530864197531e-07,4.822530864197531e-07,4.822530864197531e-07,0.09497369009708342,149.69964599609375,143.9546661376953,1.0399082500944776,0.9999999933199576,0.9999999933199576,50,5.954268932342529,5.779307842254639,7.81751823425293,25.87063980102539,0.2473669946193695,0.9613189697265625,-0.1569061279296875,0.0,0.0,0.0,0.05246672406792641,619.5930786132812,0.9834654497954969,True,1377,506,259,0.0006640625,0.00024402006172839506,0.00012490354938271604,/home/jshong/Code/unfied-sr-denoise-platform/results/mc_g105_analysis/flat_dark_first/maps/morning_sunny_flat_3x_temporal_std.png,/home/jshong/Code/unfied-sr-denoise-platform/results/mc_g105_analysis/flat_dark_first/maps/morning_sunny_flat_3x_hot_persistence.png,/home/jshong/Code/unfied-sr-denoise-platform/results/mc_g105_analysis/flat_dark_first/maps/morning_sunny_flat_3x_hot_fixed_mask.png,/home/jshong/Code/unfied-sr-denoise-platform/results/mc_g105_analysis/flat_dark_first/maps/morning_sunny_flat_3x_flat_shading.png,/home/jshong/Code/unfied-sr-denoise-platform/results/mc_g105_analysis/flat_dark_first/maps/morning_sunny_flat_3x_flat_green_excess.png
/home/jshong/Code/unfied-sr-denoise-platform/results/mc_g105_capture_frames/morning/sunny/flat/3x/frame_1371.png,morning/sunny/flat/3x/frame_1371.png,morning,sunny,flat,calibration_flat,3x,frame_1371,1371,morning/sunny/flat/3x,1920,1080,147.07936096191406,147.07936096191406,147.07936096191406,8.386285781860352,8.386285781860352,8.386285781860352,147.07936096191406,8.386285781860352,128.0,128.0,0.0,0.0,0.0,0.0,0.9999999932009496,0.9999999932009496,0.0,0.0,0.0,0.011001157407407407,637.49267578125,0.0,0.0,0.0019053819444444444,3951,0.0,0.0,0.0,0.0,0.0,0.0,0.0,0.09595574065297621,149.7345428466797,143.85784912109375,1.0408506919896214,0.9999999933215143,0.9999999933215143,50,5.954268932342529,5.779307842254639,7.81751823425293,25.87063980102539,0.2473669946193695,0.9613189697265625,-0.1569061279296875,0.0,0.0,0.0,0.05246672406792641,619.5930786132812,0.9834654497954969,True,1377,506,259,0.0006640625,0.00024402006172839506,0.00012490354938271604,/home/jshong/Code/unfied-sr-denoise-platform/results/mc_g105_analysis/flat_dark_first/maps/morning_sunny_flat_3x_temporal_std.png,/home/jshong/Code/unfied-sr-denoise-platform/results/mc_g105_analysis/flat_dark_first/maps/morning_sunny_flat_3x_hot_persistence.png,/home/jshong/Code/unfied-sr-denoise-platform/results/mc_g105_analysis/flat_dark_first/maps/morning_sunny_flat_3x_hot_fixed_mask.png,/home/jshong/Code/unfied-sr-denoise-platform/results/mc_g105_analysis/flat_dark_first/maps/morning_sunny_flat_3x_flat_shading.png,/home/jshong/Code/unfied-sr-denoise-platform/results/mc_g105_analysis/flat_dark_first/maps/morning_sunny_flat_3x_flat_green_excess.png
/home/jshong/Code/unfied-sr-denoise-platform/results/mc_g105_capture_frames/morning/sunny/flat/3x/frame_1372.png,morning/sunny/flat/3x/frame_1372.png,morning,sunny,flat,calibration_flat,3x,frame_1372,1372,morning/sunny/flat/3x,1920,1080,147.1997833251953,147.1997833251953,147.1997833251953,8.310196876525879,8.310196876525879,8.310196876525879,147.1997833251953,8.310196876525879,128.0,128.0,0.0,0.0,0.0,0.0,0.9999999932065118,0.9999999932065118,0.0,0.0,0.0,0.010472608024691358,619.2158203125,0.0,0.0,0.0017959104938271605,3724,0.0,4.822530864197531e-07,0.0,4.822530864197531e-07,4.822530864197531e-07,4.822530864197531e-07,4.822530864197531e-07,0.09485804716571253,149.79689025878906,143.9933319091797,1.0403043476552476,0.999999993324294,0.999999993324294,50,5.954268932342529,5.779307842254639,7.81751823425293,25.87063980102539,0.2473669946193695,0.9613189697265625,-0.1569061279296875,0.0,0.0,0.0,0.05246672406792641,619.5930786132812,0.9834654497954969,True,1377,506,259,0.0006640625,0.00024402006172839506,0.00012490354938271604,/home/jshong/Code/unfied-sr-denoise-platform/results/mc_g105_analysis/flat_dark_first/maps/morning_sunny_flat_3x_temporal_std.png,/home/jshong/Code/unfied-sr-denoise-platform/results/mc_g105_analysis/flat_dark_first/maps/morning_sunny_flat_3x_hot_persistence.png,/home/jshong/Code/unfied-sr-denoise-platform/results/mc_g105_analysis/flat_dark_first/maps/morning_sunny_flat_3x_hot_fixed_mask.png,/home/jshong/Code/unfied-sr-denoise-platform/results/mc_g105_analysis/flat_dark_first/maps/morning_sunny_flat_3x_flat_shading.png,/home/jshong/Code/unfied-sr-denoise-platform/results/mc_g105_analysis/flat_dark_first/maps/morning_sunny_flat_3x_flat_green_excess.png
/home/jshong/Code/unfied-sr-denoise-platform/results/mc_g105_capture_frames/morning/sunny/flat/3x/frame_1373.png,morning/sunny/flat/3x/frame_1373.png,morning,sunny,flat,calibration_flat,3x,frame_1373,1373,morning/sunny/flat/3x,1920,1080,147.3205108642578,147.3205108642578,147.3205108642578,8.390172004699707,8.390172004699707,8.390172004699707,147.3205108642578,8.390172004699707,128.0,128.0,0.0,0.0,0.0,0.0,0.999999993212079,0.999999993212079,0.0,0.0,0.0,0.010852141203703704,622.9912109375,0.0,0.0,0.0019444444444444444,4032,0.0,4.822530864197531e-07,0.0,4.822530864197531e-07,4.822530864197531e-07,4.822530864197531e-07,4.822530864197531e-07,0.09645374656493598,149.9081268310547,144.09165954589844,1.0403664324716662,0.9999999933292476,0.9999999933292476,50,5.954268932342529,5.779307842254639,7.81751823425293,25.87063980102539,0.2473669946193695,0.9613189697265625,-0.1569061279296875,0.0,0.0,0.0,0.05246672406792641,619.5930786132812,0.9834654497954969,True,1377,506,259,0.0006640625,0.00024402006172839506,0.00012490354938271604,/home/jshong/Code/unfied-sr-denoise-platform/results/mc_g105_analysis/flat_dark_first/maps/morning_sunny_flat_3x_temporal_std.png,/home/jshong/Code/unfied-sr-denoise-platform/results/mc_g105_analysis/flat_dark_first/maps/morning_sunny_flat_3x_hot_persistence.png,/home/jshong/Code/unfied-sr-denoise-platform/results/mc_g105_analysis/flat_dark_first/maps/morning_sunny_flat_3x_hot_fixed_mask.png,/home/jshong/Code/unfied-sr-denoise-platform/results/mc_g105_analysis/flat_dark_first/maps/morning_sunny_flat_3x_flat_shading.png,/home/jshong/Code/unfied-sr-denoise-platform/results/mc_g105_analysis/flat_dark_first/maps/morning_sunny_flat_3x_flat_green_excess.png
/home/jshong/Code/unfied-sr-denoise-platform/results/mc_g105_capture_frames/morning/sunny/flat/3x/frame_1374.png,morning/sunny/flat/3x/frame_1374.png,morning,sunny,flat,calibration_flat,3x,frame_1374,1374,morning/sunny/flat/3x,1920,1080,147.305908203125,147.305908203125,147.305908203125,8.400778770446777,8.400778770446777,8.400778770446777,147.305908203125,8.400778770446777,128.0,128.0,0.0,0.0,0.0,0.0,0.9999999932114061,0.9999999932114061,0.0,0.0,0.0,0.011429398148148149,635.1991577148438,0.0,0.0,0.002053915895061728,4259,0.0,0.0,0.0,0.0,0.0,0.0,0.0,0.09547304186706086,149.93516540527344,144.0606231689453,1.0407782575580045,0.9999999933304506,0.9999999933304506,50,5.954268932342529,5.779307842254639,7.81751823425293,25.87063980102539,0.2473669946193695,0.9613189697265625,-0.1569061279296875,0.0,0.0,0.0,0.05246672406792641,619.5930786132812,0.9834654497954969,True,1377,506,259,0.0006640625,0.00024402006172839506,0.00012490354938271604,/home/jshong/Code/unfied-sr-denoise-platform/results/mc_g105_analysis/flat_dark_first/maps/morning_sunny_flat_3x_temporal_std.png,/home/jshong/Code/unfied-sr-denoise-platform/results/mc_g105_analysis/flat_dark_first/maps/morning_sunny_flat_3x_hot_persistence.png,/home/jshong/Code/unfied-sr-denoise-platform/results/mc_g105_analysis/flat_dark_first/maps/morning_sunny_flat_3x_hot_fixed_mask.png,/home/jshong/Code/unfied-sr-denoise-platform/results/mc_g105_analysis/flat_dark_first/maps/morning_sunny_flat_3x_flat_shading.png,/home/jshong/Code/unfied-sr-denoise-platform/results/mc_g105_analysis/flat_dark_first/maps/morning_sunny_flat_3x_flat_green_excess.png
/home/jshong/Code/unfied-sr-denoise-platform/results/mc_g105_capture_frames/morning/sunny/flat/3x/frame_1375.png,morning/sunny/flat/3x/frame_1375.png,morning,sunny,flat,calibration_flat,3x,frame_1375,1375,morning/sunny/flat/3x,1920,1080,147.4545135498047,147.4545135498047,147.4545135498047,8.378357887268066,8.378357887268066,8.378357887268066,147.4545135498047,8.378357887268066,128.0,128.0,0.0,0.0,0.0,0.0,0.9999999932182476,0.9999999932182476,0.0,0.0,0.0,0.011267361111111112,636.5153198242188,0.0,0.0,0.0017288773148148148,3585,0.0,0.0,0.0,0.0,0.0,0.0,0.0,0.09495598171710766,150.0942840576172,144.20703125,1.0408249980306852,0.9999999933375212,0.9999999933375212,50,5.954268932342529,5.779307842254639,7.81751823425293,25.87063980102539,0.2473669946193695,0.9613189697265625,-0.1569061279296875,0.0,0.0,0.0,0.05246672406792641,619.5930786132812,0.9834654497954969,True,1377,506,259,0.0006640625,0.00024402006172839506,0.00012490354938271604,/home/jshong/Code/unfied-sr-denoise-platform/results/mc_g105_analysis/flat_dark_first/maps/morning_sunny_flat_3x_temporal_std.png,/home/jshong/Code/unfied-sr-denoise-platform/results/mc_g105_analysis/flat_dark_first/maps/morning_sunny_flat_3x_hot_persistence.png,/home/jshong/Code/unfied-sr-denoise-platform/results/mc_g105_analysis/flat_dark_first/maps/morning_sunny_flat_3x_hot_fixed_mask.png,/home/jshong/Code/unfied-sr-denoise-platform/results/mc_g105_analysis/flat_dark_first/maps/morning_sunny_flat_3x_flat_shading.png,/home/jshong/Code/unfied-sr-denoise-platform/results/mc_g105_analysis/flat_dark_first/maps/morning_sunny_flat_3x_flat_green_excess.png
/home/jshong/Code/unfied-sr-denoise-platform/results/mc_g105_capture_frames/morning/sunny/flat/3x/frame_1376.png,morning/sunny/flat/3x/frame_1376.png,morning,sunny,flat,calibration_flat,3x,frame_1376,1376,morning/sunny/flat/3x,1920,1080,147.37258911132812,147.37258911132812,147.37258911132812,8.37908935546875,8.37908935546875,8.37908935546875,147.37258911132812,8.37908935546875,128.0,128.0,0.0,0.0,0.0,0.0,0.9999999932144777,0.9999999932144777,0.0,0.0,0.0,0.011049864969135802,631.0153198242188,0.0,0.0,0.0020842978395061726,4322,0.0,4.822530864197531e-07,0.0,4.822530864197531e-07,4.822530864197531e-07,4.822530864197531e-07,4.822530864197531e-07,0.09595143506953045,149.99168395996094,144.19354248046875,1.0402108190113073,0.9999999933329637,0.9999999933329637,50,5.954268932342529,5.779307842254639,7.81751823425293,25.87063980102539,0.2473669946193695,0.9613189697265625,-0.1569061279296875,0.0,0.0,0.0,0.05246672406792641,619.5930786132812,0.9834654497954969,True,1377,506,259,0.0006640625,0.00024402006172839506,0.00012490354938271604,/home/jshong/Code/unfied-sr-denoise-platform/results/mc_g105_analysis/flat_dark_first/maps/morning_sunny_flat_3x_temporal_std.png,/home/jshong/Code/unfied-sr-denoise-platform/results/mc_g105_analysis/flat_dark_first/maps/morning_sunny_flat_3x_hot_persistence.png,/home/jshong/Code/unfied-sr-denoise-platform/results/mc_g105_analysis/flat_dark_first/maps/morning_sunny_flat_3x_hot_fixed_mask.png,/home/jshong/Code/unfied-sr-denoise-platform/results/mc_g105_analysis/flat_dark_first/maps/morning_sunny_flat_3x_flat_shading.png,/home/jshong/Code/unfied-sr-denoise-platform/results/mc_g105_analysis/flat_dark_first/maps/morning_sunny_flat_3x_flat_green_excess.png
/home/jshong/Code/unfied-sr-denoise-platform/results/mc_g105_capture_frames/morning/sunny/flat/3x/frame_1377.png,morning/sunny/flat/3x/frame_1377.png,morning,sunny,flat,calibration_flat,3x,frame_1377,1377,morning/sunny/flat/3x,1920,1080,147.45733642578125,147.45733642578125,147.45733642578125,8.376412391662598,8.376412391662598,8.376412391662598,147.45733642578125,8.376412391662598,128.0,128.0,0.0,0.0,0.0,0.0,0.9999999932183775,0.9999999932183775,0.0,0.0,0.0,0.010892650462962963,630.6783447265625,0.0,0.0,0.002040895061728395,4232,0.0,4.822530864197531e-07,0.0,4.822530864197531e-07,4.822530864197531e-07,4.822530864197531e-07,4.822530864197531e-07,0.09668719724434939,150.10336303710938,144.28375244140625,1.0403344760369466,0.9999999933379241,0.9999999933379241,50,5.954268932342529,5.779307842254639,7.81751823425293,25.87063980102539,0.2473669946193695,0.9613189697265625,-0.1569061279296875,0.0,0.0,0.0,0.05246672406792641,619.5930786132812,0.9834654497954969,True,1377,506,259,0.0006640625,0.00024402006172839506,0.00012490354938271604,/home/jshong/Code/unfied-sr-denoise-platform/results/mc_g105_analysis/flat_dark_first/maps/morning_sunny_flat_3x_temporal_std.png,/home/jshong/Code/unfied-sr-denoise-platform/results/mc_g105_analysis/flat_dark_first/maps/morning_sunny_flat_3x_hot_persistence.png,/home/jshong/Code/unfied-sr-denoise-platform/results/mc_g105_analysis/flat_dark_first/maps/morning_sunny_flat_3x_hot_fixed_mask.png,/home/jshong/Code/unfied-sr-denoise-platform/results/mc_g105_analysis/flat_dark_first/maps/morning_sunny_flat_3x_flat_shading.png,/home/jshong/Code/unfied-sr-denoise-platform/results/mc_g105_analysis/flat_dark_first/maps/morning_sunny_flat_3x_flat_green_excess.png
/home/jshong/Code/unfied-sr-denoise-platform/results/mc_g105_capture_frames/morning/sunny/flat/3x/frame_1378.png,morning/sunny/flat/3x/frame_1378.png,morning,sunny,flat,calibration_flat,3x,frame_1378,1378,morning/sunny/flat/3x,1920,1080,147.46859741210938,147.46859741210938,147.46859741210938,8.377201080322266,8.377201080322266,8.377201080322266,147.46859741210938,8.377201080322266,128.0,128.0,0.0,0.0,0.0,0.0,0.9999999932188953,0.9999999932188953,0.0,0.0,0.0,0.010719039351851851,630.0260009765625,0.0,0.0,0.001928047839506173,3998,0.0,0.0,0.0,0.0,0.0,0.0,0.0,0.0958878532306406,150.12030029296875,144.23109436035156,1.0408317285388662,0.9999999933386758,0.9999999933386758,50,5.954268932342529,5.779307842254639,7.81751823425293,25.87063980102539,0.2473669946193695,0.9613189697265625,-0.1569061279296875,0.0,0.0,0.0,0.05246672406792641,619.5930786132812,0.9834654497954969,True,1377,506,259,0.0006640625,0.00024402006172839506,0.00012490354938271604,/home/jshong/Code/unfied-sr-denoise-platform/results/mc_g105_analysis/flat_dark_first/maps/morning_sunny_flat_3x_temporal_std.png,/home/jshong/Code/unfied-sr-denoise-platform/results/mc_g105_analysis/flat_dark_first/maps/morning_sunny_flat_3x_hot_persistence.png,/home/jshong/Code/unfied-sr-denoise-platform/results/mc_g105_analysis/flat_dark_first/maps/morning_sunny_flat_3x_hot_fixed_mask.png,/home/jshong/Code/unfied-sr-denoise-platform/results/mc_g105_analysis/flat_dark_first/maps/morning_sunny_flat_3x_flat_shading.png,/home/jshong/Code/unfied-sr-denoise-platform/results/mc_g105_analysis/flat_dark_first/maps/morning_sunny_flat_3x_flat_green_excess.png
/home/jshong/Code/unfied-sr-denoise-platform/results/mc_g105_capture_frames/morning/sunny/flat/3x/frame_1379.png,morning/sunny/flat/3x/frame_1379.png,morning,sunny,flat,calibration_flat,3x,frame_1379,1379,morning/sunny/flat/3x,1920,1080,147.39358520507812,147.39358520507812,147.39358520507812,8.348578453063965,8.348578453063965,8.348578453063965,147.39358520507812,8.348578453063965,128.0,128.0,0.0,0.0,0.0,0.0,0.9999999932154443,0.9999999932154443,0.0,0.0,0.0,0.010989101080246914,622.8978881835938,0.0,0.0,0.0019000771604938272,3940,0.0,0.0,0.0,0.0,0.0,0.0,0.0,0.09598033918567661,150.07046508789062,144.0975799560547,1.0414502734342048,0.9999999933364637,0.9999999933364637,50,5.954268932342529,5.779307842254639,7.81751823425293,25.87063980102539,0.2473669946193695,0.9613189697265625,-0.1569061279296875,0.0,0.0,0.0,0.05246672406792641,619.5930786132812,0.9834654497954969,True,1377,506,259,0.0006640625,0.00024402006172839506,0.00012490354938271604,/home/jshong/Code/unfied-sr-denoise-platform/results/mc_g105_analysis/flat_dark_first/maps/morning_sunny_flat_3x_temporal_std.png,/home/jshong/Code/unfied-sr-denoise-platform/results/mc_g105_analysis/flat_dark_first/maps/morning_sunny_flat_3x_hot_persistence.png,/home/jshong/Code/unfied-sr-denoise-platform/results/mc_g105_analysis/flat_dark_first/maps/morning_sunny_flat_3x_hot_fixed_mask.png,/home/jshong/Code/unfied-sr-denoise-platform/results/mc_g105_analysis/flat_dark_first/maps/morning_sunny_flat_3x_flat_shading.png,/home/jshong/Code/unfied-sr-denoise-platform/results/mc_g105_analysis/flat_dark_first/maps/morning_sunny_flat_3x_flat_green_excess.png
/home/jshong/Code/unfied-sr-denoise-platform/results/mc_g105_capture_frames/morning/sunny/flat/3x/frame_1380.png,morning/sunny/flat/3x/frame_1380.png,morning,sunny,flat,calibration_flat,3x,frame_1380,1380,morning/sunny/flat/3x,1920,1080,147.02879333496094,147.02879333496094,147.02879333496094,10.501387596130371,10.501387596130371,10.501387596130371,147.02879333496094,10.501387596130371,128.0,128.0,0.0,0.0,0.0,0.0,0.9999999931986112,0.9999999931986112,0.0,0.0,0.0,0.0629393325617284,1228.729736328125,0.0,0.0,0.0018889853395061729,3917,0.0,4.822530864197531e-07,0.0,4.822530864197531e-07,4.822530864197531e-07,4.822530864197531e-07,4.822530864197531e-07,0.09605586369611041,149.6882781982422,143.81712341308594,1.0408237461923695,0.9999999933194502,0.9999999933194502,50,5.954268932342529,5.779307842254639,7.81751823425293,25.87063980102539,0.2473669946193695,0.9613189697265625,-0.1569061279296875,0.0,0.0,0.0,0.05246672406792641,619.5930786132812,0.9834654497954969,True,1377,506,259,0.0006640625,0.00024402006172839506,0.00012490354938271604,/home/jshong/Code/unfied-sr-denoise-platform/results/mc_g105_analysis/flat_dark_first/maps/morning_sunny_flat_3x_temporal_std.png,/home/jshong/Code/unfied-sr-denoise-platform/results/mc_g105_analysis/flat_dark_first/maps/morning_sunny_flat_3x_hot_persistence.png,/home/jshong/Code/unfied-sr-denoise-platform/results/mc_g105_analysis/flat_dark_first/maps/morning_sunny_flat_3x_hot_fixed_mask.png,/home/jshong/Code/unfied-sr-denoise-platform/results/mc_g105_analysis/flat_dark_first/maps/morning_sunny_flat_3x_flat_shading.png,/home/jshong/Code/unfied-sr-denoise-platform/results/mc_g105_analysis/flat_dark_first/maps/morning_sunny_flat_3x_flat_green_excess.png
/home/jshong/Code/unfied-sr-denoise-platform/results/mc_g105_capture_frames/morning/sunny/flat/3x/frame_1381.png,morning/sunny/flat/3x/frame_1381.png,morning,sunny,flat,calibration_flat,3x,frame_1381,1381,morning/sunny/flat/3x,1920,1080,147.13510131835938,147.13510131835938,147.13510131835938,9.463172912597656,9.463172912597656,9.463172912597656,147.13510131835938,9.463172912597656,128.0,128.0,0.0,0.0,0.0,0.0,0.9999999932035253,0.9999999932035253,0.0,0.0,0.0,0.03209780092592593,882.5700073242188,0.0,0.0,0.0018045910493827162,3742,0.0,4.822530864197531e-07,0.0,4.822530864197531e-07,4.822530864197531e-07,4.822530864197531e-07,4.822530864197531e-07,0.0949353585313024,149.77511596679688,143.81842041015625,1.0414181611662439,0.9999999933233236,0.9999999933233236,50,5.954268932342529,5.779307842254639,7.81751823425293,25.87063980102539,0.2473669946193695,0.9613189697265625,-0.1569061279296875,0.0,0.0,0.0,0.05246672406792641,619.5930786132812,0.9834654497954969,True,1377,506,259,0.0006640625,0.00024402006172839506,0.00012490354938271604,/home/jshong/Code/unfied-sr-denoise-platform/results/mc_g105_analysis/flat_dark_first/maps/morning_sunny_flat_3x_temporal_std.png,/home/jshong/Code/unfied-sr-denoise-platform/results/mc_g105_analysis/flat_dark_first/maps/morning_sunny_flat_3x_hot_persistence.png,/home/jshong/Code/unfied-sr-denoise-platform/results/mc_g105_analysis/flat_dark_first/maps/morning_sunny_flat_3x_hot_fixed_mask.png,/home/jshong/Code/unfied-sr-denoise-platform/results/mc_g105_analysis/flat_dark_first/maps/morning_sunny_flat_3x_flat_shading.png,/home/jshong/Code/unfied-sr-denoise-platform/results/mc_g105_analysis/flat_dark_first/maps/morning_sunny_flat_3x_flat_green_excess.png
/home/jshong/Code/unfied-sr-denoise-platform/results/mc_g105_capture_frames/morning/sunny/flat/3x/frame_1382.png,morning/sunny/flat/3x/frame_1382.png,morning,sunny,flat,calibration_flat,3x,frame_1382,1382,morning/sunny/flat/3x,1920,1080,147.02310180664062,147.02310180664062,147.02310180664062,8.970760345458984,8.970760345458984,8.970760345458984,147.02310180664062,8.970760345458984,128.0,128.0,0.0,0.0,0.0,0.0,0.9999999931983479,0.9999999931983479,0.0,0.0,0.0,0.02074315200617284,732.7824096679688,0.0,0.0,0.0019155092592592592,3972,0.0,4.822530864197531e-07,0.0,4.822530864197531e-07,4.822530864197531e-07,4.822530864197531e-07,4.822530864197531e-07,0.09635063392146793,149.65208435058594,143.76470947265625,1.040951453653499,0.9999999933178345,0.9999999933178345,50,5.954268932342529,5.779307842254639,7.81751823425293,25.87063980102539,0.2473669946193695,0.9613189697265625,-0.1569061279296875,0.0,0.0,0.0,0.05246672406792641,619.5930786132812,0.9834654497954969,True,1377,506,259,0.0006640625,0.00024402006172839506,0.00012490354938271604,/home/jshong/Code/unfied-sr-denoise-platform/results/mc_g105_analysis/flat_dark_first/maps/morning_sunny_flat_3x_temporal_std.png,/home/jshong/Code/unfied-sr-denoise-platform/results/mc_g105_analysis/flat_dark_first/maps/morning_sunny_flat_3x_hot_persistence.png,/home/jshong/Code/unfied-sr-denoise-platform/results/mc_g105_analysis/flat_dark_first/maps/morning_sunny_flat_3x_hot_fixed_mask.png,/home/jshong/Code/unfied-sr-denoise-platform/results/mc_g105_analysis/flat_dark_first/maps/morning_sunny_flat_3x_flat_shading.png,/home/jshong/Code/unfied-sr-denoise-platform/results/mc_g105_analysis/flat_dark_first/maps/morning_sunny_flat_3x_flat_green_excess.png
/home/jshong/Code/unfied-sr-denoise-platform/results/mc_g105_capture_frames/morning/sunny/flat/3x/frame_1383.png,morning/sunny/flat/3x/frame_1383.png,morning,sunny,flat,calibration_flat,3x,frame_1383,1383,morning/sunny/flat/3x,1920,1080,147.11631774902344,147.11631774902344,147.11631774902344,9.254780769348145,9.254780769348145,9.254780769348145,147.11631774902344,9.254780769348145,128.0,128.0,0.0,0.0,0.0,0.0,0.9999999932026575,0.9999999932026575,0.0,0.0,0.0,0.02590229552469136,825.7390747070312,0.0,0.0,0.001691261574074074,3507,0.0,4.822530864197531e-07,0.0,4.822530864197531e-07,4.822530864197531e-07,4.822530864197531e-07,4.822530864197531e-07,0.09605345467334439,149.70863342285156,143.87643432617188,1.0405361592637317,0.9999999933203586,0.9999999933203586,50,5.954268932342529,5.779307842254639,7.81751823425293,25.87063980102539,0.2473669946193695,0.9613189697265625,-0.1569061279296875,0.0,0.0,0.0,0.05246672406792641,619.5930786132812,0.9834654497954969,True,1377,506,259,0.0006640625,0.00024402006172839506,0.00012490354938271604,/home/jshong/Code/unfied-sr-denoise-platform/results/mc_g105_analysis/flat_dark_first/maps/morning_sunny_flat_3x_temporal_std.png,/home/jshong/Code/unfied-sr-denoise-platform/results/mc_g105_analysis/flat_dark_first/maps/morning_sunny_flat_3x_hot_persistence.png,/home/jshong/Code/unfied-sr-denoise-platform/results/mc_g105_analysis/flat_dark_first/maps/morning_sunny_flat_3x_hot_fixed_mask.png,/home/jshong/Code/unfied-sr-denoise-platform/results/mc_g105_analysis/flat_dark_first/maps/morning_sunny_flat_3x_flat_shading.png,/home/jshong/Code/unfied-sr-denoise-platform/results/mc_g105_analysis/flat_dark_first/maps/morning_sunny_flat_3x_flat_green_excess.png
/home/jshong/Code/unfied-sr-denoise-platform/results/mc_g105_capture_frames/morning/sunny/flat/3x/frame_1384.png,morning/sunny/flat/3x/frame_1384.png,morning,sunny,flat,calibration_flat,3x,frame_1384,1384,morning/sunny/flat/3x,1920,1080,146.96771240234375,146.96771240234375,146.96771240234375,8.703316688537598,8.703316688537598,8.703316688537598,146.96771240234375,8.703316688537598,128.0,128.0,0.0,0.0,0.0,0.0,0.9999999931957845,0.9999999931957845,0.0,0.0,0.0,0.01798418209876543,701.414306640625,0.0,0.0,0.0020066550925925924,4161,0.0,0.0,0.0,0.0,0.0,0.0,0.0,0.09582694448547177,149.54351806640625,143.73077392578125,1.0404418827048456,0.9999999933129834,0.9999999933129834,50,5.954268932342529,5.779307842254639,7.81751823425293,25.87063980102539,0.2473669946193695,0.9613189697265625,-0.1569061279296875,0.0,0.0,0.0,0.05246672406792641,619.5930786132812,0.9834654497954969,True,1377,506,259,0.0006640625,0.00024402006172839506,0.00012490354938271604,/home/jshong/Code/unfied-sr-denoise-platform/results/mc_g105_analysis/flat_dark_first/maps/morning_sunny_flat_3x_temporal_std.png,/home/jshong/Code/unfied-sr-denoise-platform/results/mc_g105_analysis/flat_dark_first/maps/morning_sunny_flat_3x_hot_persistence.png,/home/jshong/Code/unfied-sr-denoise-platform/results/mc_g105_analysis/flat_dark_first/maps/morning_sunny_flat_3x_hot_fixed_mask.png,/home/jshong/Code/unfied-sr-denoise-platform/results/mc_g105_analysis/flat_dark_first/maps/morning_sunny_flat_3x_flat_shading.png,/home/jshong/Code/unfied-sr-denoise-platform/results/mc_g105_analysis/flat_dark_first/maps/morning_sunny_flat_3x_flat_green_excess.png
/home/jshong/Code/unfied-sr-denoise-platform/results/mc_g105_capture_frames/morning/sunny/flat/3x/frame_1385.png,morning/sunny/flat/3x/frame_1385.png,morning,sunny,flat,calibration_flat,3x,frame_1385,1385,morning/sunny/flat/3x,1920,1080,147.01296997070312,147.01296997070312,147.01296997070312,8.56701946258545,8.56701946258545,8.56701946258545,147.01296997070312,8.56701946258545,128.0,128.0,0.0,0.0,0.0,0.0,0.9999999931978791,0.9999999931978791,0.0,0.0,0.0,0.015191936728395061,660.8392944335938,0.0,0.0,0.0021064814814814813,4368,0.0,0.0,0.0,0.0,0.0,0.0,0.0,0.09569446348514489,149.60797119140625,143.8442840576172,1.0400689268362688,0.9999999933158642,0.9999999933158642,50,5.954268932342529,5.779307842254639,7.81751823425293,25.87063980102539,0.2473669946193695,0.9613189697265625,-0.1569061279296875,0.0,0.0,0.0,0.05246672406792641,619.5930786132812,0.9834654497954969,True,1377,506,259,0.0006640625,0.00024402006172839506,0.00012490354938271604,/home/jshong/Code/unfied-sr-denoise-platform/results/mc_g105_analysis/flat_dark_first/maps/morning_sunny_flat_3x_temporal_std.png,/home/jshong/Code/unfied-sr-denoise-platform/results/mc_g105_analysis/flat_dark_first/maps/morning_sunny_flat_3x_hot_persistence.png,/home/jshong/Code/unfied-sr-denoise-platform/results/mc_g105_analysis/flat_dark_first/maps/morning_sunny_flat_3x_hot_fixed_mask.png,/home/jshong/Code/unfied-sr-denoise-platform/results/mc_g105_analysis/flat_dark_first/maps/morning_sunny_flat_3x_flat_shading.png,/home/jshong/Code/unfied-sr-denoise-platform/results/mc_g105_analysis/flat_dark_first/maps/morning_sunny_flat_3x_flat_green_excess.png
/home/jshong/Code/unfied-sr-denoise-platform/results/mc_g105_capture_frames/morning/sunny/flat/3x/frame_1386.png,morning/sunny/flat/3x/frame_1386.png,morning,sunny,flat,calibration_flat,3x,frame_1386,1386,morning/sunny/flat/3x,1920,1080,146.99195861816406,146.99195861816406,146.99195861816406,8.451404571533203,8.451404571533203,8.451404571533203,146.99195861816406,8.451404571533203,128.0,128.0,0.0,0.0,0.0,0.0,0.9999999931969068,0.9999999931969068,0.0,0.0,0.0,0.013095100308641975,622.966552734375,0.0,0.0,0.0017308063271604939,3589,0.0,0.0,0.0,0.0,0.0,0.0,0.0,0.09690210164412393,149.61778259277344,143.80184936523438,1.0404440708709068,0.9999999933163025,0.9999999933163025,50,5.954268932342529,5.779307842254639,7.81751823425293,25.87063980102539,0.2473669946193695,0.9613189697265625,-0.1569061279296875,0.0,0.0,0.0,0.05246672406792641,619.5930786132812,0.9834654497954969,True,1377,506,259,0.0006640625,0.00024402006172839506,0.00012490354938271604,/home/jshong/Code/unfied-sr-denoise-platform/results/mc_g105_analysis/flat_dark_first/maps/morning_sunny_flat_3x_temporal_std.png,/home/jshong/Code/unfied-sr-denoise-platform/results/mc_g105_analysis/flat_dark_first/maps/morning_sunny_flat_3x_hot_persistence.png,/home/jshong/Code/unfied-sr-denoise-platform/results/mc_g105_analysis/flat_dark_first/maps/morning_sunny_flat_3x_hot_fixed_mask.png,/home/jshong/Code/unfied-sr-denoise-platform/results/mc_g105_analysis/flat_dark_first/maps/morning_sunny_flat_3x_flat_shading.png,/home/jshong/Code/unfied-sr-denoise-platform/results/mc_g105_analysis/flat_dark_first/maps/morning_sunny_flat_3x_flat_green_excess.png
/home/jshong/Code/unfied-sr-denoise-platform/results/mc_g105_capture_frames/morning/sunny/flat/3x/frame_1387.png,morning/sunny/flat/3x/frame_1387.png,morning,sunny,flat,calibration_flat,3x,frame_1387,1387,morning/sunny/flat/3x,1920,1080,147.00418090820312,147.00418090820312,147.00418090820312,8.436279296875,8.436279296875,8.436279296875,147.00418090820312,8.436279296875,128.0,128.0,0.0,0.0,0.0,0.0,0.9999999931974725,0.9999999931974725,0.0,0.0,0.0,0.012628279320987654,621.171142578125,0.0,0.0,0.0017283950617283952,3584,0.0,0.0,0.0,0.0,0.0,0.0,0.0,0.096565622399817,149.71881103515625,143.7667999267578,1.0414004489912152,0.9999999933208127,0.9999999933208127,50,5.954268932342529,5.779307842254639,7.81751823425293,25.87063980102539,0.2473669946193695,0.9613189697265625,-0.1569061279296875,0.0,0.0,0.0,0.05246672406792641,619.5930786132812,0.9834654497954969,True,1377,506,259,0.0006640625,0.00024402006172839506,0.00012490354938271604,/home/jshong/Code/unfied-sr-denoise-platform/results/mc_g105_analysis/flat_dark_first/maps/morning_sunny_flat_3x_temporal_std.png,/home/jshong/Code/unfied-sr-denoise-platform/results/mc_g105_analysis/flat_dark_first/maps/morning_sunny_flat_3x_hot_persistence.png,/home/jshong/Code/unfied-sr-denoise-platform/results/mc_g105_analysis/flat_dark_first/maps/morning_sunny_flat_3x_hot_fixed_mask.png,/home/jshong/Code/unfied-sr-denoise-platform/results/mc_g105_analysis/flat_dark_first/maps/morning_sunny_flat_3x_flat_shading.png,/home/jshong/Code/unfied-sr-denoise-platform/results/mc_g105_analysis/flat_dark_first/maps/morning_sunny_flat_3x_flat_green_excess.png
/home/jshong/Code/unfied-sr-denoise-platform/results/mc_g105_capture_frames/morning/sunny/flat/3x/frame_1388.png,morning/sunny/flat/3x/frame_1388.png,morning,sunny,flat,calibration_flat,3x,frame_1388,1388,morning/sunny/flat/3x,1920,1080,146.97927856445312,146.97927856445312,146.97927856445312,8.435506820678711,8.435506820678711,8.435506820678711,146.97927856445312,8.435506820678711,128.0,128.0,0.0,0.0,0.0,0.0,0.9999999931963199,0.9999999931963199,0.0,0.0,0.0,0.01269579475308642,629.9940795898438,0.0,0.0,0.002042824074074074,4236,0.0,4.822530864197531e-07,0.0,4.822530864197531e-07,4.822530864197531e-07,4.822530864197531e-07,4.822530864197531e-07,0.09628550706687862,149.68292236328125,143.76576232910156,1.0411583321171844,0.9999999933192112,0.9999999933192112,50,5.954268932342529,5.779307842254639,7.81751823425293,25.87063980102539,0.2473669946193695,0.9613189697265625,-0.1569061279296875,0.0,0.0,0.0,0.05246672406792641,619.5930786132812,0.9834654497954969,True,1377,506,259,0.0006640625,0.00024402006172839506,0.00012490354938271604,/home/jshong/Code/unfied-sr-denoise-platform/results/mc_g105_analysis/flat_dark_first/maps/morning_sunny_flat_3x_temporal_std.png,/home/jshong/Code/unfied-sr-denoise-platform/results/mc_g105_analysis/flat_dark_first/maps/morning_sunny_flat_3x_hot_persistence.png,/home/jshong/Code/unfied-sr-denoise-platform/results/mc_g105_analysis/flat_dark_first/maps/morning_sunny_flat_3x_hot_fixed_mask.png,/home/jshong/Code/unfied-sr-denoise-platform/results/mc_g105_analysis/flat_dark_first/maps/morning_sunny_flat_3x_flat_shading.png,/home/jshong/Code/unfied-sr-denoise-platform/results/mc_g105_analysis/flat_dark_first/maps/morning_sunny_flat_3x_flat_green_excess.png
/home/jshong/Code/unfied-sr-denoise-platform/results/mc_g105_capture_frames/morning/sunny/flat/3x/frame_1389.png,morning/sunny/flat/3x/frame_1389.png,morning,sunny,flat,calibration_flat,3x,frame_1389,1389,morning/sunny/flat/3x,1920,1080,146.91529846191406,146.91529846191406,146.91529846191406,8.381730079650879,8.381730079650879,8.381730079650879,146.91529846191406,8.381730079650879,128.0,128.0,0.0,0.0,0.0,0.0,0.999999993193357,0.999999993193357,0.0,0.0,0.0,0.011753472222222222,611.0946044921875,0.0,0.0,0.0019246720679012346,3991,0.0,0.0,0.0,0.0,0.0,0.0,0.0,0.09666074178335618,149.58094787597656,143.68702697753906,1.0410191510075553,0.9999999933146567,0.9999999933146567,50,5.954268932342529,5.779307842254639,7.81751823425293,25.87063980102539,0.2473669946193695,0.9613189697265625,-0.1569061279296875,0.0,0.0,0.0,0.05246672406792641,619.5930786132812,0.9834654497954969,True,1377,506,259,0.0006640625,0.00024402006172839506,0.00012490354938271604,/home/jshong/Code/unfied-sr-denoise-platform/results/mc_g105_analysis/flat_dark_first/maps/morning_sunny_flat_3x_temporal_std.png,/home/jshong/Code/unfied-sr-denoise-platform/results/mc_g105_analysis/flat_dark_first/maps/morning_sunny_flat_3x_hot_persistence.png,/home/jshong/Code/unfied-sr-denoise-platform/results/mc_g105_analysis/flat_dark_first/maps/morning_sunny_flat_3x_hot_fixed_mask.png,/home/jshong/Code/unfied-sr-denoise-platform/results/mc_g105_analysis/flat_dark_first/maps/morning_sunny_flat_3x_flat_shading.png,/home/jshong/Code/unfied-sr-denoise-platform/results/mc_g105_analysis/flat_dark_first/maps/morning_sunny_flat_3x_flat_green_excess.png
/home/jshong/Code/unfied-sr-denoise-platform/results/mc_g105_capture_frames/morning/sunny/flat/3x/frame_1390.png,morning/sunny/flat/3x/frame_1390.png,morning,sunny,flat,calibration_flat,3x,frame_1390,1390,morning/sunny/flat/3x,1920,1080,146.9717254638672,146.9717254638672,146.9717254638672,8.4397611618042,8.4397611618042,8.4397611618042,146.9717254638672,8.4397611618042,128.0,128.0,0.0,0.0,0.0,0.0,0.9999999931959702,0.9999999931959702,0.0,0.0,0.0,0.01201195987654321,629.2513427734375,0.0,0.0,0.0020003858024691358,4148,0.0,0.0,0.0,0.0,0.0,0.0,0.0,0.09625767171911614,149.63632202148438,143.71119689941406,1.0412293837131426,0.9999999933171306,0.9999999933171306,50,5.954268932342529,5.779307842254639,7.81751823425293,25.87063980102539,0.2473669946193695,0.9613189697265625,-0.1569061279296875,0.0,0.0,0.0,0.05246672406792641,619.5930786132812,0.9834654497954969,True,1377,506,259,0.0006640625,0.00024402006172839506,0.00012490354938271604,/home/jshong/Code/unfied-sr-denoise-platform/results/mc_g105_analysis/flat_dark_first/maps/morning_sunny_flat_3x_temporal_std.png,/home/jshong/Code/unfied-sr-denoise-platform/results/mc_g105_analysis/flat_dark_first/maps/morning_sunny_flat_3x_hot_persistence.png,/home/jshong/Code/unfied-sr-denoise-platform/results/mc_g105_analysis/flat_dark_first/maps/morning_sunny_flat_3x_hot_fixed_mask.png,/home/jshong/Code/unfied-sr-denoise-platform/results/mc_g105_analysis/flat_dark_first/maps/morning_sunny_flat_3x_flat_shading.png,/home/jshong/Code/unfied-sr-denoise-platform/results/mc_g105_analysis/flat_dark_first/maps/morning_sunny_flat_3x_flat_green_excess.png
/home/jshong/Code/unfied-sr-denoise-platform/results/mc_g105_capture_frames/morning/sunny/flat/3x/frame_1391.png,morning/sunny/flat/3x/frame_1391.png,morning,sunny,flat,calibration_flat,3x,frame_1391,1391,morning/sunny/flat/3x,1920,1080,146.9247589111328,146.9247589111328,146.9247589111328,8.353031158447266,8.353031158447266,8.353031158447266,146.9247589111328,8.353031158447266,128.0,128.0,0.0,0.0,0.0,0.0,0.9999999931937953,0.9999999931937953,0.0,0.0,0.0,0.012179783950617284,632.2994995117188,0.0,0.0,0.001969039351851852,4083,0.0,0.0,0.0,0.0,0.0,0.0,0.0,0.09511901833756435,149.53126525878906,143.63623046875,1.0410414122520446,0.9999999933124354,0.9999999933124354,50,5.954268932342529,5.779307842254639,7.81751823425293,25.87063980102539,0.2473669946193695,0.9613189697265625,-0.1569061279296875,0.0,0.0,0.0,0.05246672406792641,619.5930786132812,0.9834654497954969,True,1377,506,259,0.0006640625,0.00024402006172839506,0.00012490354938271604,/home/jshong/Code/unfied-sr-denoise-platform/results/mc_g105_analysis/flat_dark_first/maps/morning_sunny_flat_3x_temporal_std.png,/home/jshong/Code/unfied-sr-denoise-platform/results/mc_g105_analysis/flat_dark_first/maps/morning_sunny_flat_3x_hot_persistence.png,/home/jshong/Code/unfied-sr-denoise-platform/results/mc_g105_analysis/flat_dark_first/maps/morning_sunny_flat_3x_hot_fixed_mask.png,/home/jshong/Code/unfied-sr-denoise-platform/results/mc_g105_analysis/flat_dark_first/maps/morning_sunny_flat_3x_flat_shading.png,/home/jshong/Code/unfied-sr-denoise-platform/results/mc_g105_analysis/flat_dark_first/maps/morning_sunny_flat_3x_flat_green_excess.png
/home/jshong/Code/unfied-sr-denoise-platform/results/mc_g105_capture_frames/morning/sunny/flat/3x/frame_1392.png,morning/sunny/flat/3x/frame_1392.png,morning,sunny,flat,calibration_flat,3x,frame_1392,1392,morning/sunny/flat/3x,1920,1080,147.128662109375,147.128662109375,147.128662109375,8.371259689331055,8.371259689331055,8.371259689331055,147.128662109375,8.371259689331055,128.0,128.0,0.0,0.0,0.0,0.0,0.9999999932032279,0.9999999932032279,0.0,0.0,0.0,0.01140576774691358,638.4981689453125,0.0,0.0,0.002103105709876543,4361,0.0,0.0,0.0,0.0,0.0,0.0,0.0,0.09406998698177331,149.79515075683594,143.85435485839844,1.0412972889349645,0.9999999933242165,0.9999999933242165,50,5.954268932342529,5.779307842254639,7.81751823425293,25.87063980102539,0.2473669946193695,0.9613189697265625,-0.1569061279296875,0.0,0.0,0.0,0.05246672406792641,619.5930786132812,0.9834654497954969,True,1377,506,259,0.0006640625,0.00024402006172839506,0.00012490354938271604,/home/jshong/Code/unfied-sr-denoise-platform/results/mc_g105_analysis/flat_dark_first/maps/morning_sunny_flat_3x_temporal_std.png,/home/jshong/Code/unfied-sr-denoise-platform/results/mc_g105_analysis/flat_dark_first/maps/morning_sunny_flat_3x_hot_persistence.png,/home/jshong/Code/unfied-sr-denoise-platform/results/mc_g105_analysis/flat_dark_first/maps/morning_sunny_flat_3x_hot_fixed_mask.png,/home/jshong/Code/unfied-sr-denoise-platform/results/mc_g105_analysis/flat_dark_first/maps/morning_sunny_flat_3x_flat_shading.png,/home/jshong/Code/unfied-sr-denoise-platform/results/mc_g105_analysis/flat_dark_first/maps/morning_sunny_flat_3x_flat_green_excess.png
/home/jshong/Code/unfied-sr-denoise-platform/results/mc_g105_capture_frames/morning/sunny/flat/3x/frame_1393.png,morning/sunny/flat/3x/frame_1393.png,morning,sunny,flat,calibration_flat,3x,frame_1393,1393,morning/sunny/flat/3x,1920,1080,147.2672119140625,147.2672119140625,147.2672119140625,8.318615913391113,8.318615913391113,8.318615913391113,147.2672119140625,8.318615913391113,128.0,128.0,0.0,0.0,0.0,0.0,0.9999999932096223,0.9999999932096223,0.0,0.0,0.0,0.010584972993827161,617.9471435546875,0.0,0.0,0.0019367283950617283,4016,0.0,0.0,0.0,0.0,0.0,0.0,0.0,0.09382394057392424,149.9351806640625,144.08285522460938,1.0406177708632456,0.9999999933304513,0.9999999933304513,50,5.954268932342529,5.779307842254639,7.81751823425293,25.87063980102539,0.2473669946193695,0.9613189697265625,-0.1569061279296875,0.0,0.0,0.0,0.05246672406792641,619.5930786132812,0.9834654497954969,True,1377,506,259,0.0006640625,0.00024402006172839506,0.00012490354938271604,/home/jshong/Code/unfied-sr-denoise-platform/results/mc_g105_analysis/flat_dark_first/maps/morning_sunny_flat_3x_temporal_std.png,/home/jshong/Code/unfied-sr-denoise-platform/results/mc_g105_analysis/flat_dark_first/maps/morning_sunny_flat_3x_hot_persistence.png,/home/jshong/Code/unfied-sr-denoise-platform/results/mc_g105_analysis/flat_dark_first/maps/morning_sunny_flat_3x_hot_fixed_mask.png,/home/jshong/Code/unfied-sr-denoise-platform/results/mc_g105_analysis/flat_dark_first/maps/morning_sunny_flat_3x_flat_shading.png,/home/jshong/Code/unfied-sr-denoise-platform/results/mc_g105_analysis/flat_dark_first/maps/morning_sunny_flat_3x_flat_green_excess.png
/home/jshong/Code/unfied-sr-denoise-platform/results/mc_g105_capture_frames/morning/sunny/flat/3x/frame_1394.png,morning/sunny/flat/3x/frame_1394.png,morning,sunny,flat,calibration_flat,3x,frame_1394,1394,morning/sunny/flat/3x,1920,1080,147.16537475585938,147.16537475585938,147.16537475585938,8.364317893981934,8.364317893981934,8.364317893981934,147.16537475585938,8.364317893981934,128.0,128.0,0.0,0.0,0.0,0.0,0.9999999932049234,0.9999999932049234,0.0,0.0,0.0,0.010951485339506174,632.5123901367188,0.0,0.0,0.0019039351851851852,3948,0.0,4.822530864197531e-07,0.0,4.822530864197531e-07,4.822530864197531e-07,4.822530864197531e-07,4.822530864197531e-07,0.09469392976545017,149.83770751953125,143.9173583984375,1.0411371369363662,0.9999999933261126,0.9999999933261126,50,5.954268932342529,5.779307842254639,7.81751823425293,25.87063980102539,0.2473669946193695,0.9613189697265625,-0.1569061279296875,0.0,0.0,0.0,0.05246672406792641,619.5930786132812,0.9834654497954969,True,1377,506,259,0.0006640625,0.00024402006172839506,0.00012490354938271604,/home/jshong/Code/unfied-sr-denoise-platform/results/mc_g105_analysis/flat_dark_first/maps/morning_sunny_flat_3x_temporal_std.png,/home/jshong/Code/unfied-sr-denoise-platform/results/mc_g105_analysis/flat_dark_first/maps/morning_sunny_flat_3x_hot_persistence.png,/home/jshong/Code/unfied-sr-denoise-platform/results/mc_g105_analysis/flat_dark_first/maps/morning_sunny_flat_3x_hot_fixed_mask.png,/home/jshong/Code/unfied-sr-denoise-platform/results/mc_g105_analysis/flat_dark_first/maps/morning_sunny_flat_3x_flat_shading.png,/home/jshong/Code/unfied-sr-denoise-platform/results/mc_g105_analysis/flat_dark_first/maps/morning_sunny_flat_3x_flat_green_excess.png
/home/jshong/Code/unfied-sr-denoise-platform/results/mc_g105_capture_frames/morning/sunny/flat/3x/frame_1395.png,morning/sunny/flat/3x/frame_1395.png,morning,sunny,flat,calibration_flat,3x,frame_1395,1395,morning/sunny/flat/3x,1920,1080,146.95404052734375,146.95404052734375,146.95404052734375,8.32908821105957,8.32908821105957,8.32908821105957,146.95404052734375,8.32908821105957,128.0,128.0,0.0,0.0,0.0,0.0,0.9999999931951514,0.9999999931951514,0.0,0.0,0.0,0.011103877314814815,624.9525756835938,0.0,0.0,0.0019989390432098766,4145,0.0,0.0,0.0,0.0,0.0,0.0,0.0,0.09605790608033253,149.60523986816406,143.76040649414062,1.0406567599237062,0.9999999933157422,0.9999999933157422,50,5.954268932342529,5.779307842254639,7.81751823425293,25.87063980102539,0.2473669946193695,0.9613189697265625,-0.1569061279296875,0.0,0.0,0.0,0.05246672406792641,619.5930786132812,0.9834654497954969,True,1377,506,259,0.0006640625,0.00024402006172839506,0.00012490354938271604,/home/jshong/Code/unfied-sr-denoise-platform/results/mc_g105_analysis/flat_dark_first/maps/morning_sunny_flat_3x_temporal_std.png,/home/jshong/Code/unfied-sr-denoise-platform/results/mc_g105_analysis/flat_dark_first/maps/morning_sunny_flat_3x_hot_persistence.png,/home/jshong/Code/unfied-sr-denoise-platform/results/mc_g105_analysis/flat_dark_first/maps/morning_sunny_flat_3x_hot_fixed_mask.png,/home/jshong/Code/unfied-sr-denoise-platform/results/mc_g105_analysis/flat_dark_first/maps/morning_sunny_flat_3x_flat_shading.png,/home/jshong/Code/unfied-sr-denoise-platform/results/mc_g105_analysis/flat_dark_first/maps/morning_sunny_flat_3x_flat_green_excess.png
/home/jshong/Code/unfied-sr-denoise-platform/results/mc_g105_capture_frames/morning/sunny/flat/3x/frame_1396.png,morning/sunny/flat/3x/frame_1396.png,morning,sunny,flat,calibration_flat,3x,frame_1396,1396,morning/sunny/flat/3x,1920,1080,146.99951171875,146.99951171875,146.99951171875,8.35001277923584,8.35001277923584,8.35001277923584,146.99951171875,8.35001277923584,128.0,128.0,0.0,0.0,0.0,0.0,0.9999999931972564,0.9999999931972564,0.0,0.0,0.0,0.010481288580246913,617.7239990234375,0.0,0.0,0.0018586033950617285,3854,0.0,0.0,0.0,0.0,0.0,0.0,0.0,0.09766095875768907,149.62826538085938,143.7386016845703,1.040974815298669,0.9999999933167708,0.9999999933167708,50,5.954268932342529,5.779307842254639,7.81751823425293,25.87063980102539,0.2473669946193695,0.9613189697265625,-0.1569061279296875,0.0,0.0,0.0,0.05246672406792641,619.5930786132812,0.9834654497954969,True,1377,506,259,0.0006640625,0.00024402006172839506,0.00012490354938271604,/home/jshong/Code/unfied-sr-denoise-platform/results/mc_g105_analysis/flat_dark_first/maps/morning_sunny_flat_3x_temporal_std.png,/home/jshong/Code/unfied-sr-denoise-platform/results/mc_g105_analysis/flat_dark_first/maps/morning_sunny_flat_3x_hot_persistence.png,/home/jshong/Code/unfied-sr-denoise-platform/results/mc_g105_analysis/flat_dark_first/maps/morning_sunny_flat_3x_hot_fixed_mask.png,/home/jshong/Code/unfied-sr-denoise-platform/results/mc_g105_analysis/flat_dark_first/maps/morning_sunny_flat_3x_flat_shading.png,/home/jshong/Code/unfied-sr-denoise-platform/results/mc_g105_analysis/flat_dark_first/maps/morning_sunny_flat_3x_flat_green_excess.png
/home/jshong/Code/unfied-sr-denoise-platform/results/mc_g105_capture_frames/morning/sunny/flat/3x/frame_1397.png,morning/sunny/flat/3x/frame_1397.png,morning,sunny,flat,calibration_flat,3x,frame_1397,1397,morning/sunny/flat/3x,1920,1080,146.9755401611328,146.9755401611328,146.9755401611328,8.392112731933594,8.392112731933594,8.392112731933594,146.9755401611328,8.392112731933594,128.0,128.0,0.0,0.0,0.0,0.0,0.9999999931961469,0.9999999931961469,0.0,0.0,0.0,0.010616801697530865,619.062744140625,0.0,0.0,0.0018113425925925927,3756,0.0,4.822530864197531e-07,0.0,4.822530864197531e-07,4.822530864197531e-07,4.822530864197531e-07,4.822530864197531e-07,0.0975268519765454,149.62709045410156,143.68540954589844,1.0413520056464267,0.9999999933167183,0.9999999933167183,50,5.954268932342529,5.779307842254639,7.81751823425293,25.87063980102539,0.2473669946193695,0.9613189697265625,-0.1569061279296875,0.0,0.0,0.0,0.05246672406792641,619.5930786132812,0.9834654497954969,True,1377,506,259,0.0006640625,0.00024402006172839506,0.00012490354938271604,/home/jshong/Code/unfied-sr-denoise-platform/results/mc_g105_analysis/flat_dark_first/maps/morning_sunny_flat_3x_temporal_std.png,/home/jshong/Code/unfied-sr-denoise-platform/results/mc_g105_analysis/flat_dark_first/maps/morning_sunny_flat_3x_hot_persistence.png,/home/jshong/Code/unfied-sr-denoise-platform/results/mc_g105_analysis/flat_dark_first/maps/morning_sunny_flat_3x_hot_fixed_mask.png,/home/jshong/Code/unfied-sr-denoise-platform/results/mc_g105_analysis/flat_dark_first/maps/morning_sunny_flat_3x_flat_shading.png,/home/jshong/Code/unfied-sr-denoise-platform/results/mc_g105_analysis/flat_dark_first/maps/morning_sunny_flat_3x_flat_green_excess.png
/home/jshong/Code/unfied-sr-denoise-platform/results/mc_g105_capture_frames/morning/sunny/flat/3x/frame_1398.png,morning/sunny/flat/3x/frame_1398.png,morning,sunny,flat,calibration_flat,3x,frame_1398,1398,morning/sunny/flat/3x,1920,1080,147.1236572265625,147.1236572265625,147.1236572265625,8.3665189743042,8.3665189743042,8.3665189743042,147.1236572265625,8.3665189743042,128.0,128.0,0.0,0.0,0.0,0.0,0.9999999932029967,0.9999999932029967,0.0,0.0,0.0,0.010529513888888889,609.1366577148438,0.0,0.0,0.0018672839506172839,3872,0.0,4.822530864197531e-07,0.0,4.822530864197531e-07,4.822530864197531e-07,4.822530864197531e-07,4.822530864197531e-07,0.09777070198721886,149.8123016357422,143.82049560546875,1.0416616905913645,0.9999999933249808,0.9999999933249808,50,5.954268932342529,5.779307842254639,7.81751823425293,25.87063980102539,0.2473669946193695,0.9613189697265625,-0.1569061279296875,0.0,0.0,0.0,0.05246672406792641,619.5930786132812,0.9834654497954969,True,1377,506,259,0.0006640625,0.00024402006172839506,0.00012490354938271604,/home/jshong/Code/unfied-sr-denoise-platform/results/mc_g105_analysis/flat_dark_first/maps/morning_sunny_flat_3x_temporal_std.png,/home/jshong/Code/unfied-sr-denoise-platform/results/mc_g105_analysis/flat_dark_first/maps/morning_sunny_flat_3x_hot_persistence.png,/home/jshong/Code/unfied-sr-denoise-platform/results/mc_g105_analysis/flat_dark_first/maps/morning_sunny_flat_3x_hot_fixed_mask.png,/home/jshong/Code/unfied-sr-denoise-platform/results/mc_g105_analysis/flat_dark_first/maps/morning_sunny_flat_3x_flat_shading.png,/home/jshong/Code/unfied-sr-denoise-platform/results/mc_g105_analysis/flat_dark_first/maps/morning_sunny_flat_3x_flat_green_excess.png
/home/jshong/Code/unfied-sr-denoise-platform/results/mc_g105_capture_frames/morning/sunny/flat/3x/frame_1399.png,morning/sunny/flat/3x/frame_1399.png,morning,sunny,flat,calibration_flat,3x,frame_1399,1399,morning/sunny/flat/3x,1920,1080,147.3084716796875,147.3084716796875,147.3084716796875,8.340062141418457,8.340062141418457,8.340062141418457,147.3084716796875,8.340062141418457,128.0,128.0,0.0,0.0,0.0,0.0,0.9999999932115242,0.9999999932115242,0.0,0.0,0.0,0.010655864197530864,614.0068969726562,0.0,0.0,0.001925636574074074,3993,0.0,4.822530864197531e-07,0.0,4.822530864197531e-07,4.822530864197531e-07,4.822530864197531e-07,4.822530864197531e-07,0.09651274137841499,149.96556091308594,143.99325561523438,1.04147627769688,0.9999999933318025,0.9999999933318025,50,5.954268932342529,5.779307842254639,7.81751823425293,25.87063980102539,0.2473669946193695,0.9613189697265625,-0.1569061279296875,0.0,0.0,0.0,0.05246672406792641,619.5930786132812,0.9834654497954969,True,1377,506,259,0.0006640625,0.00024402006172839506,0.00012490354938271604,/home/jshong/Code/unfied-sr-denoise-platform/results/mc_g105_analysis/flat_dark_first/maps/morning_sunny_flat_3x_temporal_std.png,/home/jshong/Code/unfied-sr-denoise-platform/results/mc_g105_analysis/flat_dark_first/maps/morning_sunny_flat_3x_hot_persistence.png,/home/jshong/Code/unfied-sr-denoise-platform/results/mc_g105_analysis/flat_dark_first/maps/morning_sunny_flat_3x_hot_fixed_mask.png,/home/jshong/Code/unfied-sr-denoise-platform/results/mc_g105_analysis/flat_dark_first/maps/morning_sunny_flat_3x_flat_shading.png,/home/jshong/Code/unfied-sr-denoise-platform/results/mc_g105_analysis/flat_dark_first/maps/morning_sunny_flat_3x_flat_green_excess.png
/home/jshong/Code/unfied-sr-denoise-platform/results/mc_g105_capture_frames/morning/sunny/flat/3x/frame_1400.png,morning/sunny/flat/3x/frame_1400.png,morning,sunny,flat,calibration_flat,3x,frame_1400,1400,morning/sunny/flat/3x,1920,1080,147.28823852539062,147.28823852539062,147.28823852539062,8.382224082946777,8.382224082946777,8.382224082946777,147.28823852539062,8.382224082946777,128.0,128.0,0.0,0.0,0.0,0.0,0.9999999932105917,0.9999999932105917,0.0,0.0,0.0,0.011331018518518518,630.179443359375,0.0,0.0,0.001888503086419753,3916,0.0,4.822530864197531e-07,0.0,4.822530864197531e-07,4.822530864197531e-07,4.822530864197531e-07,4.822530864197531e-07,0.09700106194357656,149.92320251464844,144.0875244140625,1.0405009183398495,0.9999999933299184,0.9999999933299184,50,5.954268932342529,5.779307842254639,7.81751823425293,25.87063980102539,0.2473669946193695,0.9613189697265625,-0.1569061279296875,0.0,0.0,0.0,0.05246672406792641,619.5930786132812,0.9834654497954969,True,1377,506,259,0.0006640625,0.00024402006172839506,0.00012490354938271604,/home/jshong/Code/unfied-sr-denoise-platform/results/mc_g105_analysis/flat_dark_first/maps/morning_sunny_flat_3x_temporal_std.png,/home/jshong/Code/unfied-sr-denoise-platform/results/mc_g105_analysis/flat_dark_first/maps/morning_sunny_flat_3x_hot_persistence.png,/home/jshong/Code/unfied-sr-denoise-platform/results/mc_g105_analysis/flat_dark_first/maps/morning_sunny_flat_3x_hot_fixed_mask.png,/home/jshong/Code/unfied-sr-denoise-platform/results/mc_g105_analysis/flat_dark_first/maps/morning_sunny_flat_3x_flat_shading.png,/home/jshong/Code/unfied-sr-denoise-platform/results/mc_g105_analysis/flat_dark_first/maps/morning_sunny_flat_3x_flat_green_excess.png
/home/jshong/Code/unfied-sr-denoise-platform/results/mc_g105_capture_frames/morning/sunny/flat/5x/frame_1651.png,morning/sunny/flat/5x/frame_1651.png,morning,sunny,flat,calibration_flat,5x,frame_1651,1651,morning/sunny/flat/5x,1920,1080,146.6851806640625,146.58395385742188,146.785400390625,8.849397659301758,8.932025909423828,8.777301788330078,146.68515014648438,8.849416732788086,128.0000457763672,128.1007080078125,0.006053909659385681,0.3044377267360687,0.101226806640625,0.201446533203125,0.9993098975268514,0.9986276051208456,-0.151336669921875,-0.001031710904198786,0.0257370937615633,0.029399594907407407,860.0558471679688,0.0,0.0,0.0020143711419753087,4177,0.0,0.0,0.0,0.0,0.0,0.0,0.0,0.07592122083779146,149.6583709716797,142.92982482910156,1.0470758647017686,0.9999999933181152,0.9999999933181152,50,5.975019454956055,5.790889263153076,7.866101312637329,23.149852752685547,0.4653049409389496,1.930206298828125,0.5907135009765625,0.000690162181854248,0.001392960548400879,0.15287017822265625,0.04949122294783592,604.4267578125,0.937829047250867,True,1596,586,321,0.0007696759259259259,0.0002826003086419753,0.00015480324074074075,/home/jshong/Code/unfied-sr-denoise-platform/results/mc_g105_analysis/flat_dark_first/maps/morning_sunny_flat_5x_temporal_std.png,/home/jshong/Code/unfied-sr-denoise-platform/results/mc_g105_analysis/flat_dark_first/maps/morning_sunny_flat_5x_hot_persistence.png,/home/jshong/Code/unfied-sr-denoise-platform/results/mc_g105_analysis/flat_dark_first/maps/morning_sunny_flat_5x_hot_fixed_mask.png,/home/jshong/Code/unfied-sr-denoise-platform/results/mc_g105_analysis/flat_dark_first/maps/morning_sunny_flat_5x_flat_shading.png,/home/jshong/Code/unfied-sr-denoise-platform/results/mc_g105_analysis/flat_dark_first/maps/morning_sunny_flat_5x_flat_green_excess.png
/home/jshong/Code/unfied-sr-denoise-platform/results/mc_g105_capture_frames/morning/sunny/flat/5x/frame_1652.png,morning/sunny/flat/5x/frame_1652.png,morning,sunny,flat,calibration_flat,5x,frame_1652,1652,morning/sunny/flat/5x,1920,1080,146.69668579101562,146.59544372558594,146.7969512939453,8.461420059204102,8.549145698547363,8.38459587097168,146.69662475585938,8.461441993713379,128.0000457763672,128.1007080078125,0.006053909659385681,0.3044377267360687,0.1012420654296875,0.201507568359375,0.9993098476342965,0.9986272973300163,-0.15137481689453125,-0.0010318902436546671,0.0257370937615633,0.02125530478395062,747.0294799804688,0.0,0.0,0.001953125,4050,0.0,0.0,0.0,0.0,0.0,0.0,0.0,0.07744236257474303,149.76515197753906,142.7860870361328,1.0488777585925608,0.9999999933228794,0.9999999933228794,50,5.975019454956055,5.790889263153076,7.866101312637329,23.149852752685547,0.4653049409389496,1.930206298828125,0.5907135009765625,0.000690162181854248,0.001392960548400879,0.15287017822265625,0.04949122294783592,604.4267578125,0.937829047250867,True,1596,586,321,0.0007696759259259259,0.0002826003086419753,0.00015480324074074075,/home/jshong/Code/unfied-sr-denoise-platform/results/mc_g105_analysis/flat_dark_first/maps/morning_sunny_flat_5x_temporal_std.png,/home/jshong/Code/unfied-sr-denoise-platform/results/mc_g105_analysis/flat_dark_first/maps/morning_sunny_flat_5x_hot_persistence.png,/home/jshong/Code/unfied-sr-denoise-platform/results/mc_g105_analysis/flat_dark_first/maps/morning_sunny_flat_5x_hot_fixed_mask.png,/home/jshong/Code/unfied-sr-denoise-platform/results/mc_g105_analysis/flat_dark_first/maps/morning_sunny_flat_5x_flat_shading.png,/home/jshong/Code/unfied-sr-denoise-platform/results/mc_g105_analysis/flat_dark_first/maps/morning_sunny_flat_5x_flat_green_excess.png
/home/jshong/Code/unfied-sr-denoise-platform/results/mc_g105_capture_frames/morning/sunny/flat/5x/frame_1653.png,morning/sunny/flat/5x/frame_1653.png,morning,sunny,flat,calibration_flat,5x,frame_1653,1653,morning/sunny/flat/5x,1920,1080,146.31822204589844,146.21969604492188,146.4100341796875,8.716946601867676,8.798096656799316,8.652336120605469,146.3181915283203,8.716964721679688,128.0000457763672,128.09515380859375,0.006053909659385681,0.3064211308956146,0.0985260009765625,0.190338134765625,0.9993266252218929,0.9986999584111019,-0.14443206787109375,-0.0009871094316801275,0.03968245908617973,0.02611352237654321,839.631103515625,0.0,0.0,0.0020490933641975307,4249,0.0,4.822530864197531e-07,0.0,4.822530864197531e-07,4.822530864197531e-07,4.822530864197531e-07,4.822530864197531e-07,0.07664272650128982,149.33740234375,142.4939422607422,1.0480263155500253,0.999999993303754,0.999999993303754,50,5.975019454956055,5.790889263153076,7.866101312637329,23.149852752685547,0.4653049409389496,1.930206298828125,0.5907135009765625,0.000690162181854248,0.001392960548400879,0.15287017822265625,0.04949122294783592,604.4267578125,0.937829047250867,True,1596,586,321,0.0007696759259259259,0.0002826003086419753,0.00015480324074074075,/home/jshong/Code/unfied-sr-denoise-platform/results/mc_g105_analysis/flat_dark_first/maps/morning_sunny_flat_5x_temporal_std.png,/home/jshong/Code/unfied-sr-denoise-platform/results/mc_g105_analysis/flat_dark_first/maps/morning_sunny_flat_5x_hot_persistence.png,/home/jshong/Code/unfied-sr-denoise-platform/results/mc_g105_analysis/flat_dark_first/maps/morning_sunny_flat_5x_hot_fixed_mask.png,/home/jshong/Code/unfied-sr-denoise-platform/results/mc_g105_analysis/flat_dark_first/maps/morning_sunny_flat_5x_flat_shading.png,/home/jshong/Code/unfied-sr-denoise-platform/results/mc_g105_analysis/flat_dark_first/maps/morning_sunny_flat_5x_flat_green_excess.png
/home/jshong/Code/unfied-sr-denoise-platform/results/mc_g105_capture_frames/morning/sunny/flat/5x/frame_1654.png,morning/sunny/flat/5x/frame_1654.png,morning,sunny,flat,calibration_flat,5x,frame_1654,1654,morning/sunny/flat/5x,1920,1080,146.15538024902344,146.0573272705078,146.2457275390625,8.270223617553711,8.354571342468262,8.203925132751465,146.1553497314453,8.270241737365723,128.0000457763672,128.0941619873047,0.006053909659385681,0.3067223131656647,0.098052978515625,0.1884002685546875,0.9993291114040573,0.9987117485725105,-0.14322662353515625,-0.0009799615465213418,0.041735660284757614,0.01851417824074074,722.6306762695312,0.0,0.0,0.002045235339506173,4241,0.0,9.645061728395062e-07,0.0,9.645061728395062e-07,9.645061728395062e-07,9.645061728395062e-07,9.645061728395062e-07,0.07666998400944078,149.21652221679688,142.12620544433594,1.0498874623466283,0.9999999932983293,0.9999999932983293,50,5.975019454956055,5.790889263153076,7.866101312637329,23.149852752685547,0.4653049409389496,1.930206298828125,0.5907135009765625,0.000690162181854248,0.001392960548400879,0.15287017822265625,0.04949122294783592,604.4267578125,0.937829047250867,True,1596,586,321,0.0007696759259259259,0.0002826003086419753,0.00015480324074074075,/home/jshong/Code/unfied-sr-denoise-platform/results/mc_g105_analysis/flat_dark_first/maps/morning_sunny_flat_5x_temporal_std.png,/home/jshong/Code/unfied-sr-denoise-platform/results/mc_g105_analysis/flat_dark_first/maps/morning_sunny_flat_5x_hot_persistence.png,/home/jshong/Code/unfied-sr-denoise-platform/results/mc_g105_analysis/flat_dark_first/maps/morning_sunny_flat_5x_hot_fixed_mask.png,/home/jshong/Code/unfied-sr-denoise-platform/results/mc_g105_analysis/flat_dark_first/maps/morning_sunny_flat_5x_flat_shading.png,/home/jshong/Code/unfied-sr-denoise-platform/results/mc_g105_analysis/flat_dark_first/maps/morning_sunny_flat_5x_flat_green_excess.png
/home/jshong/Code/unfied-sr-denoise-platform/results/mc_g105_capture_frames/morning/sunny/flat/5x/frame_1655.png,morning/sunny/flat/5x/frame_1655.png,morning,sunny,flat,calibration_flat,5x,frame_1655,1655,morning/sunny/flat/5x,1920,1080,146.1627197265625,146.06471252441406,146.25302124023438,8.086852073669434,8.174357414245605,8.017805099487305,146.1626739501953,8.086869239807129,128.0000457763672,128.0941619873047,0.006053909659385681,0.3067223131656647,0.0980072021484375,0.1883087158203125,0.9993294582800508,0.9987124388068304,-0.143157958984375,-0.0009794426588946585,0.041735660284757614,0.01543065200617284,670.2030029296875,0.0,0.0,0.0020481288580246914,4247,0.0,4.822530864197531e-07,0.0,4.822530864197531e-07,4.822530864197531e-07,4.822530864197531e-07,4.822530864197531e-07,0.07582500594072228,149.1768798828125,142.19021606445312,1.0491360303303596,0.9999999932965484,0.9999999932965484,50,5.975019454956055,5.790889263153076,7.866101312637329,23.149852752685547,0.4653049409389496,1.930206298828125,0.5907135009765625,0.000690162181854248,0.001392960548400879,0.15287017822265625,0.04949122294783592,604.4267578125,0.937829047250867,True,1596,586,321,0.0007696759259259259,0.0002826003086419753,0.00015480324074074075,/home/jshong/Code/unfied-sr-denoise-platform/results/mc_g105_analysis/flat_dark_first/maps/morning_sunny_flat_5x_temporal_std.png,/home/jshong/Code/unfied-sr-denoise-platform/results/mc_g105_analysis/flat_dark_first/maps/morning_sunny_flat_5x_hot_persistence.png,/home/jshong/Code/unfied-sr-denoise-platform/results/mc_g105_analysis/flat_dark_first/maps/morning_sunny_flat_5x_hot_fixed_mask.png,/home/jshong/Code/unfied-sr-denoise-platform/results/mc_g105_analysis/flat_dark_first/maps/morning_sunny_flat_5x_flat_shading.png,/home/jshong/Code/unfied-sr-denoise-platform/results/mc_g105_analysis/flat_dark_first/maps/morning_sunny_flat_5x_flat_green_excess.png
/home/jshong/Code/unfied-sr-denoise-platform/results/mc_g105_capture_frames/morning/sunny/flat/5x/frame_1656.png,morning/sunny/flat/5x/frame_1656.png,morning,sunny,flat,calibration_flat,5x,frame_1656,1656,morning/sunny/flat/5x,1920,1080,146.82455444335938,146.72653198242188,146.91490173339844,8.010376930236816,8.098194122314453,7.940989017486572,146.82452392578125,8.010396003723145,128.0000457763672,128.0941619873047,0.006053909659385681,0.3067223131656647,0.0980224609375,0.1883697509765625,0.9993323769267238,0.9987178240772593,-0.14319610595703125,-0.0009752873781094532,0.041735660284757614,0.014088059413580246,663.1737060546875,0.0,0.0,0.0021653163580246915,4490,0.0,9.645061728395062e-07,0.0,9.645061728395062e-07,9.645061728395062e-07,9.645061728395062e-07,9.645061728395062e-07,0.0765437980071155,149.89547729492188,142.92994689941406,1.0487338692686696,0.9999999933286847,0.9999999933286847,50,5.975019454956055,5.790889263153076,7.866101312637329,23.149852752685547,0.4653049409389496,1.930206298828125,0.5907135009765625,0.000690162181854248,0.001392960548400879,0.15287017822265625,0.04949122294783592,604.4267578125,0.937829047250867,True,1596,586,321,0.0007696759259259259,0.0002826003086419753,0.00015480324074074075,/home/jshong/Code/unfied-sr-denoise-platform/results/mc_g105_analysis/flat_dark_first/maps/morning_sunny_flat_5x_temporal_std.png,/home/jshong/Code/unfied-sr-denoise-platform/results/mc_g105_analysis/flat_dark_first/maps/morning_sunny_flat_5x_hot_persistence.png,/home/jshong/Code/unfied-sr-denoise-platform/results/mc_g105_analysis/flat_dark_first/maps/morning_sunny_flat_5x_hot_fixed_mask.png,/home/jshong/Code/unfied-sr-denoise-platform/results/mc_g105_analysis/flat_dark_first/maps/morning_sunny_flat_5x_flat_shading.png,/home/jshong/Code/unfied-sr-denoise-platform/results/mc_g105_analysis/flat_dark_first/maps/morning_sunny_flat_5x_flat_green_excess.png
/home/jshong/Code/unfied-sr-denoise-platform/results/mc_g105_capture_frames/morning/sunny/flat/5x/frame_1657.png,morning/sunny/flat/5x/frame_1657.png,morning,sunny,flat,calibration_flat,5x,frame_1657,1657,morning/sunny/flat/5x,1920,1080,147.16075134277344,147.06275939941406,147.25112915039062,7.92202091217041,8.011187553405762,7.85146951675415,147.1607208251953,7.922038555145264,128.0000457763672,128.0941619873047,0.006053909659385681,0.3067185878753662,0.097991943359375,0.1883697509765625,0.9993341095244531,0.9987207517471399,-0.14318084716796875,-0.0009729555916288991,0.041704777628183365,0.012652391975308642,640.5853271484375,0.0,0.0,0.0020114776234567903,4171,0.0,4.822530864197531e-07,0.0,4.822530864197531e-07,4.822530864197531e-07,4.822530864197531e-07,4.822530864197531e-07,0.07649985680645911,150.18919372558594,143.32073974609375,1.0479236497365048,0.9999999933417314,0.9999999933417314,50,5.975019454956055,5.790889263153076,7.866101312637329,23.149852752685547,0.4653049409389496,1.930206298828125,0.5907135009765625,0.000690162181854248,0.001392960548400879,0.15287017822265625,0.04949122294783592,604.4267578125,0.937829047250867,True,1596,586,321,0.0007696759259259259,0.0002826003086419753,0.00015480324074074075,/home/jshong/Code/unfied-sr-denoise-platform/results/mc_g105_analysis/flat_dark_first/maps/morning_sunny_flat_5x_temporal_std.png,/home/jshong/Code/unfied-sr-denoise-platform/results/mc_g105_analysis/flat_dark_first/maps/morning_sunny_flat_5x_hot_persistence.png,/home/jshong/Code/unfied-sr-denoise-platform/results/mc_g105_analysis/flat_dark_first/maps/morning_sunny_flat_5x_hot_fixed_mask.png,/home/jshong/Code/unfied-sr-denoise-platform/results/mc_g105_analysis/flat_dark_first/maps/morning_sunny_flat_5x_flat_shading.png,/home/jshong/Code/unfied-sr-denoise-platform/results/mc_g105_analysis/flat_dark_first/maps/morning_sunny_flat_5x_flat_green_excess.png
/home/jshong/Code/unfied-sr-denoise-platform/results/mc_g105_capture_frames/morning/sunny/flat/5x/frame_1658.png,morning/sunny/flat/5x/frame_1658.png,morning,sunny,flat,calibration_flat,5x,frame_1658,1658,morning/sunny/flat/5x,1920,1080,147.5127716064453,147.41429138183594,147.60464477539062,7.890913009643555,7.979668617248535,7.8202104568481445,147.5127410888672,7.890931129455566,128.0000457763672,128.09515380859375,0.006053909659385681,0.3064136207103729,0.098480224609375,0.1903533935546875,0.9993323884917267,0.9987103766784933,-0.14441680908203125,-0.000979012436736002,0.039617471396923065,0.01205102237654321,637.9176025390625,0.0,0.0,0.0021088927469135803,4373,0.0,0.0,0.0,0.0,0.0,0.0,0.0,0.07431180230626055,150.4982452392578,143.74990844726562,1.0469449742120902,0.9999999933554043,0.9999999933554043,50,5.975019454956055,5.790889263153076,7.866101312637329,23.149852752685547,0.4653049409389496,1.930206298828125,0.5907135009765625,0.000690162181854248,0.001392960548400879,0.15287017822265625,0.04949122294783592,604.4267578125,0.937829047250867,True,1596,586,321,0.0007696759259259259,0.0002826003086419753,0.00015480324074074075,/home/jshong/Code/unfied-sr-denoise-platform/results/mc_g105_analysis/flat_dark_first/maps/morning_sunny_flat_5x_temporal_std.png,/home/jshong/Code/unfied-sr-denoise-platform/results/mc_g105_analysis/flat_dark_first/maps/morning_sunny_flat_5x_hot_persistence.png,/home/jshong/Code/unfied-sr-denoise-platform/results/mc_g105_analysis/flat_dark_first/maps/morning_sunny_flat_5x_hot_fixed_mask.png,/home/jshong/Code/unfied-sr-denoise-platform/results/mc_g105_analysis/flat_dark_first/maps/morning_sunny_flat_5x_flat_shading.png,/home/jshong/Code/unfied-sr-denoise-platform/results/mc_g105_analysis/flat_dark_first/maps/morning_sunny_flat_5x_flat_green_excess.png
/home/jshong/Code/unfied-sr-denoise-platform/results/mc_g105_capture_frames/morning/sunny/flat/5x/frame_1659.png,morning/sunny/flat/5x/frame_1659.png,morning,sunny,flat,calibration_flat,5x,frame_1659,1659,morning/sunny/flat/5x,1920,1080,147.76974487304688,147.67123413085938,147.861572265625,7.879979133605957,7.968850135803223,7.8091535568237305,147.76971435546875,7.879997253417969,128.0000457763672,128.09515380859375,0.006053909659385681,0.3064136207103729,0.0985107421875,0.190338134765625,0.9993333429545711,0.9987127207525129,-0.1444244384765625,-0.0009773615529348556,0.039617471396923065,0.012418981481481482,635.7600708007812,0.0,0.0,0.001794945987654321,3722,0.0,0.0,0.0,0.0,0.0,0.0,0.0,0.07511317485880856,150.78785705566406,143.96917724609375,1.0473620735537907,0.9999999933681664,0.9999999933681664,50,5.975019454956055,5.790889263153076,7.866101312637329,23.149852752685547,0.4653049409389496,1.930206298828125,0.5907135009765625,0.000690162181854248,0.001392960548400879,0.15287017822265625,0.04949122294783592,604.4267578125,0.937829047250867,True,1596,586,321,0.0007696759259259259,0.0002826003086419753,0.00015480324074074075,/home/jshong/Code/unfied-sr-denoise-platform/results/mc_g105_analysis/flat_dark_first/maps/morning_sunny_flat_5x_temporal_std.png,/home/jshong/Code/unfied-sr-denoise-platform/results/mc_g105_analysis/flat_dark_first/maps/morning_sunny_flat_5x_hot_persistence.png,/home/jshong/Code/unfied-sr-denoise-platform/results/mc_g105_analysis/flat_dark_first/maps/morning_sunny_flat_5x_hot_fixed_mask.png,/home/jshong/Code/unfied-sr-denoise-platform/results/mc_g105_analysis/flat_dark_first/maps/morning_sunny_flat_5x_flat_shading.png,/home/jshong/Code/unfied-sr-denoise-platform/results/mc_g105_analysis/flat_dark_first/maps/morning_sunny_flat_5x_flat_green_excess.png
/home/jshong/Code/unfied-sr-denoise-platform/results/mc_g105_capture_frames/morning/sunny/flat/5x/frame_1660.png,morning/sunny/flat/5x/frame_1660.png,morning,sunny,flat,calibration_flat,5x,frame_1660,1660,morning/sunny/flat/5x,1920,1080,147.8706817626953,147.77215576171875,147.96258544921875,7.888864040374756,7.976188659667969,7.81935453414917,147.8706512451172,7.888880252838135,128.0000457763672,128.09521484375,0.006053909659385681,0.3062935471534729,0.0985260009765625,0.1904296875,0.9993336948262106,0.9987129808144753,-0.14447784423828125,-0.0009770555688006848,0.03961782902479172,0.011847029320987655,638.15283203125,0.0,0.0,0.002080439814814815,4314,0.0,4.822530864197531e-07,0.0,4.822530864197531e-07,4.822530864197531e-07,4.822530864197531e-07,4.822530864197531e-07,0.07534826879821283,150.96603393554688,144.00302124023438,1.0483532330571257,0.9999999933759935,0.9999999933759935,50,5.975019454956055,5.790889263153076,7.866101312637329,23.149852752685547,0.4653049409389496,1.930206298828125,0.5907135009765625,0.000690162181854248,0.001392960548400879,0.15287017822265625,0.04949122294783592,604.4267578125,0.937829047250867,True,1596,586,321,0.0007696759259259259,0.0002826003086419753,0.00015480324074074075,/home/jshong/Code/unfied-sr-denoise-platform/results/mc_g105_analysis/flat_dark_first/maps/morning_sunny_flat_5x_temporal_std.png,/home/jshong/Code/unfied-sr-denoise-platform/results/mc_g105_analysis/flat_dark_first/maps/morning_sunny_flat_5x_hot_persistence.png,/home/jshong/Code/unfied-sr-denoise-platform/results/mc_g105_analysis/flat_dark_first/maps/morning_sunny_flat_5x_hot_fixed_mask.png,/home/jshong/Code/unfied-sr-denoise-platform/results/mc_g105_analysis/flat_dark_first/maps/morning_sunny_flat_5x_flat_shading.png,/home/jshong/Code/unfied-sr-denoise-platform/results/mc_g105_analysis/flat_dark_first/maps/morning_sunny_flat_5x_flat_green_excess.png
/home/jshong/Code/unfied-sr-denoise-platform/results/mc_g105_capture_frames/morning/sunny/flat/5x/frame_1661.png,morning/sunny/flat/5x/frame_1661.png,morning,sunny,flat,calibration_flat,5x,frame_1661,1661,morning/sunny/flat/5x,1920,1080,147.77459716796875,147.6765594482422,147.8650360107422,7.864767551422119,7.954116344451904,7.794057846069336,147.77456665039062,7.8647847175598145,128.0000457763672,128.09422302246094,0.006053909659385681,0.30659881234169006,0.0980377197265625,0.1884765625,0.9993365658175222,0.9987253405787447,-0.14325714111328125,-0.0009694302841893821,0.04170512035489082,0.011605902777777777,639.93017578125,0.0,0.0,0.0018002507716049383,3733,0.0,9.645061728395062e-07,0.0,9.645061728395062e-07,9.645061728395062e-07,9.645061728395062e-07,9.645061728395062e-07,0.07564288785134392,150.8240203857422,144.02735900878906,1.0471900642804144,0.9999999933697564,0.9999999933697564,50,5.975019454956055,5.790889263153076,7.866101312637329,23.149852752685547,0.4653049409389496,1.930206298828125,0.5907135009765625,0.000690162181854248,0.001392960548400879,0.15287017822265625,0.04949122294783592,604.4267578125,0.937829047250867,True,1596,586,321,0.0007696759259259259,0.0002826003086419753,0.00015480324074074075,/home/jshong/Code/unfied-sr-denoise-platform/results/mc_g105_analysis/flat_dark_first/maps/morning_sunny_flat_5x_temporal_std.png,/home/jshong/Code/unfied-sr-denoise-platform/results/mc_g105_analysis/flat_dark_first/maps/morning_sunny_flat_5x_hot_persistence.png,/home/jshong/Code/unfied-sr-denoise-platform/results/mc_g105_analysis/flat_dark_first/maps/morning_sunny_flat_5x_hot_fixed_mask.png,/home/jshong/Code/unfied-sr-denoise-platform/results/mc_g105_analysis/flat_dark_first/maps/morning_sunny_flat_5x_flat_shading.png,/home/jshong/Code/unfied-sr-denoise-platform/results/mc_g105_analysis/flat_dark_first/maps/morning_sunny_flat_5x_flat_green_excess.png
/home/jshong/Code/unfied-sr-denoise-platform/results/mc_g105_capture_frames/morning/sunny/flat/5x/frame_1662.png,morning/sunny/flat/5x/frame_1662.png,morning,sunny,flat,calibration_flat,5x,frame_1662,1662,morning/sunny/flat/5x,1920,1080,147.81167602539062,147.71412658691406,147.9006805419922,7.893425941467285,7.981673240661621,7.824721813201904,147.81161499023438,7.893441677093506,128.0000457763672,128.09323120117188,0.006053909659385681,0.3069009482860565,0.0975494384765625,0.186553955078125,0.9993400356423816,0.9987386470898367,-0.14205169677734375,-0.0009610320259723622,0.04271053895354271,0.011466049382716049,644.42724609375,0.0,0.0,0.0021277006172839507,4412,0.0,0.0,0.0,0.0,0.0,0.0,0.0,0.07594553521597437,150.8721923828125,143.9823760986328,1.0478517956364892,0.9999999933718734,0.9999999933718734,50,5.975019454956055,5.790889263153076,7.866101312637329,23.149852752685547,0.4653049409389496,1.930206298828125,0.5907135009765625,0.000690162181854248,0.001392960548400879,0.15287017822265625,0.04949122294783592,604.4267578125,0.937829047250867,True,1596,586,321,0.0007696759259259259,0.0002826003086419753,0.00015480324074074075,/home/jshong/Code/unfied-sr-denoise-platform/results/mc_g105_analysis/flat_dark_first/maps/morning_sunny_flat_5x_temporal_std.png,/home/jshong/Code/unfied-sr-denoise-platform/results/mc_g105_analysis/flat_dark_first/maps/morning_sunny_flat_5x_hot_persistence.png,/home/jshong/Code/unfied-sr-denoise-platform/results/mc_g105_analysis/flat_dark_first/maps/morning_sunny_flat_5x_hot_fixed_mask.png,/home/jshong/Code/unfied-sr-denoise-platform/results/mc_g105_analysis/flat_dark_first/maps/morning_sunny_flat_5x_flat_shading.png,/home/jshong/Code/unfied-sr-denoise-platform/results/mc_g105_analysis/flat_dark_first/maps/morning_sunny_flat_5x_flat_green_excess.png
/home/jshong/Code/unfied-sr-denoise-platform/results/mc_g105_capture_frames/morning/sunny/flat/5x/frame_1663.png,morning/sunny/flat/5x/frame_1663.png,morning,sunny,flat,calibration_flat,5x,frame_1663,1663,morning/sunny/flat/5x,1920,1080,147.9274444580078,147.8302764892578,148.01531982421875,7.871047496795654,7.959118843078613,7.803376197814941,147.9274139404297,7.871063709259033,128.0000457763672,128.09249877929688,0.006053909659385681,0.3071248531341553,0.09716796875,0.1850433349609375,0.9993431308946819,0.9987498298559195,-0.14110565185546875,-0.0009538843892613951,0.043934669345617294,0.011750578703703704,634.599609375,0.0,0.0,0.0020982831790123456,4351,0.0,0.0,0.0,0.0,0.0,0.0,0.0,0.07639127557287274,150.9812469482422,144.17984008789062,1.0471730708608944,0.9999999933766609,0.9999999933766609,50,5.975019454956055,5.790889263153076,7.866101312637329,23.149852752685547,0.4653049409389496,1.930206298828125,0.5907135009765625,0.000690162181854248,0.001392960548400879,0.15287017822265625,0.04949122294783592,604.4267578125,0.937829047250867,True,1596,586,321,0.0007696759259259259,0.0002826003086419753,0.00015480324074074075,/home/jshong/Code/unfied-sr-denoise-platform/results/mc_g105_analysis/flat_dark_first/maps/morning_sunny_flat_5x_temporal_std.png,/home/jshong/Code/unfied-sr-denoise-platform/results/mc_g105_analysis/flat_dark_first/maps/morning_sunny_flat_5x_hot_persistence.png,/home/jshong/Code/unfied-sr-denoise-platform/results/mc_g105_analysis/flat_dark_first/maps/morning_sunny_flat_5x_hot_fixed_mask.png,/home/jshong/Code/unfied-sr-denoise-platform/results/mc_g105_analysis/flat_dark_first/maps/morning_sunny_flat_5x_flat_shading.png,/home/jshong/Code/unfied-sr-denoise-platform/results/mc_g105_analysis/flat_dark_first/maps/morning_sunny_flat_5x_flat_green_excess.png
/home/jshong/Code/unfied-sr-denoise-platform/results/mc_g105_capture_frames/morning/sunny/flat/5x/frame_1664.png,morning/sunny/flat/5x/frame_1664.png,morning,sunny,flat,calibration_flat,5x,frame_1664,1664,morning/sunny/flat/5x,1920,1080,148.08560180664062,147.9894256591797,148.17050170898438,7.894858360290527,7.980757713317871,7.831597328186035,148.08555603027344,7.894870758056641,128.0000457763672,128.09051513671875,0.006053909659385681,0.30771273374557495,0.0961761474609375,0.1810760498046875,0.9993505300607344,0.9987779143183422,-0.1386260986328125,-0.0009361216678576756,0.04584360122680664,0.011770351080246913,641.4507446289062,0.0,0.0,0.001744309413580247,3617,0.0,4.822530864197531e-07,0.0,4.822530864197531e-07,4.822530864197531e-07,4.822530864197531e-07,4.822530864197531e-07,0.07575871586274269,151.1547393798828,144.2715301513672,1.0477100934161008,0.999999993384263,0.999999993384263,50,5.975019454956055,5.790889263153076,7.866101312637329,23.149852752685547,0.4653049409389496,1.930206298828125,0.5907135009765625,0.000690162181854248,0.001392960548400879,0.15287017822265625,0.04949122294783592,604.4267578125,0.937829047250867,True,1596,586,321,0.0007696759259259259,0.0002826003086419753,0.00015480324074074075,/home/jshong/Code/unfied-sr-denoise-platform/results/mc_g105_analysis/flat_dark_first/maps/morning_sunny_flat_5x_temporal_std.png,/home/jshong/Code/unfied-sr-denoise-platform/results/mc_g105_analysis/flat_dark_first/maps/morning_sunny_flat_5x_hot_persistence.png,/home/jshong/Code/unfied-sr-denoise-platform/results/mc_g105_analysis/flat_dark_first/maps/morning_sunny_flat_5x_hot_fixed_mask.png,/home/jshong/Code/unfied-sr-denoise-platform/results/mc_g105_analysis/flat_dark_first/maps/morning_sunny_flat_5x_flat_shading.png,/home/jshong/Code/unfied-sr-denoise-platform/results/mc_g105_analysis/flat_dark_first/maps/morning_sunny_flat_5x_flat_green_excess.png
/home/jshong/Code/unfied-sr-denoise-platform/results/mc_g105_capture_frames/morning/sunny/flat/5x/frame_1665.png,morning/sunny/flat/5x/frame_1665.png,morning,sunny,flat,calibration_flat,5x,frame_1665,1665,morning/sunny/flat/5x,1920,1080,147.95220947265625,147.85653686523438,148.03660583496094,7.83325719833374,7.92007303237915,7.769348621368408,147.95217895507812,7.8332743644714355,128.0000457763672,128.09002685546875,0.006053909659385681,0.3070547878742218,0.095672607421875,0.1800689697265625,0.999353347901216,0.9987836118810308,-0.13787078857421875,-0.0009318604742159235,0.04584303870797157,0.011207079475308641,629.449462890625,0.0,0.0,0.0021045524691358027,4364,0.0,9.645061728395062e-07,0.0,9.645061728395062e-07,9.645061728395062e-07,9.645061728395062e-07,9.645061728395062e-07,0.07631689790324436,151.02052307128906,144.17396545410156,1.0474881615979341,0.9999999933783835,0.9999999933783835,50,5.975019454956055,5.790889263153076,7.866101312637329,23.149852752685547,0.4653049409389496,1.930206298828125,0.5907135009765625,0.000690162181854248,0.001392960548400879,0.15287017822265625,0.04949122294783592,604.4267578125,0.937829047250867,True,1596,586,321,0.0007696759259259259,0.0002826003086419753,0.00015480324074074075,/home/jshong/Code/unfied-sr-denoise-platform/results/mc_g105_analysis/flat_dark_first/maps/morning_sunny_flat_5x_temporal_std.png,/home/jshong/Code/unfied-sr-denoise-platform/results/mc_g105_analysis/flat_dark_first/maps/morning_sunny_flat_5x_hot_persistence.png,/home/jshong/Code/unfied-sr-denoise-platform/results/mc_g105_analysis/flat_dark_first/maps/morning_sunny_flat_5x_hot_fixed_mask.png,/home/jshong/Code/unfied-sr-denoise-platform/results/mc_g105_analysis/flat_dark_first/maps/morning_sunny_flat_5x_flat_shading.png,/home/jshong/Code/unfied-sr-denoise-platform/results/mc_g105_analysis/flat_dark_first/maps/morning_sunny_flat_5x_flat_green_excess.png
/home/jshong/Code/unfied-sr-denoise-platform/results/mc_g105_capture_frames/morning/sunny/flat/5x/frame_1666.png,morning/sunny/flat/5x/frame_1666.png,morning,sunny,flat,calibration_flat,5x,frame_1666,1666,morning/sunny/flat/5x,1920,1080,147.78433227539062,147.6886444091797,147.86874389648438,7.942989826202393,8.03014087677002,7.878572463989258,147.7843017578125,7.943010330200195,128.0000457763672,128.09002685546875,0.006053909659385681,0.3070547878742218,0.0956878662109375,0.1800994873046875,0.9993525100794506,0.9987820246433364,-0.1378936767578125,-0.0009330739069344282,0.04584303870797157,0.012398244598765432,656.8871459960938,0.0,0.0,0.0021508487654320987,4460,0.0,4.822530864197531e-07,0.0,4.822530864197531e-07,4.822530864197531e-07,4.822530864197531e-07,4.822530864197531e-07,0.07608427734774995,150.85533142089844,144.04226684570312,1.04729905795772,0.9999999933711325,0.9999999933711325,50,5.975019454956055,5.790889263153076,7.866101312637329,23.149852752685547,0.4653049409389496,1.930206298828125,0.5907135009765625,0.000690162181854248,0.001392960548400879,0.15287017822265625,0.04949122294783592,604.4267578125,0.937829047250867,True,1596,586,321,0.0007696759259259259,0.0002826003086419753,0.00015480324074074075,/home/jshong/Code/unfied-sr-denoise-platform/results/mc_g105_analysis/flat_dark_first/maps/morning_sunny_flat_5x_temporal_std.png,/home/jshong/Code/unfied-sr-denoise-platform/results/mc_g105_analysis/flat_dark_first/maps/morning_sunny_flat_5x_hot_persistence.png,/home/jshong/Code/unfied-sr-denoise-platform/results/mc_g105_analysis/flat_dark_first/maps/morning_sunny_flat_5x_hot_fixed_mask.png,/home/jshong/Code/unfied-sr-denoise-platform/results/mc_g105_analysis/flat_dark_first/maps/morning_sunny_flat_5x_flat_shading.png,/home/jshong/Code/unfied-sr-denoise-platform/results/mc_g105_analysis/flat_dark_first/maps/morning_sunny_flat_5x_flat_green_excess.png
/home/jshong/Code/unfied-sr-denoise-platform/results/mc_g105_capture_frames/morning/sunny/flat/5x/frame_1667.png,morning/sunny/flat/5x/frame_1667.png,morning,sunny,flat,calibration_flat,5x,frame_1667,1667,morning/sunny/flat/5x,1920,1080,147.98178100585938,147.88658142089844,148.06468200683594,7.873909950256348,7.960306644439697,7.811065673828125,147.98175048828125,7.873929977416992,128.0000457763672,128.0890350341797,0.006053909659385681,0.30734243988990784,0.0951995849609375,0.1781005859375,0.9993566736143429,0.9987971366140751,-0.13665008544921875,-0.0009234252472004302,0.04675848409533501,0.010899402006172839,640.2367553710938,0.0,0.0,0.002126736111111111,4410,0.0,0.0,0.0,0.0,0.0,0.0,0.0,0.07590068457291949,151.08026123046875,144.27984619140625,1.0471334990398269,0.9999999933810018,0.9999999933810018,50,5.975019454956055,5.790889263153076,7.866101312637329,23.149852752685547,0.4653049409389496,1.930206298828125,0.5907135009765625,0.000690162181854248,0.001392960548400879,0.15287017822265625,0.04949122294783592,604.4267578125,0.937829047250867,True,1596,586,321,0.0007696759259259259,0.0002826003086419753,0.00015480324074074075,/home/jshong/Code/unfied-sr-denoise-platform/results/mc_g105_analysis/flat_dark_first/maps/morning_sunny_flat_5x_temporal_std.png,/home/jshong/Code/unfied-sr-denoise-platform/results/mc_g105_analysis/flat_dark_first/maps/morning_sunny_flat_5x_hot_persistence.png,/home/jshong/Code/unfied-sr-denoise-platform/results/mc_g105_analysis/flat_dark_first/maps/morning_sunny_flat_5x_hot_fixed_mask.png,/home/jshong/Code/unfied-sr-denoise-platform/results/mc_g105_analysis/flat_dark_first/maps/morning_sunny_flat_5x_flat_shading.png,/home/jshong/Code/unfied-sr-denoise-platform/results/mc_g105_analysis/flat_dark_first/maps/morning_sunny_flat_5x_flat_green_excess.png
/home/jshong/Code/unfied-sr-denoise-platform/results/mc_g105_capture_frames/morning/sunny/flat/5x/frame_1668.png,morning/sunny/flat/5x/frame_1668.png,morning,sunny,flat,calibration_flat,5x,frame_1668,1668,morning/sunny/flat/5x,1920,1080,147.7783966064453,147.6836700439453,147.85986328125,7.805390357971191,7.889758110046387,7.745529651641846,147.7783660888672,7.805410385131836,128.0000457763672,128.08807373046875,0.006053909659385681,0.3076554536819458,0.0947265625,0.1761932373046875,0.9993589891077838,0.9988083700863574,-0.13545989990234375,-0.0009166422837849083,0.0476648285984993,0.011944444444444445,640.2893676757812,0.0,0.0,0.0018344907407407407,3804,0.0,0.0,0.0,0.0,0.0,0.0,0.0,0.07484114846215756,150.80081176757812,143.97560119628906,1.0474053205346827,0.999999993368736,0.999999993368736,50,5.975019454956055,5.790889263153076,7.866101312637329,23.149852752685547,0.4653049409389496,1.930206298828125,0.5907135009765625,0.000690162181854248,0.001392960548400879,0.15287017822265625,0.04949122294783592,604.4267578125,0.937829047250867,True,1596,586,321,0.0007696759259259259,0.0002826003086419753,0.00015480324074074075,/home/jshong/Code/unfied-sr-denoise-platform/results/mc_g105_analysis/flat_dark_first/maps/morning_sunny_flat_5x_temporal_std.png,/home/jshong/Code/unfied-sr-denoise-platform/results/mc_g105_analysis/flat_dark_first/maps/morning_sunny_flat_5x_hot_persistence.png,/home/jshong/Code/unfied-sr-denoise-platform/results/mc_g105_analysis/flat_dark_first/maps/morning_sunny_flat_5x_hot_fixed_mask.png,/home/jshong/Code/unfied-sr-denoise-platform/results/mc_g105_analysis/flat_dark_first/maps/morning_sunny_flat_5x_flat_shading.png,/home/jshong/Code/unfied-sr-denoise-platform/results/mc_g105_analysis/flat_dark_first/maps/morning_sunny_flat_5x_flat_green_excess.png
/home/jshong/Code/unfied-sr-denoise-platform/results/mc_g105_capture_frames/morning/sunny/flat/5x/frame_1669.png,morning/sunny/flat/5x/frame_1669.png,morning,sunny,flat,calibration_flat,5x,frame_1669,1669,morning/sunny/flat/5x,1920,1080,147.7874755859375,147.6922149658203,147.87088012695312,7.790467739105225,7.87577486038208,7.727932453155518,147.78744506835938,7.79048490524292,128.0000457763672,128.0893096923828,0.006053909659385681,0.3071083128452301,0.0952606201171875,0.1786651611328125,0.9993554148002399,0.9987917420943788,-0.136962890625,-0.0009267559205377129,0.04665347561240196,0.01142312885802469,631.3757934570312,0.0,0.0,0.0021103395061728395,4376,0.0,0.0,0.0,0.0,0.0,0.0,0.0,0.0739987820039502,150.693359375,144.0114288330078,1.0463986056505403,0.9999999933640076,0.9999999933640076,50,5.975019454956055,5.790889263153076,7.866101312637329,23.149852752685547,0.4653049409389496,1.930206298828125,0.5907135009765625,0.000690162181854248,0.001392960548400879,0.15287017822265625,0.04949122294783592,604.4267578125,0.937829047250867,True,1596,586,321,0.0007696759259259259,0.0002826003086419753,0.00015480324074074075,/home/jshong/Code/unfied-sr-denoise-platform/results/mc_g105_analysis/flat_dark_first/maps/morning_sunny_flat_5x_temporal_std.png,/home/jshong/Code/unfied-sr-denoise-platform/results/mc_g105_analysis/flat_dark_first/maps/morning_sunny_flat_5x_hot_persistence.png,/home/jshong/Code/unfied-sr-denoise-platform/results/mc_g105_analysis/flat_dark_first/maps/morning_sunny_flat_5x_hot_fixed_mask.png,/home/jshong/Code/unfied-sr-denoise-platform/results/mc_g105_analysis/flat_dark_first/maps/morning_sunny_flat_5x_flat_shading.png,/home/jshong/Code/unfied-sr-denoise-platform/results/mc_g105_analysis/flat_dark_first/maps/morning_sunny_flat_5x_flat_green_excess.png
/home/jshong/Code/unfied-sr-denoise-platform/results/mc_g105_capture_frames/morning/sunny/flat/5x/frame_1670.png,morning/sunny/flat/5x/frame_1670.png,morning,sunny,flat,calibration_flat,5x,frame_1670,1670,morning/sunny/flat/5x,1920,1080,147.86380004882812,147.7684783935547,147.9471435546875,7.843142032623291,7.928583145141602,7.780386924743652,147.86375427246094,7.84316349029541,128.0000457763672,128.0893096923828,0.006053909659385681,0.3071083128452301,0.0953216552734375,0.1786651611328125,0.9993553347432077,0.9987923649241722,-0.136993408203125,-0.0009264840322139411,0.04665347561240196,0.011080246913580246,638.2994384765625,0.0,0.0,0.00203125,4212,0.0,0.0,0.0,0.0,0.0,0.0,0.0,0.07453484049918065,150.837890625,144.02557373046875,1.047299348794684,0.9999999933703662,0.9999999933703662,50,5.975019454956055,5.790889263153076,7.866101312637329,23.149852752685547,0.4653049409389496,1.930206298828125,0.5907135009765625,0.000690162181854248,0.001392960548400879,0.15287017822265625,0.04949122294783592,604.4267578125,0.937829047250867,True,1596,586,321,0.0007696759259259259,0.0002826003086419753,0.00015480324074074075,/home/jshong/Code/unfied-sr-denoise-platform/results/mc_g105_analysis/flat_dark_first/maps/morning_sunny_flat_5x_temporal_std.png,/home/jshong/Code/unfied-sr-denoise-platform/results/mc_g105_analysis/flat_dark_first/maps/morning_sunny_flat_5x_hot_persistence.png,/home/jshong/Code/unfied-sr-denoise-platform/results/mc_g105_analysis/flat_dark_first/maps/morning_sunny_flat_5x_hot_fixed_mask.png,/home/jshong/Code/unfied-sr-denoise-platform/results/mc_g105_analysis/flat_dark_first/maps/morning_sunny_flat_5x_flat_shading.png,/home/jshong/Code/unfied-sr-denoise-platform/results/mc_g105_analysis/flat_dark_first/maps/morning_sunny_flat_5x_flat_green_excess.png
/home/jshong/Code/unfied-sr-denoise-platform/results/mc_g105_capture_frames/morning/sunny/flat/5x/frame_1671.png,morning/sunny/flat/5x/frame_1671.png,morning,sunny,flat,calibration_flat,5x,frame_1671,1671,morning/sunny/flat/5x,1920,1080,147.91827392578125,147.82301330566406,148.0016632080078,7.8531107902526855,7.940280914306641,7.788730621337891,147.91824340820312,7.853132724761963,128.0000457763672,128.0893096923828,0.006053909659385681,0.3071083128452301,0.0952606201171875,0.17864990234375,0.999355984781698,0.9987929128817588,-0.13695526123046875,-0.0009258848479334278,0.04665347561240196,0.011304494598765431,628.302978515625,0.0,0.0,0.002017746913580247,4184,0.0,0.0,0.0,0.0,0.0,0.0,0.0,0.0750001361751248,150.9001007080078,144.09536743164062,1.0472238098311633,0.9999999933730992,0.9999999933730992,50,5.975019454956055,5.790889263153076,7.866101312637329,23.149852752685547,0.4653049409389496,1.930206298828125,0.5907135009765625,0.000690162181854248,0.001392960548400879,0.15287017822265625,0.04949122294783592,604.4267578125,0.937829047250867,True,1596,586,321,0.0007696759259259259,0.0002826003086419753,0.00015480324074074075,/home/jshong/Code/unfied-sr-denoise-platform/results/mc_g105_analysis/flat_dark_first/maps/morning_sunny_flat_5x_temporal_std.png,/home/jshong/Code/unfied-sr-denoise-platform/results/mc_g105_analysis/flat_dark_first/maps/morning_sunny_flat_5x_hot_persistence.png,/home/jshong/Code/unfied-sr-denoise-platform/results/mc_g105_analysis/flat_dark_first/maps/morning_sunny_flat_5x_hot_fixed_mask.png,/home/jshong/Code/unfied-sr-denoise-platform/results/mc_g105_analysis/flat_dark_first/maps/morning_sunny_flat_5x_flat_shading.png,/home/jshong/Code/unfied-sr-denoise-platform/results/mc_g105_analysis/flat_dark_first/maps/morning_sunny_flat_5x_flat_green_excess.png
/home/jshong/Code/unfied-sr-denoise-platform/results/mc_g105_capture_frames/morning/sunny/flat/5x/frame_1672.png,morning/sunny/flat/5x/frame_1672.png,morning,sunny,flat,calibration_flat,5x,frame_1672,1672,morning/sunny/flat/5x,1920,1080,147.9268798828125,147.83160400390625,148.01026916503906,7.8399658203125,7.926748275756836,7.7760009765625,147.92684936523438,7.839986801147461,128.0000457763672,128.0893096923828,0.006053909659385681,0.3071083128452301,0.09527587890625,0.1786651611328125,0.9993559190977486,0.9987928799742505,-0.13697052001953125,-0.0009259341335352458,0.04665347561240196,0.01158323688271605,632.5846557617188,0.0,0.0,0.0020027970679012347,4153,0.0,4.822530864197531e-07,0.0,4.822530864197531e-07,4.822530864197531e-07,4.822530864197531e-07,4.822530864197531e-07,0.07436574078481614,150.87771606445312,144.0947723388672,1.047072788057583,0.9999999933721161,0.9999999933721161,50,5.975019454956055,5.790889263153076,7.866101312637329,23.149852752685547,0.4653049409389496,1.930206298828125,0.5907135009765625,0.000690162181854248,0.001392960548400879,0.15287017822265625,0.04949122294783592,604.4267578125,0.937829047250867,True,1596,586,321,0.0007696759259259259,0.0002826003086419753,0.00015480324074074075,/home/jshong/Code/unfied-sr-denoise-platform/results/mc_g105_analysis/flat_dark_first/maps/morning_sunny_flat_5x_temporal_std.png,/home/jshong/Code/unfied-sr-denoise-platform/results/mc_g105_analysis/flat_dark_first/maps/morning_sunny_flat_5x_hot_persistence.png,/home/jshong/Code/unfied-sr-denoise-platform/results/mc_g105_analysis/flat_dark_first/maps/morning_sunny_flat_5x_hot_fixed_mask.png,/home/jshong/Code/unfied-sr-denoise-platform/results/mc_g105_analysis/flat_dark_first/maps/morning_sunny_flat_5x_flat_shading.png,/home/jshong/Code/unfied-sr-denoise-platform/results/mc_g105_analysis/flat_dark_first/maps/morning_sunny_flat_5x_flat_green_excess.png
/home/jshong/Code/unfied-sr-denoise-platform/results/mc_g105_capture_frames/morning/sunny/flat/5x/frame_1673.png,morning/sunny/flat/5x/frame_1673.png,morning,sunny,flat,calibration_flat,5x,frame_1673,1673,morning/sunny/flat/5x,1920,1080,148.04873657226562,147.9534912109375,148.13214111328125,7.869022369384766,7.953864097595215,7.806557655334473,148.0487060546875,7.869046211242676,128.0000457763672,128.0893096923828,0.006053909659385681,0.3071083128452301,0.095245361328125,0.17864990234375,0.9993566553630244,0.9987939761094717,-0.1369476318359375,-0.000925017411907222,0.04665347561240196,0.01191309799382716,648.205322265625,0.0,0.0,0.0020259452160493827,4201,0.0,4.822530864197531e-07,0.0,4.822530864197531e-07,4.822530864197531e-07,4.822530864197531e-07,4.822530864197531e-07,0.07373047660591783,151.0367889404297,144.23251342773438,1.0471757324601347,0.9999999933790966,0.9999999933790966,50,5.975019454956055,5.790889263153076,7.866101312637329,23.149852752685547,0.4653049409389496,1.930206298828125,0.5907135009765625,0.000690162181854248,0.001392960548400879,0.15287017822265625,0.04949122294783592,604.4267578125,0.937829047250867,True,1596,586,321,0.0007696759259259259,0.0002826003086419753,0.00015480324074074075,/home/jshong/Code/unfied-sr-denoise-platform/results/mc_g105_analysis/flat_dark_first/maps/morning_sunny_flat_5x_temporal_std.png,/home/jshong/Code/unfied-sr-denoise-platform/results/mc_g105_analysis/flat_dark_first/maps/morning_sunny_flat_5x_hot_persistence.png,/home/jshong/Code/unfied-sr-denoise-platform/results/mc_g105_analysis/flat_dark_first/maps/morning_sunny_flat_5x_hot_fixed_mask.png,/home/jshong/Code/unfied-sr-denoise-platform/results/mc_g105_analysis/flat_dark_first/maps/morning_sunny_flat_5x_flat_shading.png,/home/jshong/Code/unfied-sr-denoise-platform/results/mc_g105_analysis/flat_dark_first/maps/morning_sunny_flat_5x_flat_green_excess.png
/home/jshong/Code/unfied-sr-denoise-platform/results/mc_g105_capture_frames/morning/sunny/flat/5x/frame_1674.png,morning/sunny/flat/5x/frame_1674.png,morning,sunny,flat,calibration_flat,5x,frame_1674,1674,morning/sunny/flat/5x,1920,1080,147.94776916503906,147.85231018066406,148.03146362304688,7.829547882080078,7.9166741371154785,7.76492166519165,147.94773864746094,7.8295674324035645,128.0000457763672,128.08956909179688,0.006053909659385681,0.30721408128738403,0.095458984375,0.1791534423828125,0.9993547724019868,0.9987897543077141,-0.13730621337890625,-0.0009280723970916219,0.045978449285030365,0.011472318672839507,636.7254638671875,0.0,0.0,0.0021199845679012344,4396,0.0,4.822530864197531e-07,0.0,4.822530864197531e-07,4.822530864197531e-07,4.822530864197531e-07,4.822530864197531e-07,0.07561860590247235,150.9602508544922,144.18212890625,1.0470108254930723,0.9999999933757397,0.9999999933757397,50,5.975019454956055,5.790889263153076,7.866101312637329,23.149852752685547,0.4653049409389496,1.930206298828125,0.5907135009765625,0.000690162181854248,0.001392960548400879,0.15287017822265625,0.04949122294783592,604.4267578125,0.937829047250867,True,1596,586,321,0.0007696759259259259,0.0002826003086419753,0.00015480324074074075,/home/jshong/Code/unfied-sr-denoise-platform/results/mc_g105_analysis/flat_dark_first/maps/morning_sunny_flat_5x_temporal_std.png,/home/jshong/Code/unfied-sr-denoise-platform/results/mc_g105_analysis/flat_dark_first/maps/morning_sunny_flat_5x_hot_persistence.png,/home/jshong/Code/unfied-sr-denoise-platform/results/mc_g105_analysis/flat_dark_first/maps/morning_sunny_flat_5x_hot_fixed_mask.png,/home/jshong/Code/unfied-sr-denoise-platform/results/mc_g105_analysis/flat_dark_first/maps/morning_sunny_flat_5x_flat_shading.png,/home/jshong/Code/unfied-sr-denoise-platform/results/mc_g105_analysis/flat_dark_first/maps/morning_sunny_flat_5x_flat_green_excess.png
/home/jshong/Code/unfied-sr-denoise-platform/results/mc_g105_capture_frames/morning/sunny/flat/5x/frame_1675.png,morning/sunny/flat/5x/frame_1675.png,morning,sunny,flat,calibration_flat,5x,frame_1675,1675,morning/sunny/flat/5x,1920,1080,147.95559692382812,147.8601531982422,148.04022216796875,7.8667988777160645,7.953707218170166,7.801639080047607,147.95556640625,7.866817474365234,128.0000457763672,128.09002685546875,0.006053909659385681,0.3063797354698181,0.0954437255859375,0.1800689697265625,0.9993549096693518,0.9987836415950127,-0.13775634765625,-0.0009310656575565324,0.045633867383003235,0.011413966049382716,647.0767822265625,0.0,0.0,0.0017901234567901235,3712,0.0,4.822530864197531e-07,0.0,4.822530864197531e-07,4.822530864197531e-07,4.822530864197531e-07,4.822530864197531e-07,0.07569981601953463,150.92971801757812,144.19801330566406,1.046683747653033,0.9999999933743997,0.9999999933743997,50,5.975019454956055,5.790889263153076,7.866101312637329,23.149852752685547,0.4653049409389496,1.930206298828125,0.5907135009765625,0.000690162181854248,0.001392960548400879,0.15287017822265625,0.04949122294783592,604.4267578125,0.937829047250867,True,1596,586,321,0.0007696759259259259,0.0002826003086419753,0.00015480324074074075,/home/jshong/Code/unfied-sr-denoise-platform/results/mc_g105_analysis/flat_dark_first/maps/morning_sunny_flat_5x_temporal_std.png,/home/jshong/Code/unfied-sr-denoise-platform/results/mc_g105_analysis/flat_dark_first/maps/morning_sunny_flat_5x_hot_persistence.png,/home/jshong/Code/unfied-sr-denoise-platform/results/mc_g105_analysis/flat_dark_first/maps/morning_sunny_flat_5x_hot_fixed_mask.png,/home/jshong/Code/unfied-sr-denoise-platform/results/mc_g105_analysis/flat_dark_first/maps/morning_sunny_flat_5x_flat_shading.png,/home/jshong/Code/unfied-sr-denoise-platform/results/mc_g105_analysis/flat_dark_first/maps/morning_sunny_flat_5x_flat_green_excess.png
/home/jshong/Code/unfied-sr-denoise-platform/results/mc_g105_capture_frames/morning/sunny/flat/5x/frame_1676.png,morning/sunny/flat/5x/frame_1676.png,morning,sunny,flat,calibration_flat,5x,frame_1676,1676,morning/sunny/flat/5x,1920,1080,147.7974853515625,147.70208740234375,147.88214111328125,7.879372596740723,7.966728210449219,7.8139119148254395,147.79745483398438,7.879393100738525,128.0000457763672,128.09002685546875,0.006053909659385681,0.30637601017951965,0.09539794921875,0.1800537109375,0.9993545292848092,0.9987824445307293,-0.137725830078125,-0.0009318552156461173,0.045605625957250595,0.011940104166666667,652.685791015625,0.0,0.0,0.0021277006172839507,4412,0.0,4.822530864197531e-07,0.0,4.822530864197531e-07,4.822530864197531e-07,4.822530864197531e-07,4.822530864197531e-07,0.0758542465456765,150.7983856201172,143.9804229736328,1.0473533933177814,0.9999999933686293,0.9999999933686293,50,5.975019454956055,5.790889263153076,7.866101312637329,23.149852752685547,0.4653049409389496,1.930206298828125,0.5907135009765625,0.000690162181854248,0.001392960548400879,0.15287017822265625,0.04949122294783592,604.4267578125,0.937829047250867,True,1596,586,321,0.0007696759259259259,0.0002826003086419753,0.00015480324074074075,/home/jshong/Code/unfied-sr-denoise-platform/results/mc_g105_analysis/flat_dark_first/maps/morning_sunny_flat_5x_temporal_std.png,/home/jshong/Code/unfied-sr-denoise-platform/results/mc_g105_analysis/flat_dark_first/maps/morning_sunny_flat_5x_hot_persistence.png,/home/jshong/Code/unfied-sr-denoise-platform/results/mc_g105_analysis/flat_dark_first/maps/morning_sunny_flat_5x_hot_fixed_mask.png,/home/jshong/Code/unfied-sr-denoise-platform/results/mc_g105_analysis/flat_dark_first/maps/morning_sunny_flat_5x_flat_shading.png,/home/jshong/Code/unfied-sr-denoise-platform/results/mc_g105_analysis/flat_dark_first/maps/morning_sunny_flat_5x_flat_green_excess.png
/home/jshong/Code/unfied-sr-denoise-platform/results/mc_g105_capture_frames/morning/sunny/flat/5x/frame_1677.png,morning/sunny/flat/5x/frame_1677.png,morning,sunny,flat,calibration_flat,5x,frame_1677,1677,morning/sunny/flat/5x,1920,1080,147.64051818847656,147.54559326171875,147.72366333007812,7.81923770904541,7.905313491821289,7.756283283233643,147.64047241210938,7.819260120391846,128.0000457763672,128.0890350341797,0.006053909659385681,0.3065636157989502,0.0949249267578125,0.178070068359375,0.9993570469185588,0.9987945664009424,-0.13649749755859375,-0.0009245262793054572,0.04713810235261917,0.011781925154320987,645.45703125,0.0,0.0,0.0021108217592592593,4377,0.0,4.822530864197531e-07,0.0,4.822530864197531e-07,4.822530864197531e-07,4.822530864197531e-07,4.822530864197531e-07,0.07477989645095565,150.67115783691406,143.86192321777344,1.0473317290601023,0.9999999933630298,0.9999999933630298,50,5.975019454956055,5.790889263153076,7.866101312637329,23.149852752685547,0.4653049409389496,1.930206298828125,0.5907135009765625,0.000690162181854248,0.001392960548400879,0.15287017822265625,0.04949122294783592,604.4267578125,0.937829047250867,True,1596,586,321,0.0007696759259259259,0.0002826003086419753,0.00015480324074074075,/home/jshong/Code/unfied-sr-denoise-platform/results/mc_g105_analysis/flat_dark_first/maps/morning_sunny_flat_5x_temporal_std.png,/home/jshong/Code/unfied-sr-denoise-platform/results/mc_g105_analysis/flat_dark_first/maps/morning_sunny_flat_5x_hot_persistence.png,/home/jshong/Code/unfied-sr-denoise-platform/results/mc_g105_analysis/flat_dark_first/maps/morning_sunny_flat_5x_hot_fixed_mask.png,/home/jshong/Code/unfied-sr-denoise-platform/results/mc_g105_analysis/flat_dark_first/maps/morning_sunny_flat_5x_flat_shading.png,/home/jshong/Code/unfied-sr-denoise-platform/results/mc_g105_analysis/flat_dark_first/maps/morning_sunny_flat_5x_flat_green_excess.png
/home/jshong/Code/unfied-sr-denoise-platform/results/mc_g105_capture_frames/morning/sunny/flat/5x/frame_1678.png,morning/sunny/flat/5x/frame_1678.png,morning,sunny,flat,calibration_flat,5x,frame_1678,1678,morning/sunny/flat/5x,1920,1080,147.49356079101562,147.3996124267578,147.57374572753906,7.790653228759766,7.8769450187683105,7.729405879974365,147.4935302734375,7.790674209594727,128.0000457763672,128.08706665039062,0.006053909659385681,0.3073313534259796,0.0939483642578125,0.17413330078125,0.9993630273544352,0.9988200184338835,-0.13404083251953125,-0.000908791262655673,0.050177231431007385,0.011450617283950618,636.3629760742188,0.0,0.0,0.002179783950617284,4520,0.0,4.822530864197531e-07,0.0,4.822530864197531e-07,4.822530864197531e-07,4.822530864197531e-07,4.822530864197531e-07,0.07678177717329027,150.581298828125,143.70823669433594,1.047826493763064,0.9999999933590692,0.9999999933590692,50,5.975019454956055,5.790889263153076,7.866101312637329,23.149852752685547,0.4653049409389496,1.930206298828125,0.5907135009765625,0.000690162181854248,0.001392960548400879,0.15287017822265625,0.04949122294783592,604.4267578125,0.937829047250867,True,1596,586,321,0.0007696759259259259,0.0002826003086419753,0.00015480324074074075,/home/jshong/Code/unfied-sr-denoise-platform/results/mc_g105_analysis/flat_dark_first/maps/morning_sunny_flat_5x_temporal_std.png,/home/jshong/Code/unfied-sr-denoise-platform/results/mc_g105_analysis/flat_dark_first/maps/morning_sunny_flat_5x_hot_persistence.png,/home/jshong/Code/unfied-sr-denoise-platform/results/mc_g105_analysis/flat_dark_first/maps/morning_sunny_flat_5x_hot_fixed_mask.png,/home/jshong/Code/unfied-sr-denoise-platform/results/mc_g105_analysis/flat_dark_first/maps/morning_sunny_flat_5x_flat_shading.png,/home/jshong/Code/unfied-sr-denoise-platform/results/mc_g105_analysis/flat_dark_first/maps/morning_sunny_flat_5x_flat_green_excess.png
/home/jshong/Code/unfied-sr-denoise-platform/results/mc_g105_capture_frames/morning/sunny/flat/5x/frame_1679.png,morning/sunny/flat/5x/frame_1679.png,morning,sunny,flat,calibration_flat,5x,frame_1679,1679,morning/sunny/flat/5x,1920,1080,147.49696350097656,147.4029998779297,147.57711791992188,7.843311786651611,7.929801940917969,7.781739234924316,147.49693298339844,7.843329906463623,128.0000457763672,128.08706665039062,0.006053909659385681,0.3073313534259796,0.093963623046875,0.1741180419921875,0.9993629385976533,0.9988201487922619,-0.13404083251953125,-0.0009087702971142319,0.050177231431007385,0.011489679783950617,638.6369018554688,0.0,0.0,0.0019704861111111112,4086,0.0,0.0,0.0,0.0,0.0,0.0,0.0,0.07609430013495028,150.5991668701172,143.736083984375,1.0477478003278595,0.9999999933598571,0.9999999933598571,50,5.975019454956055,5.790889263153076,7.866101312637329,23.149852752685547,0.4653049409389496,1.930206298828125,0.5907135009765625,0.000690162181854248,0.001392960548400879,0.15287017822265625,0.04949122294783592,604.4267578125,0.937829047250867,True,1596,586,321,0.0007696759259259259,0.0002826003086419753,0.00015480324074074075,/home/jshong/Code/unfied-sr-denoise-platform/results/mc_g105_analysis/flat_dark_first/maps/morning_sunny_flat_5x_temporal_std.png,/home/jshong/Code/unfied-sr-denoise-platform/results/mc_g105_analysis/flat_dark_first/maps/morning_sunny_flat_5x_hot_persistence.png,/home/jshong/Code/unfied-sr-denoise-platform/results/mc_g105_analysis/flat_dark_first/maps/morning_sunny_flat_5x_hot_fixed_mask.png,/home/jshong/Code/unfied-sr-denoise-platform/results/mc_g105_analysis/flat_dark_first/maps/morning_sunny_flat_5x_flat_shading.png,/home/jshong/Code/unfied-sr-denoise-platform/results/mc_g105_analysis/flat_dark_first/maps/morning_sunny_flat_5x_flat_green_excess.png
/home/jshong/Code/unfied-sr-denoise-platform/results/mc_g105_capture_frames/morning/sunny/flat/5x/frame_1680.png,morning/sunny/flat/5x/frame_1680.png,morning,sunny,flat,calibration_flat,5x,frame_1680,1680,morning/sunny/flat/5x,1920,1080,147.19293212890625,147.19293212890625,147.18997192382812,10.011970520019531,10.011970520019531,10.013257026672363,147.19293212890625,10.011970520019531,128.0,127.99851989746094,0.0,0.04844938591122627,0.0,-0.002960205078125,0.9999999932061956,1.0000201046648718,0.0014801025390625,1.0055527175114308e-05,0.009828505106270313,0.060390625,1232.729736328125,0.0,0.0,0.0018098958333333333,3753,0.0,0.0,0.0,0.0,0.0,0.0,0.0,0.07588219961158729,150.21719360351562,143.38519287109375,1.047647874567607,0.9999999933429725,0.9999999933429725,50,5.975019454956055,5.790889263153076,7.866101312637329,23.149852752685547,0.4653049409389496,1.930206298828125,0.5907135009765625,0.000690162181854248,0.001392960548400879,0.15287017822265625,0.04949122294783592,604.4267578125,0.937829047250867,True,1596,586,321,0.0007696759259259259,0.0002826003086419753,0.00015480324074074075,/home/jshong/Code/unfied-sr-denoise-platform/results/mc_g105_analysis/flat_dark_first/maps/morning_sunny_flat_5x_temporal_std.png,/home/jshong/Code/unfied-sr-denoise-platform/results/mc_g105_analysis/flat_dark_first/maps/morning_sunny_flat_5x_hot_persistence.png,/home/jshong/Code/unfied-sr-denoise-platform/results/mc_g105_analysis/flat_dark_first/maps/morning_sunny_flat_5x_hot_fixed_mask.png,/home/jshong/Code/unfied-sr-denoise-platform/results/mc_g105_analysis/flat_dark_first/maps/morning_sunny_flat_5x_flat_shading.png,/home/jshong/Code/unfied-sr-denoise-platform/results/mc_g105_analysis/flat_dark_first/maps/morning_sunny_flat_5x_flat_green_excess.png
/home/jshong/Code/unfied-sr-denoise-platform/results/mc_g105_capture_frames/morning/sunny/flat/5x/frame_1681.png,morning/sunny/flat/5x/frame_1681.png,morning,sunny,flat,calibration_flat,5x,frame_1681,1681,morning/sunny/flat/5x,1920,1080,147.23585510253906,147.23585510253906,147.23287963867188,8.994702339172363,8.994702339172363,8.995983123779297,147.23585510253906,8.994702339172363,128.0,127.99851989746094,0.0,0.04844938591122627,0.0,-0.0029754638671875,0.9999999932081761,1.000020202442921,0.00148773193359375,1.0104413238563662e-05,0.009828505106270313,0.03312162422839506,907.00927734375,0.0,0.0,0.0021021412037037037,4359,0.0,0.0,0.0,0.0,0.0,0.0,0.0,0.07481842662237254,150.22239685058594,143.4947967529297,1.04688392334083,0.9999999933432031,0.9999999933432031,50,5.975019454956055,5.790889263153076,7.866101312637329,23.149852752685547,0.4653049409389496,1.930206298828125,0.5907135009765625,0.000690162181854248,0.001392960548400879,0.15287017822265625,0.04949122294783592,604.4267578125,0.937829047250867,True,1596,586,321,0.0007696759259259259,0.0002826003086419753,0.00015480324074074075,/home/jshong/Code/unfied-sr-denoise-platform/results/mc_g105_analysis/flat_dark_first/maps/morning_sunny_flat_5x_temporal_std.png,/home/jshong/Code/unfied-sr-denoise-platform/results/mc_g105_analysis/flat_dark_first/maps/morning_sunny_flat_5x_hot_persistence.png,/home/jshong/Code/unfied-sr-denoise-platform/results/mc_g105_analysis/flat_dark_first/maps/morning_sunny_flat_5x_hot_fixed_mask.png,/home/jshong/Code/unfied-sr-denoise-platform/results/mc_g105_analysis/flat_dark_first/maps/morning_sunny_flat_5x_flat_shading.png,/home/jshong/Code/unfied-sr-denoise-platform/results/mc_g105_analysis/flat_dark_first/maps/morning_sunny_flat_5x_flat_green_excess.png
/home/jshong/Code/unfied-sr-denoise-platform/results/mc_g105_capture_frames/morning/sunny/flat/5x/frame_1682.png,morning/sunny/flat/5x/frame_1682.png,morning,sunny,flat,calibration_flat,5x,frame_1682,1682,morning/sunny/flat/5x,1920,1080,147.42950439453125,147.42950439453125,147.42654418945312,8.512495994567871,8.512495994567871,8.513861656188965,147.42950439453125,8.512495994567871,128.0,127.99851989746094,0.0,0.04844938591122627,0.0,-0.002960205078125,0.9999999932170972,1.0000200724033403,0.0014801025390625,1.003939160686761e-05,0.009828505106270313,0.022404031635802468,767.8432006835938,0.0,0.0,0.0021508487654320987,4460,0.0,0.0,0.0,0.0,0.0,0.0,0.0,0.07687733808864478,150.5272216796875,143.49404907226562,1.0490136810821067,0.9999999933566834,0.9999999933566834,50,5.975019454956055,5.790889263153076,7.866101312637329,23.149852752685547,0.4653049409389496,1.930206298828125,0.5907135009765625,0.000690162181854248,0.001392960548400879,0.15287017822265625,0.04949122294783592,604.4267578125,0.937829047250867,True,1596,586,321,0.0007696759259259259,0.0002826003086419753,0.00015480324074074075,/home/jshong/Code/unfied-sr-denoise-platform/results/mc_g105_analysis/flat_dark_first/maps/morning_sunny_flat_5x_temporal_std.png,/home/jshong/Code/unfied-sr-denoise-platform/results/mc_g105_analysis/flat_dark_first/maps/morning_sunny_flat_5x_hot_persistence.png,/home/jshong/Code/unfied-sr-denoise-platform/results/mc_g105_analysis/flat_dark_first/maps/morning_sunny_flat_5x_hot_fixed_mask.png,/home/jshong/Code/unfied-sr-denoise-platform/results/mc_g105_analysis/flat_dark_first/maps/morning_sunny_flat_5x_flat_shading.png,/home/jshong/Code/unfied-sr-denoise-platform/results/mc_g105_analysis/flat_dark_first/maps/morning_sunny_flat_5x_flat_green_excess.png
/home/jshong/Code/unfied-sr-denoise-platform/results/mc_g105_capture_frames/morning/sunny/flat/5x/frame_1683.png,morning/sunny/flat/5x/frame_1683.png,morning,sunny,flat,calibration_flat,5x,frame_1683,1683,morning/sunny/flat/5x,1920,1080,147.28404235839844,147.28404235839844,147.28111267089844,8.79720687866211,8.79720687866211,8.798540115356445,147.28404235839844,8.79720687866211,128.0,127.99851989746094,0.0,0.04844938591122627,0.0,-0.0029296875,0.9999999932103982,1.0000198850173454,0.00146484375,9.945705703064349e-06,0.009828505106270313,0.026626639660493827,851.6597900390625,0.0,0.0,0.0018267746913580246,3788,0.0,0.0,0.0,0.0,0.0,0.0,0.0,0.07682405817930091,150.2874298095703,143.44107055664062,1.04772941374902,0.9999999933460836,0.9999999933460836,50,5.975019454956055,5.790889263153076,7.866101312637329,23.149852752685547,0.4653049409389496,1.930206298828125,0.5907135009765625,0.000690162181854248,0.001392960548400879,0.15287017822265625,0.04949122294783592,604.4267578125,0.937829047250867,True,1596,586,321,0.0007696759259259259,0.0002826003086419753,0.00015480324074074075,/home/jshong/Code/unfied-sr-denoise-platform/results/mc_g105_analysis/flat_dark_first/maps/morning_sunny_flat_5x_temporal_std.png,/home/jshong/Code/unfied-sr-denoise-platform/results/mc_g105_analysis/flat_dark_first/maps/morning_sunny_flat_5x_hot_persistence.png,/home/jshong/Code/unfied-sr-denoise-platform/results/mc_g105_analysis/flat_dark_first/maps/morning_sunny_flat_5x_hot_fixed_mask.png,/home/jshong/Code/unfied-sr-denoise-platform/results/mc_g105_analysis/flat_dark_first/maps/morning_sunny_flat_5x_flat_shading.png,/home/jshong/Code/unfied-sr-denoise-platform/results/mc_g105_analysis/flat_dark_first/maps/morning_sunny_flat_5x_flat_green_excess.png
/home/jshong/Code/unfied-sr-denoise-platform/results/mc_g105_capture_frames/morning/sunny/flat/5x/frame_1684.png,morning/sunny/flat/5x/frame_1684.png,morning,sunny,flat,calibration_flat,5x,frame_1684,1684,morning/sunny/flat/5x,1920,1080,147.37181091308594,147.37181091308594,147.36883544921875,8.207902908325195,8.207902908325195,8.20937442779541,147.37181091308594,8.207902908325195,128.0,127.99851989746094,0.0,0.04844938591122627,0.0,-0.0029754638671875,0.9999999932144419,1.0000201838050626,0.00148773193359375,1.0095091552997635e-05,0.009828505106270313,0.018411458333333332,712.653076171875,0.0,0.0,0.001962770061728395,4070,0.0,0.0,0.0,0.0,0.0,0.0,0.0,0.07542690826042443,150.3482666015625,143.6750030517578,1.0464469278692394,0.9999999933487761,0.9999999933487761,50,5.975019454956055,5.790889263153076,7.866101312637329,23.149852752685547,0.4653049409389496,1.930206298828125,0.5907135009765625,0.000690162181854248,0.001392960548400879,0.15287017822265625,0.04949122294783592,604.4267578125,0.937829047250867,True,1596,586,321,0.0007696759259259259,0.0002826003086419753,0.00015480324074074075,/home/jshong/Code/unfied-sr-denoise-platform/results/mc_g105_analysis/flat_dark_first/maps/morning_sunny_flat_5x_temporal_std.png,/home/jshong/Code/unfied-sr-denoise-platform/results/mc_g105_analysis/flat_dark_first/maps/morning_sunny_flat_5x_hot_persistence.png,/home/jshong/Code/unfied-sr-denoise-platform/results/mc_g105_analysis/flat_dark_first/maps/morning_sunny_flat_5x_hot_fixed_mask.png,/home/jshong/Code/unfied-sr-denoise-platform/results/mc_g105_analysis/flat_dark_first/maps/morning_sunny_flat_5x_flat_shading.png,/home/jshong/Code/unfied-sr-denoise-platform/results/mc_g105_analysis/flat_dark_first/maps/morning_sunny_flat_5x_flat_green_excess.png
/home/jshong/Code/unfied-sr-denoise-platform/results/mc_g105_capture_frames/morning/sunny/flat/5x/frame_1685.png,morning/sunny/flat/5x/frame_1685.png,morning,sunny,flat,calibration_flat,5x,frame_1685,1685,morning/sunny/flat/5x,1920,1080,147.445068359375,147.445068359375,147.44207763671875,8.019405364990234,8.019405364990234,8.020970344543457,147.445068359375,8.019405364990234,128.0,127.99851989746094,0.0,0.04844938591122627,0.0,-0.00299072265625,0.9999999932178132,1.000020277268768,0.001495361328125,1.014181982905297e-05,0.009828505106270313,0.01539255401234568,665.6596069335938,0.0,0.0,0.002107445987654321,4370,0.0,0.0,0.0,0.0,0.0,0.0,0.0,0.07562121857648674,150.3517608642578,143.64024353027344,1.0467244841856969,0.9999999933489306,0.9999999933489306,50,5.975019454956055,5.790889263153076,7.866101312637329,23.149852752685547,0.4653049409389496,1.930206298828125,0.5907135009765625,0.000690162181854248,0.001392960548400879,0.15287017822265625,0.04949122294783592,604.4267578125,0.937829047250867,True,1596,586,321,0.0007696759259259259,0.0002826003086419753,0.00015480324074074075,/home/jshong/Code/unfied-sr-denoise-platform/results/mc_g105_analysis/flat_dark_first/maps/morning_sunny_flat_5x_temporal_std.png,/home/jshong/Code/unfied-sr-denoise-platform/results/mc_g105_analysis/flat_dark_first/maps/morning_sunny_flat_5x_hot_persistence.png,/home/jshong/Code/unfied-sr-denoise-platform/results/mc_g105_analysis/flat_dark_first/maps/morning_sunny_flat_5x_hot_fixed_mask.png,/home/jshong/Code/unfied-sr-denoise-platform/results/mc_g105_analysis/flat_dark_first/maps/morning_sunny_flat_5x_flat_shading.png,/home/jshong/Code/unfied-sr-denoise-platform/results/mc_g105_analysis/flat_dark_first/maps/morning_sunny_flat_5x_flat_green_excess.png
/home/jshong/Code/unfied-sr-denoise-platform/results/mc_g105_capture_frames/morning/sunny/flat/5x/frame_1686.png,morning/sunny/flat/5x/frame_1686.png,morning,sunny,flat,calibration_flat,5x,frame_1686,1686,morning/sunny/flat/5x,1920,1080,147.35226440429688,147.35226440429688,147.34930419921875,7.965641975402832,7.965641975402832,7.967213153839111,147.35226440429688,7.965641975402832,128.0,127.99851989746094,0.0,0.04844938591122627,0.0,-0.002960205078125,0.9999999932135417,1.000020082925224,0.0014801025390625,1.0044654115099472e-05,0.009828505106270313,0.014312307098765431,657.9981079101562,0.0,0.0,0.0020249807098765434,4199,0.0,0.0,0.0,0.0,0.0,0.0,0.0,0.07602846482455047,150.30528259277344,143.56410217285156,1.0469558843118707,0.999999993346874,0.999999993346874,50,5.975019454956055,5.790889263153076,7.866101312637329,23.149852752685547,0.4653049409389496,1.930206298828125,0.5907135009765625,0.000690162181854248,0.001392960548400879,0.15287017822265625,0.04949122294783592,604.4267578125,0.937829047250867,True,1596,586,321,0.0007696759259259259,0.0002826003086419753,0.00015480324074074075,/home/jshong/Code/unfied-sr-denoise-platform/results/mc_g105_analysis/flat_dark_first/maps/morning_sunny_flat_5x_temporal_std.png,/home/jshong/Code/unfied-sr-denoise-platform/results/mc_g105_analysis/flat_dark_first/maps/morning_sunny_flat_5x_hot_persistence.png,/home/jshong/Code/unfied-sr-denoise-platform/results/mc_g105_analysis/flat_dark_first/maps/morning_sunny_flat_5x_hot_fixed_mask.png,/home/jshong/Code/unfied-sr-denoise-platform/results/mc_g105_analysis/flat_dark_first/maps/morning_sunny_flat_5x_flat_shading.png,/home/jshong/Code/unfied-sr-denoise-platform/results/mc_g105_analysis/flat_dark_first/maps/morning_sunny_flat_5x_flat_green_excess.png
/home/jshong/Code/unfied-sr-denoise-platform/results/mc_g105_capture_frames/morning/sunny/flat/5x/frame_1687.png,morning/sunny/flat/5x/frame_1687.png,morning,sunny,flat,calibration_flat,5x,frame_1687,1687,morning/sunny/flat/5x,1920,1080,147.31040954589844,147.31040954589844,147.3074493408203,7.934055805206299,7.934055805206299,7.935617446899414,147.31040954589844,7.934055805206299,128.0,127.99851989746094,0.0,0.04844938591122627,0.0,-0.002960205078125,0.9999999932116135,1.000020088631439,0.0014801025390625,1.004750807208792e-05,0.009828505106270313,0.01310522762345679,644.7156372070312,0.0,0.0,0.00212866512345679,4414,0.0,0.0,0.0,0.0,0.0,0.0,0.0,0.07637553347314013,150.3046417236328,143.42881774902344,1.0479389221397752,0.9999999933468456,0.9999999933468456,50,5.975019454956055,5.790889263153076,7.866101312637329,23.149852752685547,0.4653049409389496,1.930206298828125,0.5907135009765625,0.000690162181854248,0.001392960548400879,0.15287017822265625,0.04949122294783592,604.4267578125,0.937829047250867,True,1596,586,321,0.0007696759259259259,0.0002826003086419753,0.00015480324074074075,/home/jshong/Code/unfied-sr-denoise-platform/results/mc_g105_analysis/flat_dark_first/maps/morning_sunny_flat_5x_temporal_std.png,/home/jshong/Code/unfied-sr-denoise-platform/results/mc_g105_analysis/flat_dark_first/maps/morning_sunny_flat_5x_hot_persistence.png,/home/jshong/Code/unfied-sr-denoise-platform/results/mc_g105_analysis/flat_dark_first/maps/morning_sunny_flat_5x_hot_fixed_mask.png,/home/jshong/Code/unfied-sr-denoise-platform/results/mc_g105_analysis/flat_dark_first/maps/morning_sunny_flat_5x_flat_shading.png,/home/jshong/Code/unfied-sr-denoise-platform/results/mc_g105_analysis/flat_dark_first/maps/morning_sunny_flat_5x_flat_green_excess.png
/home/jshong/Code/unfied-sr-denoise-platform/results/mc_g105_capture_frames/morning/sunny/flat/5x/frame_1688.png,morning/sunny/flat/5x/frame_1688.png,morning,sunny,flat,calibration_flat,5x,frame_1688,1688,morning/sunny/flat/5x,1920,1080,147.4260711669922,147.4260711669922,147.42308044433594,7.9212493896484375,7.9212493896484375,7.922811985015869,147.4260711669922,7.9212493896484375,128.0,127.99851989746094,0.0,0.04844938591122627,0.0,-0.00299072265625,0.9999999932169393,1.000020279881732,0.001495361328125,1.0143126694925285e-05,0.009828505106270313,0.01255931712962963,644.5640869140625,0.0,0.0,0.0020534336419753088,4258,0.0,0.0,0.0,0.0,0.0,0.0,0.0,0.0755395101256802,150.40098571777344,143.65245056152344,1.046978203872558,0.9999999933511075,0.9999999933511075,50,5.975019454956055,5.790889263153076,7.866101312637329,23.149852752685547,0.4653049409389496,1.930206298828125,0.5907135009765625,0.000690162181854248,0.001392960548400879,0.15287017822265625,0.04949122294783592,604.4267578125,0.937829047250867,True,1596,586,321,0.0007696759259259259,0.0002826003086419753,0.00015480324074074075,/home/jshong/Code/unfied-sr-denoise-platform/results/mc_g105_analysis/flat_dark_first/maps/morning_sunny_flat_5x_temporal_std.png,/home/jshong/Code/unfied-sr-denoise-platform/results/mc_g105_analysis/flat_dark_first/maps/morning_sunny_flat_5x_hot_persistence.png,/home/jshong/Code/unfied-sr-denoise-platform/results/mc_g105_analysis/flat_dark_first/maps/morning_sunny_flat_5x_hot_fixed_mask.png,/home/jshong/Code/unfied-sr-denoise-platform/results/mc_g105_analysis/flat_dark_first/maps/morning_sunny_flat_5x_flat_shading.png,/home/jshong/Code/unfied-sr-denoise-platform/results/mc_g105_analysis/flat_dark_first/maps/morning_sunny_flat_5x_flat_green_excess.png
/home/jshong/Code/unfied-sr-denoise-platform/results/mc_g105_capture_frames/morning/sunny/flat/5x/frame_1689.png,morning/sunny/flat/5x/frame_1689.png,morning,sunny,flat,calibration_flat,5x,frame_1689,1689,morning/sunny/flat/5x,1920,1080,147.3618927001953,147.3618927001953,147.3589324951172,7.919379711151123,7.919379711151123,7.92104959487915,147.3618927001953,7.919379711151123,128.0,127.99851989746094,0.0,0.04844938591122627,0.0,-0.002960205078125,0.9999999932139851,1.0000200816130242,0.0014801025390625,1.004399781990952e-05,0.009828505106270313,0.012589216820987655,650.0892944335938,0.0,0.0,0.0018774112654320987,3893,0.0,0.0,0.0,0.0,0.0,0.0,0.0,0.0754603719360022,150.36666870117188,143.63726806640625,1.0468499552971484,0.99999999334959,0.99999999334959,50,5.975019454956055,5.790889263153076,7.866101312637329,23.149852752685547,0.4653049409389496,1.930206298828125,0.5907135009765625,0.000690162181854248,0.001392960548400879,0.15287017822265625,0.04949122294783592,604.4267578125,0.937829047250867,True,1596,586,321,0.0007696759259259259,0.0002826003086419753,0.00015480324074074075,/home/jshong/Code/unfied-sr-denoise-platform/results/mc_g105_analysis/flat_dark_first/maps/morning_sunny_flat_5x_temporal_std.png,/home/jshong/Code/unfied-sr-denoise-platform/results/mc_g105_analysis/flat_dark_first/maps/morning_sunny_flat_5x_hot_persistence.png,/home/jshong/Code/unfied-sr-denoise-platform/results/mc_g105_analysis/flat_dark_first/maps/morning_sunny_flat_5x_hot_fixed_mask.png,/home/jshong/Code/unfied-sr-denoise-platform/results/mc_g105_analysis/flat_dark_first/maps/morning_sunny_flat_5x_flat_shading.png,/home/jshong/Code/unfied-sr-denoise-platform/results/mc_g105_analysis/flat_dark_first/maps/morning_sunny_flat_5x_flat_green_excess.png
/home/jshong/Code/unfied-sr-denoise-platform/results/mc_g105_capture_frames/morning/sunny/flat/5x/frame_1690.png,morning/sunny/flat/5x/frame_1690.png,morning,sunny,flat,calibration_flat,5x,frame_1690,1690,morning/sunny/flat/5x,1920,1080,147.3406524658203,147.3406524658203,147.3376922607422,7.8543243408203125,7.8543243408203125,7.855915546417236,147.3406524658203,7.8543243408203125,128.0,127.99851989746094,0.0,0.04844938591122627,0.0,-0.002960205078125,0.9999999932130069,1.000020084507994,0.0014801025390625,1.0045445735761245e-05,0.009828505106270313,0.012068383487654322,640.1315307617188,0.0,0.0,0.0018658371913580247,3869,0.0,4.822530864197531e-07,0.0,4.822530864197531e-07,4.822530864197531e-07,4.822530864197531e-07,4.822530864197531e-07,0.0749582774152264,150.2817840576172,143.4879150390625,1.0473480151227867,0.9999999933458337,0.9999999933458337,50,5.975019454956055,5.790889263153076,7.866101312637329,23.149852752685547,0.4653049409389496,1.930206298828125,0.5907135009765625,0.000690162181854248,0.001392960548400879,0.15287017822265625,0.04949122294783592,604.4267578125,0.937829047250867,True,1596,586,321,0.0007696759259259259,0.0002826003086419753,0.00015480324074074075,/home/jshong/Code/unfied-sr-denoise-platform/results/mc_g105_analysis/flat_dark_first/maps/morning_sunny_flat_5x_temporal_std.png,/home/jshong/Code/unfied-sr-denoise-platform/results/mc_g105_analysis/flat_dark_first/maps/morning_sunny_flat_5x_hot_persistence.png,/home/jshong/Code/unfied-sr-denoise-platform/results/mc_g105_analysis/flat_dark_first/maps/morning_sunny_flat_5x_hot_fixed_mask.png,/home/jshong/Code/unfied-sr-denoise-platform/results/mc_g105_analysis/flat_dark_first/maps/morning_sunny_flat_5x_flat_shading.png,/home/jshong/Code/unfied-sr-denoise-platform/results/mc_g105_analysis/flat_dark_first/maps/morning_sunny_flat_5x_flat_green_excess.png
/home/jshong/Code/unfied-sr-denoise-platform/results/mc_g105_capture_frames/morning/sunny/flat/5x/frame_1691.png,morning/sunny/flat/5x/frame_1691.png,morning,sunny,flat,calibration_flat,5x,frame_1691,1691,morning/sunny/flat/5x,1920,1080,147.34979248046875,147.34979248046875,147.3468475341797,7.8490519523620605,7.8490519523620605,7.850595474243164,147.34979248046875,7.8490519523620605,128.0,127.99851989746094,0.0,0.04844938591122627,0.0,-0.0029449462890625,0.9999999932134279,1.000019979703118,0.00147247314453125,9.993045186903683e-06,0.009828505106270313,0.012666377314814814,651.4931030273438,0.0,0.0,0.002101658950617284,4358,0.0,9.645061728395062e-07,0.0,9.645061728395062e-07,9.645061728395062e-07,9.645061728395062e-07,9.645061728395062e-07,0.07448026766732618,150.30490112304688,143.50021362304688,1.0474193471966218,0.9999999933468571,0.9999999933468571,50,5.975019454956055,5.790889263153076,7.866101312637329,23.149852752685547,0.4653049409389496,1.930206298828125,0.5907135009765625,0.000690162181854248,0.001392960548400879,0.15287017822265625,0.04949122294783592,604.4267578125,0.937829047250867,True,1596,586,321,0.0007696759259259259,0.0002826003086419753,0.00015480324074074075,/home/jshong/Code/unfied-sr-denoise-platform/results/mc_g105_analysis/flat_dark_first/maps/morning_sunny_flat_5x_temporal_std.png,/home/jshong/Code/unfied-sr-denoise-platform/results/mc_g105_analysis/flat_dark_first/maps/morning_sunny_flat_5x_hot_persistence.png,/home/jshong/Code/unfied-sr-denoise-platform/results/mc_g105_analysis/flat_dark_first/maps/morning_sunny_flat_5x_hot_fixed_mask.png,/home/jshong/Code/unfied-sr-denoise-platform/results/mc_g105_analysis/flat_dark_first/maps/morning_sunny_flat_5x_flat_shading.png,/home/jshong/Code/unfied-sr-denoise-platform/results/mc_g105_analysis/flat_dark_first/maps/morning_sunny_flat_5x_flat_green_excess.png
/home/jshong/Code/unfied-sr-denoise-platform/results/mc_g105_capture_frames/morning/sunny/flat/5x/frame_1692.png,morning/sunny/flat/5x/frame_1692.png,morning,sunny,flat,calibration_flat,5x,frame_1692,1692,morning/sunny/flat/5x,1920,1080,147.42092895507812,147.42092895507812,147.41798400878906,7.894295692443848,7.894295692443848,7.895829677581787,147.42092895507812,7.894295692443848,128.0,127.99851989746094,0.0,0.04844938591122627,0.0,-0.0029449462890625,0.9999999932167027,1.0000199700619221,0.00147247314453125,9.988223144298029e-06,0.009828505106270313,0.012445505401234567,654.877685546875,0.0,0.0,0.0020674189814814813,4287,0.0,9.645061728395062e-07,0.0,9.645061728395062e-07,9.645061728395062e-07,9.645061728395062e-07,9.645061728395062e-07,0.07516034849040833,150.37403869628906,143.59896850585938,1.0471804861395837,0.999999993349916,0.999999993349916,50,5.975019454956055,5.790889263153076,7.866101312637329,23.149852752685547,0.4653049409389496,1.930206298828125,0.5907135009765625,0.000690162181854248,0.001392960548400879,0.15287017822265625,0.04949122294783592,604.4267578125,0.937829047250867,True,1596,586,321,0.0007696759259259259,0.0002826003086419753,0.00015480324074074075,/home/jshong/Code/unfied-sr-denoise-platform/results/mc_g105_analysis/flat_dark_first/maps/morning_sunny_flat_5x_temporal_std.png,/home/jshong/Code/unfied-sr-denoise-platform/results/mc_g105_analysis/flat_dark_first/maps/morning_sunny_flat_5x_hot_persistence.png,/home/jshong/Code/unfied-sr-denoise-platform/results/mc_g105_analysis/flat_dark_first/maps/morning_sunny_flat_5x_hot_fixed_mask.png,/home/jshong/Code/unfied-sr-denoise-platform/results/mc_g105_analysis/flat_dark_first/maps/morning_sunny_flat_5x_flat_shading.png,/home/jshong/Code/unfied-sr-denoise-platform/results/mc_g105_analysis/flat_dark_first/maps/morning_sunny_flat_5x_flat_green_excess.png
/home/jshong/Code/unfied-sr-denoise-platform/results/mc_g105_capture_frames/morning/sunny/flat/5x/frame_1693.png,morning/sunny/flat/5x/frame_1693.png,morning,sunny,flat,calibration_flat,5x,frame_1693,1693,morning/sunny/flat/5x,1920,1080,147.15342712402344,147.15342712402344,147.1504364013672,7.775270462036133,7.775270462036133,7.776722431182861,147.15342712402344,7.775270462036133,128.0,127.99851989746094,0.0,0.04844938591122627,0.0,-0.00299072265625,0.9999999932043717,1.0000203174568085,0.001495361328125,1.0161919754018125e-05,0.009828505106270313,0.012546296296296297,642.88232421875,0.0,0.0,0.0019565007716049383,4057,0.0,0.0,0.0,0.0,0.0,0.0,0.0,0.07445498038243512,150.0470428466797,143.40255737304688,1.0463344904652807,0.9999999933354236,0.9999999933354236,50,5.975019454956055,5.790889263153076,7.866101312637329,23.149852752685547,0.4653049409389496,1.930206298828125,0.5907135009765625,0.000690162181854248,0.001392960548400879,0.15287017822265625,0.04949122294783592,604.4267578125,0.937829047250867,True,1596,586,321,0.0007696759259259259,0.0002826003086419753,0.00015480324074074075,/home/jshong/Code/unfied-sr-denoise-platform/results/mc_g105_analysis/flat_dark_first/maps/morning_sunny_flat_5x_temporal_std.png,/home/jshong/Code/unfied-sr-denoise-platform/results/mc_g105_analysis/flat_dark_first/maps/morning_sunny_flat_5x_hot_persistence.png,/home/jshong/Code/unfied-sr-denoise-platform/results/mc_g105_analysis/flat_dark_first/maps/morning_sunny_flat_5x_hot_fixed_mask.png,/home/jshong/Code/unfied-sr-denoise-platform/results/mc_g105_analysis/flat_dark_first/maps/morning_sunny_flat_5x_flat_shading.png,/home/jshong/Code/unfied-sr-denoise-platform/results/mc_g105_analysis/flat_dark_first/maps/morning_sunny_flat_5x_flat_green_excess.png
/home/jshong/Code/unfied-sr-denoise-platform/results/mc_g105_capture_frames/morning/sunny/flat/5x/frame_1694.png,morning/sunny/flat/5x/frame_1694.png,morning,sunny,flat,calibration_flat,5x,frame_1694,1694,morning/sunny/flat/5x,1920,1080,147.0970458984375,147.0970458984375,147.09414672851562,7.861180305480957,7.861180305480957,7.862707138061523,147.0970458984375,7.861180305480957,128.0,127.99853515625,0.0,0.04813074693083763,0.0,-0.002899169921875,0.999999993201767,1.000019702822761,0.0014495849609375,9.854616333245354e-06,0.010029605589807034,0.012502411265432098,656.0562133789062,0.0,0.0,0.0020905671296296297,4335,0.0,0.0,0.0,0.0,0.0,0.0,0.0,0.074975433053039,150.01431274414062,143.33734130859375,1.046582211781016,0.9999999933339695,0.9999999933339695,50,5.975019454956055,5.790889263153076,7.866101312637329,23.149852752685547,0.4653049409389496,1.930206298828125,0.5907135009765625,0.000690162181854248,0.001392960548400879,0.15287017822265625,0.04949122294783592,604.4267578125,0.937829047250867,True,1596,586,321,0.0007696759259259259,0.0002826003086419753,0.00015480324074074075,/home/jshong/Code/unfied-sr-denoise-platform/results/mc_g105_analysis/flat_dark_first/maps/morning_sunny_flat_5x_temporal_std.png,/home/jshong/Code/unfied-sr-denoise-platform/results/mc_g105_analysis/flat_dark_first/maps/morning_sunny_flat_5x_hot_persistence.png,/home/jshong/Code/unfied-sr-denoise-platform/results/mc_g105_analysis/flat_dark_first/maps/morning_sunny_flat_5x_hot_fixed_mask.png,/home/jshong/Code/unfied-sr-denoise-platform/results/mc_g105_analysis/flat_dark_first/maps/morning_sunny_flat_5x_flat_shading.png,/home/jshong/Code/unfied-sr-denoise-platform/results/mc_g105_analysis/flat_dark_first/maps/morning_sunny_flat_5x_flat_green_excess.png
/home/jshong/Code/unfied-sr-denoise-platform/results/mc_g105_capture_frames/morning/sunny/flat/5x/frame_1695.png,morning/sunny/flat/5x/frame_1695.png,morning,sunny,flat,calibration_flat,5x,frame_1695,1695,morning/sunny/flat/5x,1920,1080,147.09011840820312,147.09011840820312,147.08721923828125,7.862310886383057,7.862310886383057,7.863700866699219,147.09011840820312,7.862310886383057,128.0,127.99853515625,0.0,0.04813074693083763,0.0,-0.002899169921875,0.9999999932014468,1.0000197037507215,0.0014495849609375,9.855080455231839e-06,0.010029605589807034,0.012158564814814815,651.17041015625,0.0,0.0,0.001921778549382716,3985,0.0,0.0,0.0,0.0,0.0,0.0,0.0,0.07520262445851915,150.0760955810547,143.3284149169922,1.0470784500121064,0.9999999933367137,0.9999999933367137,50,5.975019454956055,5.790889263153076,7.866101312637329,23.149852752685547,0.4653049409389496,1.930206298828125,0.5907135009765625,0.000690162181854248,0.001392960548400879,0.15287017822265625,0.04949122294783592,604.4267578125,0.937829047250867,True,1596,586,321,0.0007696759259259259,0.0002826003086419753,0.00015480324074074075,/home/jshong/Code/unfied-sr-denoise-platform/results/mc_g105_analysis/flat_dark_first/maps/morning_sunny_flat_5x_temporal_std.png,/home/jshong/Code/unfied-sr-denoise-platform/results/mc_g105_analysis/flat_dark_first/maps/morning_sunny_flat_5x_hot_persistence.png,/home/jshong/Code/unfied-sr-denoise-platform/results/mc_g105_analysis/flat_dark_first/maps/morning_sunny_flat_5x_hot_fixed_mask.png,/home/jshong/Code/unfied-sr-denoise-platform/results/mc_g105_analysis/flat_dark_first/maps/morning_sunny_flat_5x_flat_shading.png,/home/jshong/Code/unfied-sr-denoise-platform/results/mc_g105_analysis/flat_dark_first/maps/morning_sunny_flat_5x_flat_green_excess.png
/home/jshong/Code/unfied-sr-denoise-platform/results/mc_g105_capture_frames/morning/sunny/flat/5x/frame_1696.png,morning/sunny/flat/5x/frame_1696.png,morning,sunny,flat,calibration_flat,5x,frame_1696,1696,morning/sunny/flat/5x,1920,1080,147.1585693359375,147.1585693359375,147.15567016601562,7.8735127449035645,7.8735127449035645,7.874936580657959,147.1585693359375,7.8735127449035645,128.0,127.99853515625,0.0,0.04813074693083763,0.0,-0.002899169921875,0.9999999932046092,1.0000196945853252,0.0014495849609375,9.850496356606e-06,0.010029605589807034,0.011626639660493827,642.5919799804688,0.0,0.0,0.0018870563271604938,3913,0.0,0.0,0.0,0.0,0.0,0.0,0.0,0.07616078849838351,150.1964111328125,143.382568359375,1.0475221067936036,0.9999999933420514,0.9999999933420514,50,5.975019454956055,5.790889263153076,7.866101312637329,23.149852752685547,0.4653049409389496,1.930206298828125,0.5907135009765625,0.000690162181854248,0.001392960548400879,0.15287017822265625,0.04949122294783592,604.4267578125,0.937829047250867,True,1596,586,321,0.0007696759259259259,0.0002826003086419753,0.00015480324074074075,/home/jshong/Code/unfied-sr-denoise-platform/results/mc_g105_analysis/flat_dark_first/maps/morning_sunny_flat_5x_temporal_std.png,/home/jshong/Code/unfied-sr-denoise-platform/results/mc_g105_analysis/flat_dark_first/maps/morning_sunny_flat_5x_hot_persistence.png,/home/jshong/Code/unfied-sr-denoise-platform/results/mc_g105_analysis/flat_dark_first/maps/morning_sunny_flat_5x_hot_fixed_mask.png,/home/jshong/Code/unfied-sr-denoise-platform/results/mc_g105_analysis/flat_dark_first/maps/morning_sunny_flat_5x_flat_shading.png,/home/jshong/Code/unfied-sr-denoise-platform/results/mc_g105_analysis/flat_dark_first/maps/morning_sunny_flat_5x_flat_green_excess.png
/home/jshong/Code/unfied-sr-denoise-platform/results/mc_g105_capture_frames/morning/sunny/flat/5x/frame_1697.png,morning/sunny/flat/5x/frame_1697.png,morning,sunny,flat,calibration_flat,5x,frame_1697,1697,morning/sunny/flat/5x,1920,1080,147.09292602539062,147.09292602539062,147.09002685546875,7.8147454261779785,7.8147454261779785,7.816154956817627,147.09292602539062,7.8147454261779785,128.0,127.99853515625,0.0,0.04813074693083763,0.0,-0.002899169921875,0.9999999932015766,1.0000197033746212,0.0014495849609375,9.854892347660456e-06,0.010029605589807034,0.011418788580246914,636.8728637695312,0.0,0.0,0.0018094135802469136,3752,0.0,0.0,0.0,0.0,0.0,0.0,0.0,0.07469815820038515,150.05528259277344,143.35830688476562,1.0467149396977466,0.9999999933357895,0.9999999933357895,50,5.975019454956055,5.790889263153076,7.866101312637329,23.149852752685547,0.4653049409389496,1.930206298828125,0.5907135009765625,0.000690162181854248,0.001392960548400879,0.15287017822265625,0.04949122294783592,604.4267578125,0.937829047250867,True,1596,586,321,0.0007696759259259259,0.0002826003086419753,0.00015480324074074075,/home/jshong/Code/unfied-sr-denoise-platform/results/mc_g105_analysis/flat_dark_first/maps/morning_sunny_flat_5x_temporal_std.png,/home/jshong/Code/unfied-sr-denoise-platform/results/mc_g105_analysis/flat_dark_first/maps/morning_sunny_flat_5x_hot_persistence.png,/home/jshong/Code/unfied-sr-denoise-platform/results/mc_g105_analysis/flat_dark_first/maps/morning_sunny_flat_5x_hot_fixed_mask.png,/home/jshong/Code/unfied-sr-denoise-platform/results/mc_g105_analysis/flat_dark_first/maps/morning_sunny_flat_5x_flat_shading.png,/home/jshong/Code/unfied-sr-denoise-platform/results/mc_g105_analysis/flat_dark_first/maps/morning_sunny_flat_5x_flat_green_excess.png
/home/jshong/Code/unfied-sr-denoise-platform/results/mc_g105_capture_frames/morning/sunny/flat/5x/frame_1698.png,morning/sunny/flat/5x/frame_1698.png,morning,sunny,flat,calibration_flat,5x,frame_1698,1698,morning/sunny/flat/5x,1920,1080,147.08485412597656,147.08485412597656,147.0819549560547,7.8216633796691895,7.8216633796691895,7.823184490203857,147.08485412597656,7.8216633796691895,128.0,127.99853515625,0.0,0.04813074693083763,0.0,-0.002899169921875,0.9999999932012035,1.000019704455948,0.0014495849609375,9.855433176284169e-06,0.010029605589807034,0.011650752314814815,633.896728515625,0.0,0.0,0.002169656635802469,4499,0.0,0.0,0.0,0.0,0.0,0.0,0.0,0.07471222701359397,150.04176330566406,143.36831665039062,1.0465475620042282,0.9999999933351891,0.9999999933351891,50,5.975019454956055,5.790889263153076,7.866101312637329,23.149852752685547,0.4653049409389496,1.930206298828125,0.5907135009765625,0.000690162181854248,0.001392960548400879,0.15287017822265625,0.04949122294783592,604.4267578125,0.937829047250867,True,1596,586,321,0.0007696759259259259,0.0002826003086419753,0.00015480324074074075,/home/jshong/Code/unfied-sr-denoise-platform/results/mc_g105_analysis/flat_dark_first/maps/morning_sunny_flat_5x_temporal_std.png,/home/jshong/Code/unfied-sr-denoise-platform/results/mc_g105_analysis/flat_dark_first/maps/morning_sunny_flat_5x_hot_persistence.png,/home/jshong/Code/unfied-sr-denoise-platform/results/mc_g105_analysis/flat_dark_first/maps/morning_sunny_flat_5x_hot_fixed_mask.png,/home/jshong/Code/unfied-sr-denoise-platform/results/mc_g105_analysis/flat_dark_first/maps/morning_sunny_flat_5x_flat_shading.png,/home/jshong/Code/unfied-sr-denoise-platform/results/mc_g105_analysis/flat_dark_first/maps/morning_sunny_flat_5x_flat_green_excess.png
/home/jshong/Code/unfied-sr-denoise-platform/results/mc_g105_capture_frames/morning/sunny/flat/5x/frame_1699.png,morning/sunny/flat/5x/frame_1699.png,morning,sunny,flat,calibration_flat,5x,frame_1699,1699,morning/sunny/flat/5x,1920,1080,147.2139129638672,147.2139129638672,147.21102905273438,7.795771598815918,7.795771598815918,7.797313213348389,147.2139129638672,7.795771598815918,128.0,127.99853515625,0.0,0.04813074693083763,0.0,-0.0028839111328125,0.9999999932071638,1.0000195835266676,0.00144195556640625,9.794967931904656e-06,0.010029605589807034,0.01175925925925926,633.6500854492188,0.0,0.0,0.0018489583333333333,3834,0.0,9.645061728395062e-07,0.0,9.645061728395062e-07,9.645061728395062e-07,9.645061728395062e-07,9.645061728395062e-07,0.07472011353226213,150.11070251464844,143.55943298339844,1.045634538598192,0.9999999933382498,0.9999999933382498,50,5.975019454956055,5.790889263153076,7.866101312637329,23.149852752685547,0.4653049409389496,1.930206298828125,0.5907135009765625,0.000690162181854248,0.001392960548400879,0.15287017822265625,0.04949122294783592,604.4267578125,0.937829047250867,True,1596,586,321,0.0007696759259259259,0.0002826003086419753,0.00015480324074074075,/home/jshong/Code/unfied-sr-denoise-platform/results/mc_g105_analysis/flat_dark_first/maps/morning_sunny_flat_5x_temporal_std.png,/home/jshong/Code/unfied-sr-denoise-platform/results/mc_g105_analysis/flat_dark_first/maps/morning_sunny_flat_5x_hot_persistence.png,/home/jshong/Code/unfied-sr-denoise-platform/results/mc_g105_analysis/flat_dark_first/maps/morning_sunny_flat_5x_hot_fixed_mask.png,/home/jshong/Code/unfied-sr-denoise-platform/results/mc_g105_analysis/flat_dark_first/maps/morning_sunny_flat_5x_flat_shading.png,/home/jshong/Code/unfied-sr-denoise-platform/results/mc_g105_analysis/flat_dark_first/maps/morning_sunny_flat_5x_flat_green_excess.png
/home/jshong/Code/unfied-sr-denoise-platform/results/mc_g105_capture_frames/morning/sunny/flat/5x/frame_1700.png,morning/sunny/flat/5x/frame_1700.png,morning,sunny,flat,calibration_flat,5x,frame_1700,1700,morning/sunny/flat/5x,1920,1080,147.27586364746094,147.27586364746094,147.27296447753906,7.806696891784668,7.806696891784668,7.8082170486450195,147.27586364746094,7.806696891784668,128.0,127.99853515625,0.0,0.04813074693083763,0.0,-0.002899169921875,0.9999999932100212,1.0000196788997389,0.0014495849609375,9.842651166281855e-06,0.010029605589807034,0.01183738425925926,631.2766723632812,0.0,0.0,0.0018856095679012346,3910,0.0,4.822530864197531e-07,0.0,4.822530864197531e-07,4.822530864197531e-07,4.822530864197531e-07,4.822530864197531e-07,0.07570115057374624,150.32318115234375,143.5706024169922,1.0470331500644259,0.9999999933476661,0.9999999933476661,50,5.975019454956055,5.790889263153076,7.866101312637329,23.149852752685547,0.4653049409389496,1.930206298828125,0.5907135009765625,0.000690162181854248,0.001392960548400879,0.15287017822265625,0.04949122294783592,604.4267578125,0.937829047250867,True,1596,586,321,0.0007696759259259259,0.0002826003086419753,0.00015480324074074075,/home/jshong/Code/unfied-sr-denoise-platform/results/mc_g105_analysis/flat_dark_first/maps/morning_sunny_flat_5x_temporal_std.png,/home/jshong/Code/unfied-sr-denoise-platform/results/mc_g105_analysis/flat_dark_first/maps/morning_sunny_flat_5x_hot_persistence.png,/home/jshong/Code/unfied-sr-denoise-platform/results/mc_g105_analysis/flat_dark_first/maps/morning_sunny_flat_5x_hot_fixed_mask.png,/home/jshong/Code/unfied-sr-denoise-platform/results/mc_g105_analysis/flat_dark_first/maps/morning_sunny_flat_5x_flat_shading.png,/home/jshong/Code/unfied-sr-denoise-platform/results/mc_g105_analysis/flat_dark_first/maps/morning_sunny_flat_5x_flat_green_excess.png
/home/jshong/Code/unfied-sr-denoise-platform/results/mc_g105_capture_frames/morning/sunny/flat/7x/frame_2201.png,morning/sunny/flat/7x/frame_2201.png,morning,sunny,flat,calibration_flat,7x,frame_2201,2201,morning/sunny/flat/7x,1920,1080,148.61862182617188,147.692626953125,148.386474609375,12.335285186767578,12.4730863571167,12.266203880310059,148.03062438964844,12.380971908569336,128.35646057128906,128.1627197265625,0.5061230063438416,0.5118954181671143,0.925994873046875,0.69384765625,0.9937693146697373,0.9953240438294623,-0.8099212646484375,-0.0054713088086776,0.1369456946849823,0.01627025462962963,664.5519409179688,0.0,0.0,0.0004658564814814815,966,0.0,0.0,0.0,0.0,0.0,0.0,0.0,0.20082811865697034,155.88809204101562,135.14871215820312,1.1534559848789332,0.9960834563466565,0.998408702700467,50,6.109917640686035,5.984145641326904,8.124654769897461,19.483903884887695,0.33850711584091187,1.05670166015625,0.587982177734375,0.006230711936950684,0.0046759843826293945,0.8099212646484375,0.05422067642211914,632.7711791992188,0.9454454726509961,True,514,271,169,0.00024787808641975307,0.0001306905864197531,8.150077160493827e-05,/home/jshong/Code/unfied-sr-denoise-platform/results/mc_g105_analysis/flat_dark_first/maps/morning_sunny_flat_7x_temporal_std.png,/home/jshong/Code/unfied-sr-denoise-platform/results/mc_g105_analysis/flat_dark_first/maps/morning_sunny_flat_7x_hot_persistence.png,/home/jshong/Code/unfied-sr-denoise-platform/results/mc_g105_analysis/flat_dark_first/maps/morning_sunny_flat_7x_hot_fixed_mask.png,/home/jshong/Code/unfied-sr-denoise-platform/results/mc_g105_analysis/flat_dark_first/maps/morning_sunny_flat_7x_flat_shading.png,/home/jshong/Code/unfied-sr-denoise-platform/results/mc_g105_analysis/flat_dark_first/maps/morning_sunny_flat_7x_flat_green_excess.png
/home/jshong/Code/unfied-sr-denoise-platform/results/mc_g105_capture_frames/morning/sunny/flat/7x/frame_2202.png,morning/sunny/flat/7x/frame_2202.png,morning,sunny,flat,calibration_flat,7x,frame_2202,2202,morning/sunny/flat/7x,1920,1080,148.47119140625,147.56712341308594,148.23953247070312,12.357267379760742,12.471055030822754,12.266876220703125,147.89593505859375,12.386219024658203,128.3477020263672,128.1554718017578,0.5105652213096619,0.5131250023841858,0.9040679931640625,0.6724090576171875,0.9939108120672303,0.9954640301283053,-0.788238525390625,-0.005329683467964521,0.14160513877868652,0.015533854166666666,654.7177734375,0.0,0.0,0.00041377314814814814,858,0.0,0.0,0.0,0.0,0.0,0.0,0.0,0.20081194538509672,155.78758239746094,135.0418701171875,1.1536242878497336,0.9961052213451816,0.9984855214527782,50,6.109917640686035,5.984145641326904,8.124654769897461,19.483903884887695,0.33850711584091187,1.05670166015625,0.587982177734375,0.006230711936950684,0.0046759843826293945,0.8099212646484375,0.05422067642211914,632.7711791992188,0.9454454726509961,True,514,271,169,0.00024787808641975307,0.0001306905864197531,8.150077160493827e-05,/home/jshong/Code/unfied-sr-denoise-platform/results/mc_g105_analysis/flat_dark_first/maps/morning_sunny_flat_7x_temporal_std.png,/home/jshong/Code/unfied-sr-denoise-platform/results/mc_g105_analysis/flat_dark_first/maps/morning_sunny_flat_7x_hot_persistence.png,/home/jshong/Code/unfied-sr-denoise-platform/results/mc_g105_analysis/flat_dark_first/maps/morning_sunny_flat_7x_hot_fixed_mask.png,/home/jshong/Code/unfied-sr-denoise-platform/results/mc_g105_analysis/flat_dark_first/maps/morning_sunny_flat_7x_flat_shading.png,/home/jshong/Code/unfied-sr-denoise-platform/results/mc_g105_analysis/flat_dark_first/maps/morning_sunny_flat_7x_flat_green_excess.png
/home/jshong/Code/unfied-sr-denoise-platform/results/mc_g105_capture_frames/morning/sunny/flat/7x/frame_2203.png,morning/sunny/flat/7x/frame_2203.png,morning,sunny,flat,calibration_flat,7x,frame_2203,2203,morning/sunny/flat/7x,1920,1080,148.3537139892578,147.46900939941406,148.11878967285156,12.409866333007812,12.519917488098145,12.313279151916504,147.788330078125,12.435400009155273,128.34042358398438,128.1471710205078,0.5159319043159485,0.513411283493042,0.88470458984375,0.6497802734375,0.9940365120623518,0.9956131070846193,-0.767242431640625,-0.005191495336902069,0.14799611270427704,0.015973668981481483,668.9664306640625,0.0,0.0,0.0003997878086419753,829,0.0,0.0,0.0,0.0,0.0,0.0,0.0,0.2010117661698606,155.69459533691406,134.90518188476562,1.154103882501731,0.9961945767274932,0.9985515935495661,50,6.109917640686035,5.984145641326904,8.124654769897461,19.483903884887695,0.33850711584091187,1.05670166015625,0.587982177734375,0.006230711936950684,0.0046759843826293945,0.8099212646484375,0.05422067642211914,632.7711791992188,0.9454454726509961,True,514,271,169,0.00024787808641975307,0.0001306905864197531,8.150077160493827e-05,/home/jshong/Code/unfied-sr-denoise-platform/results/mc_g105_analysis/flat_dark_first/maps/morning_sunny_flat_7x_temporal_std.png,/home/jshong/Code/unfied-sr-denoise-platform/results/mc_g105_analysis/flat_dark_first/maps/morning_sunny_flat_7x_hot_persistence.png,/home/jshong/Code/unfied-sr-denoise-platform/results/mc_g105_analysis/flat_dark_first/maps/morning_sunny_flat_7x_hot_fixed_mask.png,/home/jshong/Code/unfied-sr-denoise-platform/results/mc_g105_analysis/flat_dark_first/maps/morning_sunny_flat_7x_flat_shading.png,/home/jshong/Code/unfied-sr-denoise-platform/results/mc_g105_analysis/flat_dark_first/maps/morning_sunny_flat_7x_flat_green_excess.png
/home/jshong/Code/unfied-sr-denoise-platform/results/mc_g105_capture_frames/morning/sunny/flat/7x/frame_2204.png,morning/sunny/flat/7x/frame_2204.png,morning,sunny,flat,calibration_flat,7x,frame_2204,2204,morning/sunny/flat/7x,1920,1080,148.28228759765625,147.42776489257812,148.04833984375,12.469482421875,12.556014060974121,12.350022315979004,147.73492431640625,12.475753784179688,128.32835388183594,128.1367950439453,0.5232477784156799,0.514519989490509,0.854522705078125,0.620574951171875,0.9942371829221172,0.9958082883763836,-0.737548828125,-0.004992379605197484,0.15391282737255096,0.015825617283950617,668.0470581054688,0.0,0.0,0.0003751929012345679,778,0.0,0.0,0.0,0.0,0.0,0.0,0.0,0.20169459121420746,155.7115020751953,134.7581787109375,1.1554883155085922,0.9963849713038582,0.9987416099967636,50,6.109917640686035,5.984145641326904,8.124654769897461,19.483903884887695,0.33850711584091187,1.05670166015625,0.587982177734375,0.006230711936950684,0.0046759843826293945,0.8099212646484375,0.05422067642211914,632.7711791992188,0.9454454726509961,True,514,271,169,0.00024787808641975307,0.0001306905864197531,8.150077160493827e-05,/home/jshong/Code/unfied-sr-denoise-platform/results/mc_g105_analysis/flat_dark_first/maps/morning_sunny_flat_7x_temporal_std.png,/home/jshong/Code/unfied-sr-denoise-platform/results/mc_g105_analysis/flat_dark_first/maps/morning_sunny_flat_7x_hot_persistence.png,/home/jshong/Code/unfied-sr-denoise-platform/results/mc_g105_analysis/flat_dark_first/maps/morning_sunny_flat_7x_hot_fixed_mask.png,/home/jshong/Code/unfied-sr-denoise-platform/results/mc_g105_analysis/flat_dark_first/maps/morning_sunny_flat_7x_flat_shading.png,/home/jshong/Code/unfied-sr-denoise-platform/results/mc_g105_analysis/flat_dark_first/maps/morning_sunny_flat_7x_flat_green_excess.png
/home/jshong/Code/unfied-sr-denoise-platform/results/mc_g105_capture_frames/morning/sunny/flat/7x/frame_2205.png,morning/sunny/flat/7x/frame_2205.png,morning,sunny,flat,calibration_flat,7x,frame_2205,2205,morning/sunny/flat/7x,1920,1080,148.33892822265625,147.48719787597656,148.09950256347656,12.447530746459961,12.528388977050781,12.329479217529297,147.792724609375,12.449881553649902,128.32789611816406,128.1328125,0.523012101650238,0.5136202573776245,0.8517303466796875,0.6123046875,0.9942582075309359,0.9958655790683487,-0.7320175170898438,-0.004953000995628227,0.15448318421840668,0.014921875,661.4041748046875,0.0,0.0,0.00038290895061728395,794,0.0,4.822530864197531e-07,0.0,4.822530864197531e-07,4.822530864197531e-07,4.822530864197531e-07,4.822530864197531e-07,0.2017293678051665,155.77713012695312,134.85401916503906,1.1551537724741734,0.996399193845691,0.9987929257187149,50,6.109917640686035,5.984145641326904,8.124654769897461,19.483903884887695,0.33850711584091187,1.05670166015625,0.587982177734375,0.006230711936950684,0.0046759843826293945,0.8099212646484375,0.05422067642211914,632.7711791992188,0.9454454726509961,True,514,271,169,0.00024787808641975307,0.0001306905864197531,8.150077160493827e-05,/home/jshong/Code/unfied-sr-denoise-platform/results/mc_g105_analysis/flat_dark_first/maps/morning_sunny_flat_7x_temporal_std.png,/home/jshong/Code/unfied-sr-denoise-platform/results/mc_g105_analysis/flat_dark_first/maps/morning_sunny_flat_7x_hot_persistence.png,/home/jshong/Code/unfied-sr-denoise-platform/results/mc_g105_analysis/flat_dark_first/maps/morning_sunny_flat_7x_hot_fixed_mask.png,/home/jshong/Code/unfied-sr-denoise-platform/results/mc_g105_analysis/flat_dark_first/maps/morning_sunny_flat_7x_flat_shading.png,/home/jshong/Code/unfied-sr-denoise-platform/results/mc_g105_analysis/flat_dark_first/maps/morning_sunny_flat_7x_flat_green_excess.png
/home/jshong/Code/unfied-sr-denoise-platform/results/mc_g105_capture_frames/morning/sunny/flat/7x/frame_2206.png,morning/sunny/flat/7x/frame_2206.png,morning,sunny,flat,calibration_flat,7x,frame_2206,2206,morning/sunny/flat/7x,1920,1080,148.29608154296875,147.44467163085938,148.05599975585938,12.429631233215332,12.515473365783691,12.314648628234863,147.75048828125,12.435511589050293,128.32801818847656,128.13230895996094,0.5229430198669434,0.5130200386047363,0.851409912109375,0.611328125,0.9942587093501767,0.9958709601645389,-0.7313690185546875,-0.0049500277265579285,0.15422071516513824,0.015049189814814816,663.5546264648438,0.0,0.0,0.0003568672839506173,740,0.0,0.0,0.0,0.0,0.0,0.0,0.0,0.2014262716499622,155.66290283203125,134.7838897705078,1.1549073256615916,0.9964001520606631,0.9988016304778393,50,6.109917640686035,5.984145641326904,8.124654769897461,19.483903884887695,0.33850711584091187,1.05670166015625,0.587982177734375,0.006230711936950684,0.0046759843826293945,0.8099212646484375,0.05422067642211914,632.7711791992188,0.9454454726509961,True,514,271,169,0.00024787808641975307,0.0001306905864197531,8.150077160493827e-05,/home/jshong/Code/unfied-sr-denoise-platform/results/mc_g105_analysis/flat_dark_first/maps/morning_sunny_flat_7x_temporal_std.png,/home/jshong/Code/unfied-sr-denoise-platform/results/mc_g105_analysis/flat_dark_first/maps/morning_sunny_flat_7x_hot_persistence.png,/home/jshong/Code/unfied-sr-denoise-platform/results/mc_g105_analysis/flat_dark_first/maps/morning_sunny_flat_7x_hot_fixed_mask.png,/home/jshong/Code/unfied-sr-denoise-platform/results/mc_g105_analysis/flat_dark_first/maps/morning_sunny_flat_7x_flat_shading.png,/home/jshong/Code/unfied-sr-denoise-platform/results/mc_g105_analysis/flat_dark_first/maps/morning_sunny_flat_7x_flat_green_excess.png
/home/jshong/Code/unfied-sr-denoise-platform/results/mc_g105_capture_frames/morning/sunny/flat/7x/frame_2207.png,morning/sunny/flat/7x/frame_2207.png,morning,sunny,flat,calibration_flat,7x,frame_2207,2207,morning/sunny/flat/7x,1920,1080,148.29702758789062,147.44561767578125,148.05828857421875,12.425140380859375,12.511990547180176,12.309754371643066,147.7520751953125,12.431831359863281,128.32801818847656,128.13294982910156,0.5228846669197083,0.5125897526741028,0.851409912109375,0.6126708984375,0.9942587459761221,0.9958619547733571,-0.7320404052734375,-0.004954518570052161,0.15381363034248352,0.014759837962962962,653.0416870117188,0.0,0.0,0.00035300925925925924,732,0.0,0.0,0.0,0.0,0.0,0.0,0.0,0.20205771709178338,155.66519165039062,134.7661895751953,1.1550759948470484,0.9964003891577822,0.9987966517498996,50,6.109917640686035,5.984145641326904,8.124654769897461,19.483903884887695,0.33850711584091187,1.05670166015625,0.587982177734375,0.006230711936950684,0.0046759843826293945,0.8099212646484375,0.05422067642211914,632.7711791992188,0.9454454726509961,True,514,271,169,0.00024787808641975307,0.0001306905864197531,8.150077160493827e-05,/home/jshong/Code/unfied-sr-denoise-platform/results/mc_g105_analysis/flat_dark_first/maps/morning_sunny_flat_7x_temporal_std.png,/home/jshong/Code/unfied-sr-denoise-platform/results/mc_g105_analysis/flat_dark_first/maps/morning_sunny_flat_7x_hot_persistence.png,/home/jshong/Code/unfied-sr-denoise-platform/results/mc_g105_analysis/flat_dark_first/maps/morning_sunny_flat_7x_hot_fixed_mask.png,/home/jshong/Code/unfied-sr-denoise-platform/results/mc_g105_analysis/flat_dark_first/maps/morning_sunny_flat_7x_flat_shading.png,/home/jshong/Code/unfied-sr-denoise-platform/results/mc_g105_analysis/flat_dark_first/maps/morning_sunny_flat_7x_flat_green_excess.png
/home/jshong/Code/unfied-sr-denoise-platform/results/mc_g105_capture_frames/morning/sunny/flat/7x/frame_2208.png,morning/sunny/flat/7x/frame_2208.png,morning,sunny,flat,calibration_flat,7x,frame_2208,2208,morning/sunny/flat/7x,1920,1080,148.46060180664062,147.60845947265625,148.21853637695312,12.948770523071289,13.032559394836426,12.837651252746582,147.91439819335938,12.955360412597656,128.32861328125,128.13143920898438,0.5226982831954956,0.513515830039978,0.852142333984375,0.610076904296875,0.9942601382597495,0.9958839298032923,-0.731109619140625,-0.004942788688103925,0.15430985391139984,0.025413773148148147,845.0228271484375,0.0,0.0,0.0004272762345679012,886,0.0,4.822530864197531e-07,0.0,4.822530864197531e-07,4.822530864197531e-07,4.822530864197531e-07,4.822530864197531e-07,0.20325077324249585,155.8984832763672,134.93316650390625,1.155375554878707,0.9963702100683665,0.9987616836733397,50,6.109917640686035,5.984145641326904,8.124654769897461,19.483903884887695,0.33850711584091187,1.05670166015625,0.587982177734375,0.006230711936950684,0.0046759843826293945,0.8099212646484375,0.05422067642211914,632.7711791992188,0.9454454726509961,True,514,271,169,0.00024787808641975307,0.0001306905864197531,8.150077160493827e-05,/home/jshong/Code/unfied-sr-denoise-platform/results/mc_g105_analysis/flat_dark_first/maps/morning_sunny_flat_7x_temporal_std.png,/home/jshong/Code/unfied-sr-denoise-platform/results/mc_g105_analysis/flat_dark_first/maps/morning_sunny_flat_7x_hot_persistence.png,/home/jshong/Code/unfied-sr-denoise-platform/results/mc_g105_analysis/flat_dark_first/maps/morning_sunny_flat_7x_hot_fixed_mask.png,/home/jshong/Code/unfied-sr-denoise-platform/results/mc_g105_analysis/flat_dark_first/maps/morning_sunny_flat_7x_flat_shading.png,/home/jshong/Code/unfied-sr-denoise-platform/results/mc_g105_analysis/flat_dark_first/maps/morning_sunny_flat_7x_flat_green_excess.png
/home/jshong/Code/unfied-sr-denoise-platform/results/mc_g105_capture_frames/morning/sunny/flat/7x/frame_2209.png,morning/sunny/flat/7x/frame_2209.png,morning,sunny,flat,calibration_flat,7x,frame_2209,2209,morning/sunny/flat/7x,1920,1080,148.5200958251953,147.6684112548828,148.27720642089844,12.631372451782227,12.718408584594727,12.518607139587402,147.97413635253906,12.63911247253418,128.32861328125,128.1308135986328,0.5226982831954956,0.5135532021522522,0.8516845703125,0.608795166015625,0.9942655196938438,0.9958942026451342,-0.7302398681640625,-0.00493491552800414,0.1545846164226532,0.01904369212962963,724.7364501953125,0.0,0.0,0.00044077932098765435,914,0.0,0.0,0.0,0.0,0.0,0.0,0.0,0.20255329713164788,156.0067138671875,134.9823760986328,1.1557561603259663,0.9963725257948994,0.9987625420738994,50,6.109917640686035,5.984145641326904,8.124654769897461,19.483903884887695,0.33850711584091187,1.05670166015625,0.587982177734375,0.006230711936950684,0.0046759843826293945,0.8099212646484375,0.05422067642211914,632.7711791992188,0.9454454726509961,True,514,271,169,0.00024787808641975307,0.0001306905864197531,8.150077160493827e-05,/home/jshong/Code/unfied-sr-denoise-platform/results/mc_g105_analysis/flat_dark_first/maps/morning_sunny_flat_7x_temporal_std.png,/home/jshong/Code/unfied-sr-denoise-platform/results/mc_g105_analysis/flat_dark_first/maps/morning_sunny_flat_7x_hot_persistence.png,/home/jshong/Code/unfied-sr-denoise-platform/results/mc_g105_analysis/flat_dark_first/maps/morning_sunny_flat_7x_hot_fixed_mask.png,/home/jshong/Code/unfied-sr-denoise-platform/results/mc_g105_analysis/flat_dark_first/maps/morning_sunny_flat_7x_flat_shading.png,/home/jshong/Code/unfied-sr-denoise-platform/results/mc_g105_analysis/flat_dark_first/maps/morning_sunny_flat_7x_flat_green_excess.png
/home/jshong/Code/unfied-sr-denoise-platform/results/mc_g105_capture_frames/morning/sunny/flat/7x/frame_2210.png,morning/sunny/flat/7x/frame_2210.png,morning,sunny,flat,calibration_flat,7x,frame_2210,2210,morning/sunny/flat/7x,1920,1080,148.43722534179688,147.58456420898438,148.19381713867188,12.512969017028809,12.59919261932373,12.398991584777832,147.8903045654297,12.519401550292969,128.3291015625,128.1307830810547,0.5228004455566406,0.5135272145271301,0.8526611328125,0.6092529296875,0.9942557392520315,0.9958888033432178,-0.73095703125,-0.004942562181174274,0.1544116586446762,0.01653838734567901,680.3658447265625,0.0,0.0,0.0003915895061728395,812,0.0,0.0,0.0,0.0,0.0,0.0,0.0,0.2030373499360668,155.94482421875,134.927001953125,1.1557717936781475,0.996346095125067,0.9987500312633345,50,6.109917640686035,5.984145641326904,8.124654769897461,19.483903884887695,0.33850711584091187,1.05670166015625,0.587982177734375,0.006230711936950684,0.0046759843826293945,0.8099212646484375,0.05422067642211914,632.7711791992188,0.9454454726509961,True,514,271,169,0.00024787808641975307,0.0001306905864197531,8.150077160493827e-05,/home/jshong/Code/unfied-sr-denoise-platform/results/mc_g105_analysis/flat_dark_first/maps/morning_sunny_flat_7x_temporal_std.png,/home/jshong/Code/unfied-sr-denoise-platform/results/mc_g105_analysis/flat_dark_first/maps/morning_sunny_flat_7x_hot_persistence.png,/home/jshong/Code/unfied-sr-denoise-platform/results/mc_g105_analysis/flat_dark_first/maps/morning_sunny_flat_7x_hot_fixed_mask.png,/home/jshong/Code/unfied-sr-denoise-platform/results/mc_g105_analysis/flat_dark_first/maps/morning_sunny_flat_7x_flat_shading.png,/home/jshong/Code/unfied-sr-denoise-platform/results/mc_g105_analysis/flat_dark_first/maps/morning_sunny_flat_7x_flat_green_excess.png
/home/jshong/Code/unfied-sr-denoise-platform/results/mc_g105_capture_frames/morning/sunny/flat/7x/frame_2211.png,morning/sunny/flat/7x/frame_2211.png,morning,sunny,flat,calibration_flat,7x,frame_2211,2211,morning/sunny/flat/7x,1920,1080,148.4900665283203,147.6361846923828,148.24520874023438,12.528279304504395,12.61251449584961,12.411552429199219,147.9424285888672,12.533400535583496,128.3297576904297,128.13052368164062,0.522481381893158,0.5136065483093262,0.8538818359375,0.6090240478515625,0.994249562612835,0.9958917724969412,-0.7314529418945312,-0.004944172837550681,0.15374454855918884,0.01606915509259259,678.8448486328125,0.0,0.0,0.00040123456790123454,832,0.0,4.822530864197531e-07,0.0,4.822530864197531e-07,4.822530864197531e-07,4.822530864197531e-07,4.822530864197531e-07,0.20350911982449318,156.05043029785156,134.9068145751953,1.1567275502909715,0.9963301500294124,0.998743049782775,50,6.109917640686035,5.984145641326904,8.124654769897461,19.483903884887695,0.33850711584091187,1.05670166015625,0.587982177734375,0.006230711936950684,0.0046759843826293945,0.8099212646484375,0.05422067642211914,632.7711791992188,0.9454454726509961,True,514,271,169,0.00024787808641975307,0.0001306905864197531,8.150077160493827e-05,/home/jshong/Code/unfied-sr-denoise-platform/results/mc_g105_analysis/flat_dark_first/maps/morning_sunny_flat_7x_temporal_std.png,/home/jshong/Code/unfied-sr-denoise-platform/results/mc_g105_analysis/flat_dark_first/maps/morning_sunny_flat_7x_hot_persistence.png,/home/jshong/Code/unfied-sr-denoise-platform/results/mc_g105_analysis/flat_dark_first/maps/morning_sunny_flat_7x_hot_fixed_mask.png,/home/jshong/Code/unfied-sr-denoise-platform/results/mc_g105_analysis/flat_dark_first/maps/morning_sunny_flat_7x_flat_shading.png,/home/jshong/Code/unfied-sr-denoise-platform/results/mc_g105_analysis/flat_dark_first/maps/morning_sunny_flat_7x_flat_green_excess.png
/home/jshong/Code/unfied-sr-denoise-platform/results/mc_g105_capture_frames/morning/sunny/flat/7x/frame_2212.png,morning/sunny/flat/7x/frame_2212.png,morning,sunny,flat,calibration_flat,7x,frame_2212,2212,morning/sunny/flat/7x,1920,1080,148.68565368652344,147.82423400878906,148.44400024414062,12.907655715942383,12.995076179504395,12.79832935333252,148.134765625,12.91712474822998,128.33253479003906,128.13455200195312,0.5216012597084045,0.5136465430259705,0.861419677734375,0.6197662353515625,0.9942064304754179,0.9958249088534589,-0.7405929565429688,-0.004999454033756735,0.15260374546051025,0.025088252314814815,834.6051635742188,0.0,0.0,0.0004272762345679012,886,0.0,4.822530864197531e-07,0.0,4.822530864197531e-07,4.822530864197531e-07,4.822530864197531e-07,4.822530864197531e-07,0.20252823715414803,156.17689514160156,135.11830139160156,1.1558529997584466,0.9962723906836134,0.9986493844063263,50,6.109917640686035,5.984145641326904,8.124654769897461,19.483903884887695,0.33850711584091187,1.05670166015625,0.587982177734375,0.006230711936950684,0.0046759843826293945,0.8099212646484375,0.05422067642211914,632.7711791992188,0.9454454726509961,True,514,271,169,0.00024787808641975307,0.0001306905864197531,8.150077160493827e-05,/home/jshong/Code/unfied-sr-denoise-platform/results/mc_g105_analysis/flat_dark_first/maps/morning_sunny_flat_7x_temporal_std.png,/home/jshong/Code/unfied-sr-denoise-platform/results/mc_g105_analysis/flat_dark_first/maps/morning_sunny_flat_7x_hot_persistence.png,/home/jshong/Code/unfied-sr-denoise-platform/results/mc_g105_analysis/flat_dark_first/maps/morning_sunny_flat_7x_hot_fixed_mask.png,/home/jshong/Code/unfied-sr-denoise-platform/results/mc_g105_analysis/flat_dark_first/maps/morning_sunny_flat_7x_flat_shading.png,/home/jshong/Code/unfied-sr-denoise-platform/results/mc_g105_analysis/flat_dark_first/maps/morning_sunny_flat_7x_flat_green_excess.png
/home/jshong/Code/unfied-sr-denoise-platform/results/mc_g105_capture_frames/morning/sunny/flat/7x/frame_2213.png,morning/sunny/flat/7x/frame_2213.png,morning,sunny,flat,calibration_flat,7x,frame_2213,2213,morning/sunny/flat/7x,1920,1080,148.75209045410156,147.88998413085938,148.51132202148438,12.574010848999023,12.668051719665527,12.462063789367676,148.20156860351562,12.586660385131836,128.33277893066406,128.13525390625,0.5213550329208374,0.51494961977005,0.8621063232421875,0.621337890625,0.9942044020032607,0.9958162187368359,-0.7417221069335938,-0.005004819509792821,0.15281380712985992,0.018181423611111112,700.5927734375,0.0,0.0,0.000437403549382716,907,0.0,4.822530864197531e-07,0.0,4.822530864197531e-07,4.822530864197531e-07,4.822530864197531e-07,4.822530864197531e-07,0.20164419464534672,156.20193481445312,135.18109130859375,1.1555013511643524,0.9962793512834225,0.9986583641019878,50,6.109917640686035,5.984145641326904,8.124654769897461,19.483903884887695,0.33850711584091187,1.05670166015625,0.587982177734375,0.006230711936950684,0.0046759843826293945,0.8099212646484375,0.05422067642211914,632.7711791992188,0.9454454726509961,True,514,271,169,0.00024787808641975307,0.0001306905864197531,8.150077160493827e-05,/home/jshong/Code/unfied-sr-denoise-platform/results/mc_g105_analysis/flat_dark_first/maps/morning_sunny_flat_7x_temporal_std.png,/home/jshong/Code/unfied-sr-denoise-platform/results/mc_g105_analysis/flat_dark_first/maps/morning_sunny_flat_7x_hot_persistence.png,/home/jshong/Code/unfied-sr-denoise-platform/results/mc_g105_analysis/flat_dark_first/maps/morning_sunny_flat_7x_hot_fixed_mask.png,/home/jshong/Code/unfied-sr-denoise-platform/results/mc_g105_analysis/flat_dark_first/maps/morning_sunny_flat_7x_flat_shading.png,/home/jshong/Code/unfied-sr-denoise-platform/results/mc_g105_analysis/flat_dark_first/maps/morning_sunny_flat_7x_flat_green_excess.png
/home/jshong/Code/unfied-sr-denoise-platform/results/mc_g105_capture_frames/morning/sunny/flat/7x/frame_2214.png,morning/sunny/flat/7x/frame_2214.png,morning,sunny,flat,calibration_flat,7x,frame_2214,2214,morning/sunny/flat/7x,1920,1080,148.75489807128906,147.89324951171875,148.51455688476562,12.447558403015137,12.53616714477539,12.332121849060059,148.20556640625,12.45673942565918,128.3328094482422,128.1352081298828,0.5212464928627014,0.5136933922767639,0.8616485595703125,0.621307373046875,0.9942075886915336,0.9958165153511149,-0.7414779663085938,-0.005003037195465875,0.15233975648880005,0.01568142361111111,666.2545776367188,0.0,0.0,0.0004267939814814815,885,0.0,4.822530864197531e-07,0.0,4.822530864197531e-07,4.822530864197531e-07,4.822530864197531e-07,4.822530864197531e-07,0.2018437455011717,156.16807556152344,135.3125,1.1541289563594974,0.9962818860166611,0.9986329785379308,50,6.109917640686035,5.984145641326904,8.124654769897461,19.483903884887695,0.33850711584091187,1.05670166015625,0.587982177734375,0.006230711936950684,0.0046759843826293945,0.8099212646484375,0.05422067642211914,632.7711791992188,0.9454454726509961,True,514,271,169,0.00024787808641975307,0.0001306905864197531,8.150077160493827e-05,/home/jshong/Code/unfied-sr-denoise-platform/results/mc_g105_analysis/flat_dark_first/maps/morning_sunny_flat_7x_temporal_std.png,/home/jshong/Code/unfied-sr-denoise-platform/results/mc_g105_analysis/flat_dark_first/maps/morning_sunny_flat_7x_hot_persistence.png,/home/jshong/Code/unfied-sr-denoise-platform/results/mc_g105_analysis/flat_dark_first/maps/morning_sunny_flat_7x_hot_fixed_mask.png,/home/jshong/Code/unfied-sr-denoise-platform/results/mc_g105_analysis/flat_dark_first/maps/morning_sunny_flat_7x_flat_shading.png,/home/jshong/Code/unfied-sr-denoise-platform/results/mc_g105_analysis/flat_dark_first/maps/morning_sunny_flat_7x_flat_green_excess.png
/home/jshong/Code/unfied-sr-denoise-platform/results/mc_g105_capture_frames/morning/sunny/flat/7x/frame_2215.png,morning/sunny/flat/7x/frame_2215.png,morning,sunny,flat,calibration_flat,7x,frame_2215,2215,morning/sunny/flat/7x,1920,1080,148.5135955810547,147.6614227294922,148.28121948242188,12.38739013671875,12.46379566192627,12.26306438446045,147.9718017578125,12.387409210205078,128.32797241210938,128.13597106933594,0.5241067409515381,0.5130264163017273,0.8521728515625,0.6197967529296875,0.9942619809150107,0.9958201196961205,-0.7359848022460938,-0.004973817906717608,0.1529335081577301,0.015657310956790123,669.8270874023438,0.0,0.0,0.00042920524691358023,890,0.0,4.822530864197531e-07,0.0,4.822530864197531e-07,4.822530864197531e-07,0.0,4.822530864197531e-07,0.20124345256496934,155.8843536376953,135.1539764404297,1.1533833971434746,0.9963367338728816,0.9986934785480707,50,6.109917640686035,5.984145641326904,8.124654769897461,19.483903884887695,0.33850711584091187,1.05670166015625,0.587982177734375,0.006230711936950684,0.0046759843826293945,0.8099212646484375,0.05422067642211914,632.7711791992188,0.9454454726509961,True,514,271,169,0.00024787808641975307,0.0001306905864197531,8.150077160493827e-05,/home/jshong/Code/unfied-sr-denoise-platform/results/mc_g105_analysis/flat_dark_first/maps/morning_sunny_flat_7x_temporal_std.png,/home/jshong/Code/unfied-sr-denoise-platform/results/mc_g105_analysis/flat_dark_first/maps/morning_sunny_flat_7x_hot_persistence.png,/home/jshong/Code/unfied-sr-denoise-platform/results/mc_g105_analysis/flat_dark_first/maps/morning_sunny_flat_7x_hot_fixed_mask.png,/home/jshong/Code/unfied-sr-denoise-platform/results/mc_g105_analysis/flat_dark_first/maps/morning_sunny_flat_7x_flat_shading.png,/home/jshong/Code/unfied-sr-denoise-platform/results/mc_g105_analysis/flat_dark_first/maps/morning_sunny_flat_7x_flat_green_excess.png
/home/jshong/Code/unfied-sr-denoise-platform/results/mc_g105_capture_frames/morning/sunny/flat/7x/frame_2216.png,morning/sunny/flat/7x/frame_2216.png,morning,sunny,flat,calibration_flat,7x,frame_2216,2216,morning/sunny/flat/7x,1920,1080,148.4583740234375,147.67288208007812,148.24465942382812,12.901381492614746,12.944366455078125,12.744891166687012,147.9582061767578,12.876282691955566,128.29905700683594,128.12216186523438,0.540978193283081,0.5188329219818115,0.785491943359375,0.57177734375,0.9947090021480071,0.9961430088468934,-0.6786346435546875,-0.004586664413579699,0.16583037376403809,0.02637056327160494,846.9998779296875,0.0,0.0,0.0004918981481481481,1020,0.0,9.645061728395062e-07,0.0,9.645061728395062e-07,9.645061728395062e-07,9.645061728395062e-07,9.645061728395062e-07,0.20156145253614405,155.8993377685547,135.0740966796875,1.1541764146243036,0.9966288785019694,0.9990520674681939,50,6.109917640686035,5.984145641326904,8.124654769897461,19.483903884887695,0.33850711584091187,1.05670166015625,0.587982177734375,0.006230711936950684,0.0046759843826293945,0.8099212646484375,0.05422067642211914,632.7711791992188,0.9454454726509961,True,514,271,169,0.00024787808641975307,0.0001306905864197531,8.150077160493827e-05,/home/jshong/Code/unfied-sr-denoise-platform/results/mc_g105_analysis/flat_dark_first/maps/morning_sunny_flat_7x_temporal_std.png,/home/jshong/Code/unfied-sr-denoise-platform/results/mc_g105_analysis/flat_dark_first/maps/morning_sunny_flat_7x_hot_persistence.png,/home/jshong/Code/unfied-sr-denoise-platform/results/mc_g105_analysis/flat_dark_first/maps/morning_sunny_flat_7x_hot_fixed_mask.png,/home/jshong/Code/unfied-sr-denoise-platform/results/mc_g105_analysis/flat_dark_first/maps/morning_sunny_flat_7x_flat_shading.png,/home/jshong/Code/unfied-sr-denoise-platform/results/mc_g105_analysis/flat_dark_first/maps/morning_sunny_flat_7x_flat_green_excess.png
/home/jshong/Code/unfied-sr-denoise-platform/results/mc_g105_capture_frames/morning/sunny/flat/7x/frame_2217.png,morning/sunny/flat/7x/frame_2217.png,morning,sunny,flat,calibration_flat,7x,frame_2217,2217,morning/sunny/flat/7x,1920,1080,148.3190460205078,147.5642547607422,148.12342834472656,12.662252426147461,12.675037384033203,12.477338790893555,147.84066772460938,12.61325740814209,128.28439331054688,128.11984252929688,0.5497579574584961,0.5201126933097839,0.754791259765625,0.559173583984375,0.9949110227248071,0.9962249416823654,-0.656982421875,-0.004443854505953269,0.17124517261981964,0.02013937114197531,733.6764526367188,0.0,0.0,0.00046392746913580246,962,0.0,4.822530864197531e-07,0.0,4.822530864197531e-07,4.822530864197531e-07,4.822530864197531e-07,4.822530864197531e-07,0.20226445387849784,155.8060302734375,134.8414306640625,1.1554759420057568,0.9966667674381935,0.9991433120234018,50,6.109917640686035,5.984145641326904,8.124654769897461,19.483903884887695,0.33850711584091187,1.05670166015625,0.587982177734375,0.006230711936950684,0.0046759843826293945,0.8099212646484375,0.05422067642211914,632.7711791992188,0.9454454726509961,True,514,271,169,0.00024787808641975307,0.0001306905864197531,8.150077160493827e-05,/home/jshong/Code/unfied-sr-denoise-platform/results/mc_g105_analysis/flat_dark_first/maps/morning_sunny_flat_7x_temporal_std.png,/home/jshong/Code/unfied-sr-denoise-platform/results/mc_g105_analysis/flat_dark_first/maps/morning_sunny_flat_7x_hot_persistence.png,/home/jshong/Code/unfied-sr-denoise-platform/results/mc_g105_analysis/flat_dark_first/maps/morning_sunny_flat_7x_hot_fixed_mask.png,/home/jshong/Code/unfied-sr-denoise-platform/results/mc_g105_analysis/flat_dark_first/maps/morning_sunny_flat_7x_flat_shading.png,/home/jshong/Code/unfied-sr-denoise-platform/results/mc_g105_analysis/flat_dark_first/maps/morning_sunny_flat_7x_flat_green_excess.png
/home/jshong/Code/unfied-sr-denoise-platform/results/mc_g105_capture_frames/morning/sunny/flat/7x/frame_2218.png,morning/sunny/flat/7x/frame_2218.png,morning,sunny,flat,calibration_flat,7x,frame_2218,2218,morning/sunny/flat/7x,1920,1080,148.19908142089844,147.45779418945312,148.0093536376953,12.571717262268066,12.571562767028809,12.376015663146973,147.72872924804688,12.513113975524902,128.27838134765625,128.1187744140625,0.5527433156967163,0.5209696888923645,0.7412872314453125,0.5515594482421875,0.9949980241487597,0.9962734757570404,-0.64642333984375,-0.004375745589624713,0.1731559932231903,0.01836033950617284,709.6336059570312,0.0,0.0,0.0004634452160493827,961,0.0,4.822530864197531e-07,0.0,9.645061728395062e-07,9.645061728395062e-07,4.822530864197531e-07,4.822530864197531e-07,0.20042474970126165,155.56207275390625,134.77664184570312,1.1542213062243953,0.9966811037184413,0.9991905017119955,50,6.109917640686035,5.984145641326904,8.124654769897461,19.483903884887695,0.33850711584091187,1.05670166015625,0.587982177734375,0.006230711936950684,0.0046759843826293945,0.8099212646484375,0.05422067642211914,632.7711791992188,0.9454454726509961,True,514,271,169,0.00024787808641975307,0.0001306905864197531,8.150077160493827e-05,/home/jshong/Code/unfied-sr-denoise-platform/results/mc_g105_analysis/flat_dark_first/maps/morning_sunny_flat_7x_temporal_std.png,/home/jshong/Code/unfied-sr-denoise-platform/results/mc_g105_analysis/flat_dark_first/maps/morning_sunny_flat_7x_hot_persistence.png,/home/jshong/Code/unfied-sr-denoise-platform/results/mc_g105_analysis/flat_dark_first/maps/morning_sunny_flat_7x_hot_fixed_mask.png,/home/jshong/Code/unfied-sr-denoise-platform/results/mc_g105_analysis/flat_dark_first/maps/morning_sunny_flat_7x_flat_shading.png,/home/jshong/Code/unfied-sr-denoise-platform/results/mc_g105_analysis/flat_dark_first/maps/morning_sunny_flat_7x_flat_green_excess.png
/home/jshong/Code/unfied-sr-denoise-platform/results/mc_g105_capture_frames/morning/sunny/flat/7x/frame_2219.png,morning/sunny/flat/7x/frame_2219.png,morning,sunny,flat,calibration_flat,7x,frame_2219,2219,morning/sunny/flat/7x,1920,1080,148.33848571777344,147.599365234375,148.1468963623047,12.537198066711426,12.544892311096191,12.342491149902344,147.869384765625,12.483406066894531,128.27801513671875,128.11697387695312,0.5525900721549988,0.5205117464065552,0.7391204833984375,0.5475311279296875,0.9950173316463402,0.9963041269329411,-0.6433258056640625,-0.004350635544559188,0.17323412001132965,0.01743875385802469,684.6453857421875,0.0,0.0,0.0004499421296296296,933,0.0,0.0,0.0,4.822530864197531e-07,4.822530864197531e-07,0.0,4.822530864197531e-07,0.200801668994137,155.74749755859375,134.94065856933594,1.1541925025093474,0.9966784083057113,0.9991866647901934,50,6.109917640686035,5.984145641326904,8.124654769897461,19.483903884887695,0.33850711584091187,1.05670166015625,0.587982177734375,0.006230711936950684,0.0046759843826293945,0.8099212646484375,0.05422067642211914,632.7711791992188,0.9454454726509961,True,514,271,169,0.00024787808641975307,0.0001306905864197531,8.150077160493827e-05,/home/jshong/Code/unfied-sr-denoise-platform/results/mc_g105_analysis/flat_dark_first/maps/morning_sunny_flat_7x_temporal_std.png,/home/jshong/Code/unfied-sr-denoise-platform/results/mc_g105_analysis/flat_dark_first/maps/morning_sunny_flat_7x_hot_persistence.png,/home/jshong/Code/unfied-sr-denoise-platform/results/mc_g105_analysis/flat_dark_first/maps/morning_sunny_flat_7x_hot_fixed_mask.png,/home/jshong/Code/unfied-sr-denoise-platform/results/mc_g105_analysis/flat_dark_first/maps/morning_sunny_flat_7x_flat_shading.png,/home/jshong/Code/unfied-sr-denoise-platform/results/mc_g105_analysis/flat_dark_first/maps/morning_sunny_flat_7x_flat_green_excess.png
/home/jshong/Code/unfied-sr-denoise-platform/results/mc_g105_capture_frames/morning/sunny/flat/7x/frame_2220.png,morning/sunny/flat/7x/frame_2220.png,morning,sunny,flat,calibration_flat,7x,frame_2220,2220,morning/sunny/flat/7x,1920,1080,148.3509521484375,148.1079864501953,148.5164337158203,13.900763511657715,13.886241912841797,13.900847434997559,148.3509521484375,13.900763511657715,128.0,128.20458984375,0.0,0.4983137249946594,0.2429656982421875,0.408447265625,0.9983622168035612,0.9972498109962945,-0.32570648193359375,-0.002195513240873466,0.08854397386312485,0.0680637538580247,1283.9185791015625,0.0,0.0,0.000498167438271605,1033,0.0,0.0,0.0,0.0,0.0,0.0,0.0,0.19940036265917796,156.21615600585938,135.36630249023438,1.1540254256638482,0.9989808275396753,0.9986593144346585,50,6.109917640686035,5.984145641326904,8.124654769897461,19.483903884887695,0.33850711584091187,1.05670166015625,0.587982177734375,0.006230711936950684,0.0046759843826293945,0.8099212646484375,0.05422067642211914,632.7711791992188,0.9454454726509961,True,514,271,169,0.00024787808641975307,0.0001306905864197531,8.150077160493827e-05,/home/jshong/Code/unfied-sr-denoise-platform/results/mc_g105_analysis/flat_dark_first/maps/morning_sunny_flat_7x_temporal_std.png,/home/jshong/Code/unfied-sr-denoise-platform/results/mc_g105_analysis/flat_dark_first/maps/morning_sunny_flat_7x_hot_persistence.png,/home/jshong/Code/unfied-sr-denoise-platform/results/mc_g105_analysis/flat_dark_first/maps/morning_sunny_flat_7x_hot_fixed_mask.png,/home/jshong/Code/unfied-sr-denoise-platform/results/mc_g105_analysis/flat_dark_first/maps/morning_sunny_flat_7x_flat_shading.png,/home/jshong/Code/unfied-sr-denoise-platform/results/mc_g105_analysis/flat_dark_first/maps/morning_sunny_flat_7x_flat_green_excess.png
/home/jshong/Code/unfied-sr-denoise-platform/results/mc_g105_capture_frames/morning/sunny/flat/7x/frame_2221.png,morning/sunny/flat/7x/frame_2221.png,morning,sunny,flat,calibration_flat,7x,frame_2221,2221,morning/sunny/flat/7x,1920,1080,148.55050659179688,148.30738830566406,148.71592712402344,13.142157554626465,13.128764152526855,13.141029357910156,148.55050659179688,13.142157554626465,128.0,128.20460510253906,0.0,0.49832290410995483,0.2431182861328125,0.408538818359375,0.9983633897313843,0.9972528845866553,-0.32582855224609375,-0.002193385653998845,0.08855836093425751,0.03797405478395062,931.5768432617188,0.0,0.0,0.0006245177469135802,1295,0.0,0.0,0.0,0.0,0.0,0.0,0.0,0.19888953209668467,156.4047393798828,135.5338897705078,1.1539898876268113,0.9989820563961718,0.9986610278302562,50,6.109917640686035,5.984145641326904,8.124654769897461,19.483903884887695,0.33850711584091187,1.05670166015625,0.587982177734375,0.006230711936950684,0.0046759843826293945,0.8099212646484375,0.05422067642211914,632.7711791992188,0.9454454726509961,True,514,271,169,0.00024787808641975307,0.0001306905864197531,8.150077160493827e-05,/home/jshong/Code/unfied-sr-denoise-platform/results/mc_g105_analysis/flat_dark_first/maps/morning_sunny_flat_7x_temporal_std.png,/home/jshong/Code/unfied-sr-denoise-platform/results/mc_g105_analysis/flat_dark_first/maps/morning_sunny_flat_7x_hot_persistence.png,/home/jshong/Code/unfied-sr-denoise-platform/results/mc_g105_analysis/flat_dark_first/maps/morning_sunny_flat_7x_hot_fixed_mask.png,/home/jshong/Code/unfied-sr-denoise-platform/results/mc_g105_analysis/flat_dark_first/maps/morning_sunny_flat_7x_flat_shading.png,/home/jshong/Code/unfied-sr-denoise-platform/results/mc_g105_analysis/flat_dark_first/maps/morning_sunny_flat_7x_flat_green_excess.png
/home/jshong/Code/unfied-sr-denoise-platform/results/mc_g105_capture_frames/morning/sunny/flat/7x/frame_2222.png,morning/sunny/flat/7x/frame_2222.png,morning,sunny,flat,calibration_flat,7x,frame_2222,2222,morning/sunny/flat/7x,1920,1080,148.42494201660156,148.18209838867188,148.5909881591797,12.73176383972168,12.715113639831543,12.73282527923584,148.42494201660156,12.73176383972168,128.0,128.20480346679688,0.0,0.4975701570510864,0.2428436279296875,0.4088897705078125,0.9983638556768554,0.9972482128773651,-0.32586669921875,-0.0021954982268869816,0.08837117999792099,0.02614776234567901,781.2098999023438,0.0,0.0,0.0005107060185185185,1059,0.0,0.0,0.0,0.0,0.0,0.0,0.0,0.19805641817066616,156.24061584472656,135.5279541015625,1.1528294345446468,0.9989808894314247,0.9986595241237498,50,6.109917640686035,5.984145641326904,8.124654769897461,19.483903884887695,0.33850711584091187,1.05670166015625,0.587982177734375,0.006230711936950684,0.0046759843826293945,0.8099212646484375,0.05422067642211914,632.7711791992188,0.9454454726509961,True,514,271,169,0.00024787808641975307,0.0001306905864197531,8.150077160493827e-05,/home/jshong/Code/unfied-sr-denoise-platform/results/mc_g105_analysis/flat_dark_first/maps/morning_sunny_flat_7x_temporal_std.png,/home/jshong/Code/unfied-sr-denoise-platform/results/mc_g105_analysis/flat_dark_first/maps/morning_sunny_flat_7x_hot_persistence.png,/home/jshong/Code/unfied-sr-denoise-platform/results/mc_g105_analysis/flat_dark_first/maps/morning_sunny_flat_7x_hot_fixed_mask.png,/home/jshong/Code/unfied-sr-denoise-platform/results/mc_g105_analysis/flat_dark_first/maps/morning_sunny_flat_7x_flat_shading.png,/home/jshong/Code/unfied-sr-denoise-platform/results/mc_g105_analysis/flat_dark_first/maps/morning_sunny_flat_7x_flat_green_excess.png
/home/jshong/Code/unfied-sr-denoise-platform/results/mc_g105_capture_frames/morning/sunny/flat/7x/frame_2223.png,morning/sunny/flat/7x/frame_2223.png,morning,sunny,flat,calibration_flat,7x,frame_2223,2223,morning/sunny/flat/7x,1920,1080,148.44020080566406,148.2012481689453,148.5953826904297,13.044636726379395,13.030426979064941,13.038543701171875,148.440185546875,13.044656753540039,128.00001525878906,128.19737243652344,0.0027777771465480328,0.5021128058433533,0.23895263671875,0.394134521484375,0.9983902363792824,0.9973475924238301,-0.3165435791015625,-0.002132465516685424,0.0953066349029541,0.03288724922839506,890.0180053710938,0.0,0.0,0.0005029899691358024,1043,0.0,0.0,0.0,0.0,0.0,0.0,0.0,0.19914521381224615,156.27554321289062,135.41091918945312,1.1540837547979577,0.9990221261219685,0.9988214192387345,50,6.109917640686035,5.984145641326904,8.124654769897461,19.483903884887695,0.33850711584091187,1.05670166015625,0.587982177734375,0.006230711936950684,0.0046759843826293945,0.8099212646484375,0.05422067642211914,632.7711791992188,0.9454454726509961,True,514,271,169,0.00024787808641975307,0.0001306905864197531,8.150077160493827e-05,/home/jshong/Code/unfied-sr-denoise-platform/results/mc_g105_analysis/flat_dark_first/maps/morning_sunny_flat_7x_temporal_std.png,/home/jshong/Code/unfied-sr-denoise-platform/results/mc_g105_analysis/flat_dark_first/maps/morning_sunny_flat_7x_hot_persistence.png,/home/jshong/Code/unfied-sr-denoise-platform/results/mc_g105_analysis/flat_dark_first/maps/morning_sunny_flat_7x_hot_fixed_mask.png,/home/jshong/Code/unfied-sr-denoise-platform/results/mc_g105_analysis/flat_dark_first/maps/morning_sunny_flat_7x_flat_shading.png,/home/jshong/Code/unfied-sr-denoise-platform/results/mc_g105_analysis/flat_dark_first/maps/morning_sunny_flat_7x_flat_green_excess.png
/home/jshong/Code/unfied-sr-denoise-platform/results/mc_g105_capture_frames/morning/sunny/flat/7x/frame_2224.png,morning/sunny/flat/7x/frame_2224.png,morning,sunny,flat,calibration_flat,7x,frame_2224,2224,morning/sunny/flat/7x,1920,1080,148.56851196289062,148.32992553710938,148.7223358154297,12.657889366149902,12.644098281860352,12.650787353515625,148.5684814453125,12.657912254333496,128.00001525878906,128.1965789794922,0.005007692147046328,0.5026719570159912,0.23858642578125,0.3924102783203125,0.9983940915808934,0.9973614502923841,-0.31549835205078125,-0.002123588710458256,0.09612960368394852,0.022174479166666667,734.4669189453125,0.0,0.0,0.0004914158950617284,1019,0.0,0.0,0.0,0.0,0.0,0.0,0.0,0.1995585687034222,156.43344116210938,135.6332244873047,1.1533563446572432,0.9990226254418937,0.9988217313746619,50,6.109917640686035,5.984145641326904,8.124654769897461,19.483903884887695,0.33850711584091187,1.05670166015625,0.587982177734375,0.006230711936950684,0.0046759843826293945,0.8099212646484375,0.05422067642211914,632.7711791992188,0.9454454726509961,True,514,271,169,0.00024787808641975307,0.0001306905864197531,8.150077160493827e-05,/home/jshong/Code/unfied-sr-denoise-platform/results/mc_g105_analysis/flat_dark_first/maps/morning_sunny_flat_7x_temporal_std.png,/home/jshong/Code/unfied-sr-denoise-platform/results/mc_g105_analysis/flat_dark_first/maps/morning_sunny_flat_7x_hot_persistence.png,/home/jshong/Code/unfied-sr-denoise-platform/results/mc_g105_analysis/flat_dark_first/maps/morning_sunny_flat_7x_hot_fixed_mask.png,/home/jshong/Code/unfied-sr-denoise-platform/results/mc_g105_analysis/flat_dark_first/maps/morning_sunny_flat_7x_flat_shading.png,/home/jshong/Code/unfied-sr-denoise-platform/results/mc_g105_analysis/flat_dark_first/maps/morning_sunny_flat_7x_flat_green_excess.png
/home/jshong/Code/unfied-sr-denoise-platform/results/mc_g105_capture_frames/morning/sunny/flat/7x/frame_2225.png,morning/sunny/flat/7x/frame_2225.png,morning,sunny,flat,calibration_flat,7x,frame_2225,2225,morning/sunny/flat/7x,1920,1080,148.60023498535156,148.36187744140625,148.7538299560547,12.57797908782959,12.563824653625488,12.570969581604004,148.60020446777344,12.57800579071045,128.00001525878906,128.19635009765625,0.005007692147046328,0.5025404691696167,0.2383575439453125,0.3919525146484375,0.9983959746607077,0.9973650862493469,-0.315155029296875,-0.002120824990145938,0.09620748460292816,0.019889081790123456,707.0181884765625,0.0,0.0,0.0004248649691358025,881,0.0,0.0,0.0,0.0,0.0,0.0,0.0,0.19950231604053117,156.48748779296875,135.60939025878906,1.1539576008739478,0.9990292035160253,0.9988348042361305,50,6.109917640686035,5.984145641326904,8.124654769897461,19.483903884887695,0.33850711584091187,1.05670166015625,0.587982177734375,0.006230711936950684,0.0046759843826293945,0.8099212646484375,0.05422067642211914,632.7711791992188,0.9454454726509961,True,514,271,169,0.00024787808641975307,0.0001306905864197531,8.150077160493827e-05,/home/jshong/Code/unfied-sr-denoise-platform/results/mc_g105_analysis/flat_dark_first/maps/morning_sunny_flat_7x_temporal_std.png,/home/jshong/Code/unfied-sr-denoise-platform/results/mc_g105_analysis/flat_dark_first/maps/morning_sunny_flat_7x_hot_persistence.png,/home/jshong/Code/unfied-sr-denoise-platform/results/mc_g105_analysis/flat_dark_first/maps/morning_sunny_flat_7x_hot_fixed_mask.png,/home/jshong/Code/unfied-sr-denoise-platform/results/mc_g105_analysis/flat_dark_first/maps/morning_sunny_flat_7x_flat_shading.png,/home/jshong/Code/unfied-sr-denoise-platform/results/mc_g105_analysis/flat_dark_first/maps/morning_sunny_flat_7x_flat_green_excess.png
/home/jshong/Code/unfied-sr-denoise-platform/results/mc_g105_capture_frames/morning/sunny/flat/7x/frame_2226.png,morning/sunny/flat/7x/frame_2226.png,morning,sunny,flat,calibration_flat,7x,frame_2226,2226,morning/sunny/flat/7x,1920,1080,148.7287139892578,148.4899139404297,148.88436889648438,12.46009349822998,12.446203231811523,12.452054023742676,148.72869873046875,12.460119247436523,128.00001525878906,128.19754028320312,0.005007692147046328,0.5037748217582703,0.238800048828125,0.3944549560546875,0.9983943850463216,0.9973505885384145,-0.31662750244140625,-0.0021288930987442872,0.09691305458545685,0.01741801697530864,673.697021484375,0.0,0.0,0.0004205246913580247,872,0.0,0.0,0.0,0.0,0.0,0.0,0.0,0.1993682590400416,156.54466247558594,135.75802612304688,1.153115331690101,0.999029753024115,0.9988326017723722,50,6.109917640686035,5.984145641326904,8.124654769897461,19.483903884887695,0.33850711584091187,1.05670166015625,0.587982177734375,0.006230711936950684,0.0046759843826293945,0.8099212646484375,0.05422067642211914,632.7711791992188,0.9454454726509961,True,514,271,169,0.00024787808641975307,0.0001306905864197531,8.150077160493827e-05,/home/jshong/Code/unfied-sr-denoise-platform/results/mc_g105_analysis/flat_dark_first/maps/morning_sunny_flat_7x_temporal_std.png,/home/jshong/Code/unfied-sr-denoise-platform/results/mc_g105_analysis/flat_dark_first/maps/morning_sunny_flat_7x_hot_persistence.png,/home/jshong/Code/unfied-sr-denoise-platform/results/mc_g105_analysis/flat_dark_first/maps/morning_sunny_flat_7x_hot_fixed_mask.png,/home/jshong/Code/unfied-sr-denoise-platform/results/mc_g105_analysis/flat_dark_first/maps/morning_sunny_flat_7x_flat_shading.png,/home/jshong/Code/unfied-sr-denoise-platform/results/mc_g105_analysis/flat_dark_first/maps/morning_sunny_flat_7x_flat_green_excess.png
/home/jshong/Code/unfied-sr-denoise-platform/results/mc_g105_capture_frames/morning/sunny/flat/7x/frame_2227.png,morning/sunny/flat/7x/frame_2227.png,morning,sunny,flat,calibration_flat,7x,frame_2227,2227,morning/sunny/flat/7x,1920,1080,148.7458953857422,148.50738525390625,148.90126037597656,12.432770729064941,12.41897201538086,12.424768447875977,148.74588012695312,12.432796478271484,128.00001525878906,128.197265625,0.005007692147046328,0.503669261932373,0.2385101318359375,0.3938751220703125,0.9983965195838586,0.9973547831735571,-0.316192626953125,-0.0021257235800919943,0.09689545631408691,0.016766975308641976,672.2298583984375,0.0,0.0,0.00041570216049382716,862,0.0,0.0,0.0,0.0,0.0,0.0,0.0,0.19915485724780277,156.57579040527344,135.76771545410156,1.1532623107659499,0.999033454223264,0.9988404289035117,50,6.109917640686035,5.984145641326904,8.124654769897461,19.483903884887695,0.33850711584091187,1.05670166015625,0.587982177734375,0.006230711936950684,0.0046759843826293945,0.8099212646484375,0.05422067642211914,632.7711791992188,0.9454454726509961,True,514,271,169,0.00024787808641975307,0.0001306905864197531,8.150077160493827e-05,/home/jshong/Code/unfied-sr-denoise-platform/results/mc_g105_analysis/flat_dark_first/maps/morning_sunny_flat_7x_temporal_std.png,/home/jshong/Code/unfied-sr-denoise-platform/results/mc_g105_analysis/flat_dark_first/maps/morning_sunny_flat_7x_hot_persistence.png,/home/jshong/Code/unfied-sr-denoise-platform/results/mc_g105_analysis/flat_dark_first/maps/morning_sunny_flat_7x_hot_fixed_mask.png,/home/jshong/Code/unfied-sr-denoise-platform/results/mc_g105_analysis/flat_dark_first/maps/morning_sunny_flat_7x_flat_shading.png,/home/jshong/Code/unfied-sr-denoise-platform/results/mc_g105_analysis/flat_dark_first/maps/morning_sunny_flat_7x_flat_green_excess.png
/home/jshong/Code/unfied-sr-denoise-platform/results/mc_g105_capture_frames/morning/sunny/flat/7x/frame_2228.png,morning/sunny/flat/7x/frame_2228.png,morning,sunny,flat,calibration_flat,7x,frame_2228,2228,morning/sunny/flat/7x,1920,1080,148.7854461669922,148.5464630126953,148.94229125976562,12.395249366760254,12.38253402709961,12.385477066040039,148.78543090820312,12.395275115966797,128.00001525878906,128.19825744628906,0.005007692147046328,0.5052399635314941,0.238983154296875,0.3958282470703125,0.9983937666025318,0.9973423985822646,-0.31740570068359375,-0.0021333116865865274,0.0977674201130867,0.016049864969135803,663.6862182617188,0.0,0.0,0.0005285493827160494,1096,0.0,0.0,0.0,0.0,0.0,0.0,0.0,0.19851354920970332,156.59228515625,135.82986450195312,1.1528560716567766,0.9990337509205737,0.9988406485610072,50,6.109917640686035,5.984145641326904,8.124654769897461,19.483903884887695,0.33850711584091187,1.05670166015625,0.587982177734375,0.006230711936950684,0.0046759843826293945,0.8099212646484375,0.05422067642211914,632.7711791992188,0.9454454726509961,True,514,271,169,0.00024787808641975307,0.0001306905864197531,8.150077160493827e-05,/home/jshong/Code/unfied-sr-denoise-platform/results/mc_g105_analysis/flat_dark_first/maps/morning_sunny_flat_7x_temporal_std.png,/home/jshong/Code/unfied-sr-denoise-platform/results/mc_g105_analysis/flat_dark_first/maps/morning_sunny_flat_7x_hot_persistence.png,/home/jshong/Code/unfied-sr-denoise-platform/results/mc_g105_analysis/flat_dark_first/maps/morning_sunny_flat_7x_hot_fixed_mask.png,/home/jshong/Code/unfied-sr-denoise-platform/results/mc_g105_analysis/flat_dark_first/maps/morning_sunny_flat_7x_flat_shading.png,/home/jshong/Code/unfied-sr-denoise-platform/results/mc_g105_analysis/flat_dark_first/maps/morning_sunny_flat_7x_flat_green_excess.png
/home/jshong/Code/unfied-sr-denoise-platform/results/mc_g105_capture_frames/morning/sunny/flat/7x/frame_2229.png,morning/sunny/flat/7x/frame_2229.png,morning,sunny,flat,calibration_flat,7x,frame_2229,2229,morning/sunny/flat/7x,1920,1080,148.76670837402344,148.52713012695312,148.92495727539062,12.408665657043457,12.397744178771973,12.396036148071289,148.76669311523438,12.408689498901367,128.00001525878906,128.19923400878906,0.005007692147046328,0.5067969560623169,0.2395782470703125,0.3978271484375,0.9983895641163375,0.9973286670478575,-0.31870269775390625,-0.002142298715780024,0.09864208847284317,0.015309124228395062,660.8689575195312,0.0,0.0,0.0004600694444444444,954,0.0,4.822530864197531e-07,0.0,4.822530864197531e-07,4.822530864197531e-07,4.822530864197531e-07,4.822530864197531e-07,0.198949298611391,156.64862060546875,135.82901000976562,1.1532780769066062,0.9990340010044012,0.9988408707523425,50,6.109917640686035,5.984145641326904,8.124654769897461,19.483903884887695,0.33850711584091187,1.05670166015625,0.587982177734375,0.006230711936950684,0.0046759843826293945,0.8099212646484375,0.05422067642211914,632.7711791992188,0.9454454726509961,True,514,271,169,0.00024787808641975307,0.0001306905864197531,8.150077160493827e-05,/home/jshong/Code/unfied-sr-denoise-platform/results/mc_g105_analysis/flat_dark_first/maps/morning_sunny_flat_7x_temporal_std.png,/home/jshong/Code/unfied-sr-denoise-platform/results/mc_g105_analysis/flat_dark_first/maps/morning_sunny_flat_7x_hot_persistence.png,/home/jshong/Code/unfied-sr-denoise-platform/results/mc_g105_analysis/flat_dark_first/maps/morning_sunny_flat_7x_hot_fixed_mask.png,/home/jshong/Code/unfied-sr-denoise-platform/results/mc_g105_analysis/flat_dark_first/maps/morning_sunny_flat_7x_flat_shading.png,/home/jshong/Code/unfied-sr-denoise-platform/results/mc_g105_analysis/flat_dark_first/maps/morning_sunny_flat_7x_flat_green_excess.png
/home/jshong/Code/unfied-sr-denoise-platform/results/mc_g105_capture_frames/morning/sunny/flat/7x/frame_2230.png,morning/sunny/flat/7x/frame_2230.png,morning,sunny,flat,calibration_flat,7x,frame_2230,2230,morning/sunny/flat/7x,1920,1080,148.6887969970703,148.44984436035156,148.84716796875,12.379263877868652,12.368585586547852,12.366795539855957,148.68878173828125,12.379291534423828,128.00001525878906,128.19894409179688,0.005007692147046328,0.5053755044937134,0.23895263671875,0.3973236083984375,0.9983929277797816,0.997330653910644,-0.31813812255859375,-0.002139624231900355,0.09815355390310287,0.014972029320987654,654.7793579101562,0.0,0.0,0.00043836805555555556,909,0.0,4.822530864197531e-07,0.0,4.822530864197531e-07,4.822530864197531e-07,4.822530864197531e-07,4.822530864197531e-07,0.19874346787219652,156.57012939453125,135.7927703857422,1.1530078353712032,0.9990407285197775,0.9988246292132112,50,6.109917640686035,5.984145641326904,8.124654769897461,19.483903884887695,0.33850711584091187,1.05670166015625,0.587982177734375,0.006230711936950684,0.0046759843826293945,0.8099212646484375,0.05422067642211914,632.7711791992188,0.9454454726509961,True,514,271,169,0.00024787808641975307,0.0001306905864197531,8.150077160493827e-05,/home/jshong/Code/unfied-sr-denoise-platform/results/mc_g105_analysis/flat_dark_first/maps/morning_sunny_flat_7x_temporal_std.png,/home/jshong/Code/unfied-sr-denoise-platform/results/mc_g105_analysis/flat_dark_first/maps/morning_sunny_flat_7x_hot_persistence.png,/home/jshong/Code/unfied-sr-denoise-platform/results/mc_g105_analysis/flat_dark_first/maps/morning_sunny_flat_7x_hot_fixed_mask.png,/home/jshong/Code/unfied-sr-denoise-platform/results/mc_g105_analysis/flat_dark_first/maps/morning_sunny_flat_7x_flat_shading.png,/home/jshong/Code/unfied-sr-denoise-platform/results/mc_g105_analysis/flat_dark_first/maps/morning_sunny_flat_7x_flat_green_excess.png
/home/jshong/Code/unfied-sr-denoise-platform/results/mc_g105_capture_frames/morning/sunny/flat/7x/frame_2231.png,morning/sunny/flat/7x/frame_2231.png,morning,sunny,flat,calibration_flat,7x,frame_2231,2231,morning/sunny/flat/7x,1920,1080,148.56838989257812,148.32936096191406,148.72752380371094,12.36447811126709,12.354092597961426,12.351384162902832,148.56837463378906,12.364502906799316,128.00001525878906,128.1993865966797,0.005007692147046328,0.5047746300697327,0.2390289306640625,0.398162841796875,0.9983911118022616,0.9973228637918746,-0.31859588623046875,-0.002144439453358405,0.09808991104364395,0.014772858796296296,655.8265380859375,0.0,0.0,0.0004021990740740741,834,0.0,4.822530864197531e-07,0.0,4.822530864197531e-07,4.822530864197531e-07,4.822530864197531e-07,4.822530864197531e-07,0.19843082995220523,156.39955139160156,135.63450622558594,1.153095584529086,0.9990394871595017,0.9988232499098831,50,6.109917640686035,5.984145641326904,8.124654769897461,19.483903884887695,0.33850711584091187,1.05670166015625,0.587982177734375,0.006230711936950684,0.0046759843826293945,0.8099212646484375,0.05422067642211914,632.7711791992188,0.9454454726509961,True,514,271,169,0.00024787808641975307,0.0001306905864197531,8.150077160493827e-05,/home/jshong/Code/unfied-sr-denoise-platform/results/mc_g105_analysis/flat_dark_first/maps/morning_sunny_flat_7x_temporal_std.png,/home/jshong/Code/unfied-sr-denoise-platform/results/mc_g105_analysis/flat_dark_first/maps/morning_sunny_flat_7x_hot_persistence.png,/home/jshong/Code/unfied-sr-denoise-platform/results/mc_g105_analysis/flat_dark_first/maps/morning_sunny_flat_7x_hot_fixed_mask.png,/home/jshong/Code/unfied-sr-denoise-platform/results/mc_g105_analysis/flat_dark_first/maps/morning_sunny_flat_7x_flat_shading.png,/home/jshong/Code/unfied-sr-denoise-platform/results/mc_g105_analysis/flat_dark_first/maps/morning_sunny_flat_7x_flat_green_excess.png
/home/jshong/Code/unfied-sr-denoise-platform/results/mc_g105_capture_frames/morning/sunny/flat/7x/frame_2232.png,morning/sunny/flat/7x/frame_2232.png,morning,sunny,flat,calibration_flat,7x,frame_2232,2232,morning/sunny/flat/7x,1920,1080,148.46139526367188,148.2225799560547,148.62078857421875,12.452132225036621,12.440629959106445,12.439651489257812,148.4613800048828,12.452157020568848,128.00001525878906,128.19944763183594,0.005007692147046328,0.504362165927887,0.2388153076171875,0.3982086181640625,0.9983913912058793,0.9973206331408622,-0.318511962890625,-0.002145419642028989,0.09812738001346588,0.016085069444444444,683.6969604492188,0.0,0.0,0.0004272762345679012,886,0.0,0.0,0.0,0.0,0.0,0.0,0.0,0.19994632014808267,156.32342529296875,135.46484375,1.1539778130736664,0.9990387265795603,0.9988179004160377,50,6.109917640686035,5.984145641326904,8.124654769897461,19.483903884887695,0.33850711584091187,1.05670166015625,0.587982177734375,0.006230711936950684,0.0046759843826293945,0.8099212646484375,0.05422067642211914,632.7711791992188,0.9454454726509961,True,514,271,169,0.00024787808641975307,0.0001306905864197531,8.150077160493827e-05,/home/jshong/Code/unfied-sr-denoise-platform/results/mc_g105_analysis/flat_dark_first/maps/morning_sunny_flat_7x_temporal_std.png,/home/jshong/Code/unfied-sr-denoise-platform/results/mc_g105_analysis/flat_dark_first/maps/morning_sunny_flat_7x_hot_persistence.png,/home/jshong/Code/unfied-sr-denoise-platform/results/mc_g105_analysis/flat_dark_first/maps/morning_sunny_flat_7x_hot_fixed_mask.png,/home/jshong/Code/unfied-sr-denoise-platform/results/mc_g105_analysis/flat_dark_first/maps/morning_sunny_flat_7x_flat_shading.png,/home/jshong/Code/unfied-sr-denoise-platform/results/mc_g105_analysis/flat_dark_first/maps/morning_sunny_flat_7x_flat_green_excess.png
/home/jshong/Code/unfied-sr-denoise-platform/results/mc_g105_capture_frames/morning/sunny/flat/7x/frame_2233.png,morning/sunny/flat/7x/frame_2233.png,morning,sunny,flat,calibration_flat,7x,frame_2233,2233,morning/sunny/flat/7x,1920,1080,148.55738830566406,148.3186492919922,148.71807861328125,12.425134658813477,12.41433334350586,12.413105010986328,148.557373046875,12.425159454345703,128.00001525878906,128.20004272460938,0.005007692147046328,0.503526508808136,0.238739013671875,0.3994293212890625,0.9983929442029932,0.9973141777897636,-0.31908416748046875,-0.0021478850816236605,0.0977538451552391,0.015006269290123457,664.8500366210938,0.0,0.0,0.00040027006172839506,830,0.0,4.822530864197531e-07,0.0,4.822530864197531e-07,4.822530864197531e-07,4.822530864197531e-07,4.822530864197531e-07,0.20041596058679412,156.4834442138672,135.58737182617188,1.1541151727638006,0.9990399045924376,0.9988192065603664,50,6.109917640686035,5.984145641326904,8.124654769897461,19.483903884887695,0.33850711584091187,1.05670166015625,0.587982177734375,0.006230711936950684,0.0046759843826293945,0.8099212646484375,0.05422067642211914,632.7711791992188,0.9454454726509961,True,514,271,169,0.00024787808641975307,0.0001306905864197531,8.150077160493827e-05,/home/jshong/Code/unfied-sr-denoise-platform/results/mc_g105_analysis/flat_dark_first/maps/morning_sunny_flat_7x_temporal_std.png,/home/jshong/Code/unfied-sr-denoise-platform/results/mc_g105_analysis/flat_dark_first/maps/morning_sunny_flat_7x_hot_persistence.png,/home/jshong/Code/unfied-sr-denoise-platform/results/mc_g105_analysis/flat_dark_first/maps/morning_sunny_flat_7x_hot_fixed_mask.png,/home/jshong/Code/unfied-sr-denoise-platform/results/mc_g105_analysis/flat_dark_first/maps/morning_sunny_flat_7x_flat_shading.png,/home/jshong/Code/unfied-sr-denoise-platform/results/mc_g105_analysis/flat_dark_first/maps/morning_sunny_flat_7x_flat_green_excess.png
/home/jshong/Code/unfied-sr-denoise-platform/results/mc_g105_capture_frames/morning/sunny/flat/7x/frame_2234.png,morning/sunny/flat/7x/frame_2234.png,morning,sunny,flat,calibration_flat,7x,frame_2234,2234,morning/sunny/flat/7x,1920,1080,148.5452117919922,148.30661010742188,148.70567321777344,12.417778015136719,12.406566619873047,12.405945777893066,148.54519653320312,12.417805671691895,128.00001525878906,128.19981384277344,0.005007692147046328,0.5033977627754211,0.2386016845703125,0.3990631103515625,0.998393736963409,0.9973164163879372,-0.3188323974609375,-0.0021463662424338658,0.09777156263589859,0.014662905092592592,665.3861083984375,0.0,0.0,0.00042293595679012346,877,0.0,0.0,0.0,0.0,0.0,0.0,0.0,0.19947901482806069,156.37742614746094,135.53414916992188,1.1537861561193798,0.9990454010139349,0.9988307884014282,50,6.109917640686035,5.984145641326904,8.124654769897461,19.483903884887695,0.33850711584091187,1.05670166015625,0.587982177734375,0.006230711936950684,0.0046759843826293945,0.8099212646484375,0.05422067642211914,632.7711791992188,0.9454454726509961,True,514,271,169,0.00024787808641975307,0.0001306905864197531,8.150077160493827e-05,/home/jshong/Code/unfied-sr-denoise-platform/results/mc_g105_analysis/flat_dark_first/maps/morning_sunny_flat_7x_temporal_std.png,/home/jshong/Code/unfied-sr-denoise-platform/results/mc_g105_analysis/flat_dark_first/maps/morning_sunny_flat_7x_hot_persistence.png,/home/jshong/Code/unfied-sr-denoise-platform/results/mc_g105_analysis/flat_dark_first/maps/morning_sunny_flat_7x_hot_fixed_mask.png,/home/jshong/Code/unfied-sr-denoise-platform/results/mc_g105_analysis/flat_dark_first/maps/morning_sunny_flat_7x_flat_shading.png,/home/jshong/Code/unfied-sr-denoise-platform/results/mc_g105_analysis/flat_dark_first/maps/morning_sunny_flat_7x_flat_green_excess.png
/home/jshong/Code/unfied-sr-denoise-platform/results/mc_g105_capture_frames/morning/sunny/flat/7x/frame_2235.png,morning/sunny/flat/7x/frame_2235.png,morning,sunny,flat,calibration_flat,7x,frame_2235,2235,morning/sunny/flat/7x,1920,1080,148.65826416015625,148.41937255859375,148.82003784179688,12.394569396972656,12.38268756866455,12.382113456726074,148.6582489013672,12.394598007202148,128.00001525878906,128.20066833496094,0.005007692147046328,0.5048831701278687,0.2388916015625,0.400665283203125,0.998393008277709,0.9973077128166251,-0.3197784423828125,-0.0021510978542730146,0.09842777997255325,0.014794077932098765,668.7734375,0.0,0.0,0.0004475308641975309,928,0.0,0.0,0.0,0.0,0.0,0.0,0.0,0.19872515838199828,156.50462341308594,135.72801208496094,1.1530753295203664,0.9990464693449738,0.998831738801867,50,6.109917640686035,5.984145641326904,8.124654769897461,19.483903884887695,0.33850711584091187,1.05670166015625,0.587982177734375,0.006230711936950684,0.0046759843826293945,0.8099212646484375,0.05422067642211914,632.7711791992188,0.9454454726509961,True,514,271,169,0.00024787808641975307,0.0001306905864197531,8.150077160493827e-05,/home/jshong/Code/unfied-sr-denoise-platform/results/mc_g105_analysis/flat_dark_first/maps/morning_sunny_flat_7x_temporal_std.png,/home/jshong/Code/unfied-sr-denoise-platform/results/mc_g105_analysis/flat_dark_first/maps/morning_sunny_flat_7x_hot_persistence.png,/home/jshong/Code/unfied-sr-denoise-platform/results/mc_g105_analysis/flat_dark_first/maps/morning_sunny_flat_7x_hot_fixed_mask.png,/home/jshong/Code/unfied-sr-denoise-platform/results/mc_g105_analysis/flat_dark_first/maps/morning_sunny_flat_7x_flat_shading.png,/home/jshong/Code/unfied-sr-denoise-platform/results/mc_g105_analysis/flat_dark_first/maps/morning_sunny_flat_7x_flat_green_excess.png
/home/jshong/Code/unfied-sr-denoise-platform/results/mc_g105_capture_frames/morning/sunny/flat/7x/frame_2236.png,morning/sunny/flat/7x/frame_2236.png,morning,sunny,flat,calibration_flat,7x,frame_2236,2236,morning/sunny/flat/7x,1920,1080,148.6752166748047,148.43646240234375,148.83782958984375,12.38693904876709,12.374834060668945,12.37527084350586,148.67520141601562,12.386968612670898,128.00001525878906,128.2009735107422,0.005007692147046328,0.5040850043296814,0.2387542724609375,0.4013671875,0.9983941151982494,0.9973033187469249,-0.32006072998046875,-0.0021527512643627726,0.09839080274105072,0.014592978395061728,662.0052490234375,0.0,0.0,0.0004349922839506173,902,0.0,0.0,0.0,0.0,0.0,0.0,0.0,0.19848279151114148,156.4971923828125,135.74832153320312,1.1528480754856794,0.999051884179924,0.9988425948990283,50,6.109917640686035,5.984145641326904,8.124654769897461,19.483903884887695,0.33850711584091187,1.05670166015625,0.587982177734375,0.006230711936950684,0.0046759843826293945,0.8099212646484375,0.05422067642211914,632.7711791992188,0.9454454726509961,True,514,271,169,0.00024787808641975307,0.0001306905864197531,8.150077160493827e-05,/home/jshong/Code/unfied-sr-denoise-platform/results/mc_g105_analysis/flat_dark_first/maps/morning_sunny_flat_7x_temporal_std.png,/home/jshong/Code/unfied-sr-denoise-platform/results/mc_g105_analysis/flat_dark_first/maps/morning_sunny_flat_7x_hot_persistence.png,/home/jshong/Code/unfied-sr-denoise-platform/results/mc_g105_analysis/flat_dark_first/maps/morning_sunny_flat_7x_hot_fixed_mask.png,/home/jshong/Code/unfied-sr-denoise-platform/results/mc_g105_analysis/flat_dark_first/maps/morning_sunny_flat_7x_flat_shading.png,/home/jshong/Code/unfied-sr-denoise-platform/results/mc_g105_analysis/flat_dark_first/maps/morning_sunny_flat_7x_flat_green_excess.png
/home/jshong/Code/unfied-sr-denoise-platform/results/mc_g105_capture_frames/morning/sunny/flat/7x/frame_2237.png,morning/sunny/flat/7x/frame_2237.png,morning,sunny,flat,calibration_flat,7x,frame_2237,2237,morning/sunny/flat/7x,1920,1080,148.64691162109375,148.40797424316406,148.8095245361328,12.429380416870117,12.418672561645508,12.41686725616455,148.6468963623047,12.42940902709961,128.00001525878906,128.2010955810547,0.005007692147046328,0.5041582584381104,0.2389373779296875,0.40155029296875,0.9983925775940012,0.9973015753425594,-0.32024383544921875,-0.0021543930020192217,0.09844492375850677,0.014675925925925926,670.8327026367188,0.0,0.0,0.00042631172839506173,884,0.0,0.0,0.0,0.0,0.0,0.0,0.0,0.1989446218195437,156.5072784423828,135.6051483154297,1.1541396416911345,0.9990516527937886,0.9988428638586134,50,6.109917640686035,5.984145641326904,8.124654769897461,19.483903884887695,0.33850711584091187,1.05670166015625,0.587982177734375,0.006230711936950684,0.0046759843826293945,0.8099212646484375,0.05422067642211914,632.7711791992188,0.9454454726509961,True,514,271,169,0.00024787808641975307,0.0001306905864197531,8.150077160493827e-05,/home/jshong/Code/unfied-sr-denoise-platform/results/mc_g105_analysis/flat_dark_first/maps/morning_sunny_flat_7x_temporal_std.png,/home/jshong/Code/unfied-sr-denoise-platform/results/mc_g105_analysis/flat_dark_first/maps/morning_sunny_flat_7x_hot_persistence.png,/home/jshong/Code/unfied-sr-denoise-platform/results/mc_g105_analysis/flat_dark_first/maps/morning_sunny_flat_7x_hot_fixed_mask.png,/home/jshong/Code/unfied-sr-denoise-platform/results/mc_g105_analysis/flat_dark_first/maps/morning_sunny_flat_7x_flat_shading.png,/home/jshong/Code/unfied-sr-denoise-platform/results/mc_g105_analysis/flat_dark_first/maps/morning_sunny_flat_7x_flat_green_excess.png
/home/jshong/Code/unfied-sr-denoise-platform/results/mc_g105_capture_frames/morning/sunny/flat/7x/frame_2238.png,morning/sunny/flat/7x/frame_2238.png,morning,sunny,flat,calibration_flat,7x,frame_2238,2238,morning/sunny/flat/7x,1920,1080,148.55111694335938,148.3122100830078,148.71380615234375,12.374077796936035,12.363224983215332,12.36134147644043,148.5511016845703,12.37410831451416,128.00001525878906,128.2010955810547,0.005007692147046328,0.5041582584381104,0.2389068603515625,0.4015960693359375,0.9983917464664073,0.9972995307091793,-0.32025146484375,-0.0021558336428088585,0.09844492375850677,0.014732349537037037,660.6082763671875,0.0,0.0,0.0004595871913580247,953,0.0,0.0,0.0,0.0,0.0,0.0,0.0,0.197685326325541,156.3575897216797,135.50296020507812,1.1539053341058647,0.9990512328401779,0.9988419517839243,50,6.109917640686035,5.984145641326904,8.124654769897461,19.483903884887695,0.33850711584091187,1.05670166015625,0.587982177734375,0.006230711936950684,0.0046759843826293945,0.8099212646484375,0.05422067642211914,632.7711791992188,0.9454454726509961,True,514,271,169,0.00024787808641975307,0.0001306905864197531,8.150077160493827e-05,/home/jshong/Code/unfied-sr-denoise-platform/results/mc_g105_analysis/flat_dark_first/maps/morning_sunny_flat_7x_temporal_std.png,/home/jshong/Code/unfied-sr-denoise-platform/results/mc_g105_analysis/flat_dark_first/maps/morning_sunny_flat_7x_hot_persistence.png,/home/jshong/Code/unfied-sr-denoise-platform/results/mc_g105_analysis/flat_dark_first/maps/morning_sunny_flat_7x_hot_fixed_mask.png,/home/jshong/Code/unfied-sr-denoise-platform/results/mc_g105_analysis/flat_dark_first/maps/morning_sunny_flat_7x_flat_shading.png,/home/jshong/Code/unfied-sr-denoise-platform/results/mc_g105_analysis/flat_dark_first/maps/morning_sunny_flat_7x_flat_green_excess.png
/home/jshong/Code/unfied-sr-denoise-platform/results/mc_g105_capture_frames/morning/sunny/flat/7x/frame_2239.png,morning/sunny/flat/7x/frame_2239.png,morning,sunny,flat,calibration_flat,7x,frame_2239,2239,morning/sunny/flat/7x,1920,1080,148.53305053710938,148.2922821044922,148.7006378173828,12.344862937927246,12.335454940795898,12.327905654907227,148.5330352783203,12.344890594482422,128.00001525878906,128.20452880859375,0.005007692147046328,0.5071980357170105,0.2407684326171875,0.408355712890625,0.9983790178002434,0.9972538334997194,-0.32456207275390625,-0.0021851170681365713,0.09980887919664383,0.014207658179012346,654.745849609375,0.0,0.0,0.00043306327160493827,898,0.0,0.0,0.0,0.0,0.0,0.0,0.0,0.1982101882584749,156.33692932128906,135.48977661132812,1.1538651260448887,0.9990383216024273,0.99881478558641,50,6.109917640686035,5.984145641326904,8.124654769897461,19.483903884887695,0.33850711584091187,1.05670166015625,0.587982177734375,0.006230711936950684,0.0046759843826293945,0.8099212646484375,0.05422067642211914,632.7711791992188,0.9454454726509961,True,514,271,169,0.00024787808641975307,0.0001306905864197531,8.150077160493827e-05,/home/jshong/Code/unfied-sr-denoise-platform/results/mc_g105_analysis/flat_dark_first/maps/morning_sunny_flat_7x_temporal_std.png,/home/jshong/Code/unfied-sr-denoise-platform/results/mc_g105_analysis/flat_dark_first/maps/morning_sunny_flat_7x_hot_persistence.png,/home/jshong/Code/unfied-sr-denoise-platform/results/mc_g105_analysis/flat_dark_first/maps/morning_sunny_flat_7x_hot_fixed_mask.png,/home/jshong/Code/unfied-sr-denoise-platform/results/mc_g105_analysis/flat_dark_first/maps/morning_sunny_flat_7x_flat_shading.png,/home/jshong/Code/unfied-sr-denoise-platform/results/mc_g105_analysis/flat_dark_first/maps/morning_sunny_flat_7x_flat_green_excess.png
/home/jshong/Code/unfied-sr-denoise-platform/results/mc_g105_capture_frames/morning/sunny/flat/7x/frame_2240.png,morning/sunny/flat/7x/frame_2240.png,morning,sunny,flat,calibration_flat,7x,frame_2240,2240,morning/sunny/flat/7x,1920,1080,148.5060272216797,148.26513671875,148.67359924316406,12.319046974182129,12.310516357421875,12.301898002624512,148.50601196289062,12.319072723388672,128.00001525878906,128.20455932617188,0.005007692147046328,0.5071551203727722,0.2408905029296875,0.4084625244140625,0.9983779008447381,0.9972526156375712,-0.324676513671875,-0.0021862853038348467,0.09982215613126755,0.01414158950617284,655.9962158203125,0.0,0.0,0.0004812885802469136,998,0.0,0.0,0.0,0.0,0.0,0.0,0.0,0.19845012872649356,156.23333740234375,135.46533203125,1.153308628166166,0.9990376839529241,0.9988143900114118,50,6.109917640686035,5.984145641326904,8.124654769897461,19.483903884887695,0.33850711584091187,1.05670166015625,0.587982177734375,0.006230711936950684,0.0046759843826293945,0.8099212646484375,0.05422067642211914,632.7711791992188,0.9454454726509961,True,514,271,169,0.00024787808641975307,0.0001306905864197531,8.150077160493827e-05,/home/jshong/Code/unfied-sr-denoise-platform/results/mc_g105_analysis/flat_dark_first/maps/morning_sunny_flat_7x_temporal_std.png,/home/jshong/Code/unfied-sr-denoise-platform/results/mc_g105_analysis/flat_dark_first/maps/morning_sunny_flat_7x_hot_persistence.png,/home/jshong/Code/unfied-sr-denoise-platform/results/mc_g105_analysis/flat_dark_first/maps/morning_sunny_flat_7x_hot_fixed_mask.png,/home/jshong/Code/unfied-sr-denoise-platform/results/mc_g105_analysis/flat_dark_first/maps/morning_sunny_flat_7x_flat_shading.png,/home/jshong/Code/unfied-sr-denoise-platform/results/mc_g105_analysis/flat_dark_first/maps/morning_sunny_flat_7x_flat_green_excess.png
/home/jshong/Code/unfied-sr-denoise-platform/results/mc_g105_capture_frames/morning/sunny/flat/7x/frame_2241.png,morning/sunny/flat/7x/frame_2241.png,morning,sunny,flat,calibration_flat,7x,frame_2241,2241,morning/sunny/flat/7x,1920,1080,148.46981811523438,148.22947692871094,148.63687133789062,12.38691520690918,12.378303527832031,12.37128734588623,148.46978759765625,12.386941909790039,128.00001525878906,128.20399475097656,0.005007692147046328,0.504936933517456,0.2403411865234375,0.4073944091796875,0.9983812050963914,0.9972591228355938,-0.3238677978515625,-0.002181371718183177,0.09867559373378754,0.014298321759259259,669.600830078125,0.0,0.0,0.0004427083333333333,918,0.0,0.0,0.0,0.0,0.0,0.0,0.0,0.1980685961869756,156.29718017578125,135.46189880371094,1.153809155210885,0.9990384675376356,0.9988012263444346,50,6.109917640686035,5.984145641326904,8.124654769897461,19.483903884887695,0.33850711584091187,1.05670166015625,0.587982177734375,0.006230711936950684,0.0046759843826293945,0.8099212646484375,0.05422067642211914,632.7711791992188,0.9454454726509961,True,514,271,169,0.00024787808641975307,0.0001306905864197531,8.150077160493827e-05,/home/jshong/Code/unfied-sr-denoise-platform/results/mc_g105_analysis/flat_dark_first/maps/morning_sunny_flat_7x_temporal_std.png,/home/jshong/Code/unfied-sr-denoise-platform/results/mc_g105_analysis/flat_dark_first/maps/morning_sunny_flat_7x_hot_persistence.png,/home/jshong/Code/unfied-sr-denoise-platform/results/mc_g105_analysis/flat_dark_first/maps/morning_sunny_flat_7x_hot_fixed_mask.png,/home/jshong/Code/unfied-sr-denoise-platform/results/mc_g105_analysis/flat_dark_first/maps/morning_sunny_flat_7x_flat_shading.png,/home/jshong/Code/unfied-sr-denoise-platform/results/mc_g105_analysis/flat_dark_first/maps/morning_sunny_flat_7x_flat_green_excess.png
/home/jshong/Code/unfied-sr-denoise-platform/results/mc_g105_capture_frames/morning/sunny/flat/7x/frame_2242.png,morning/sunny/flat/7x/frame_2242.png,morning,sunny,flat,calibration_flat,7x,frame_2242,2242,morning/sunny/flat/7x,1920,1080,148.4924774169922,148.25270080566406,148.6590118408203,12.33916187286377,12.329785346984863,12.324176788330078,148.49246215820312,12.33918571472168,128.00001525878906,128.20346069335938,0.005007692147046328,0.5047715306282043,0.239776611328125,0.40631103515625,0.9983852541631449,0.9972668186920405,-0.3230438232421875,-0.002175489694032607,0.09894689917564392,0.014214409722222222,656.0540161132812,0.0,0.0,0.00045283564814814817,939,0.0,0.0,0.0,0.0,0.0,0.0,0.0,0.197844421339092,156.2471466064453,135.51731872558594,1.1529680997442686,0.9990375736868509,0.9987776331610484,50,6.109917640686035,5.984145641326904,8.124654769897461,19.483903884887695,0.33850711584091187,1.05670166015625,0.587982177734375,0.006230711936950684,0.0046759843826293945,0.8099212646484375,0.05422067642211914,632.7711791992188,0.9454454726509961,True,514,271,169,0.00024787808641975307,0.0001306905864197531,8.150077160493827e-05,/home/jshong/Code/unfied-sr-denoise-platform/results/mc_g105_analysis/flat_dark_first/maps/morning_sunny_flat_7x_temporal_std.png,/home/jshong/Code/unfied-sr-denoise-platform/results/mc_g105_analysis/flat_dark_first/maps/morning_sunny_flat_7x_hot_persistence.png,/home/jshong/Code/unfied-sr-denoise-platform/results/mc_g105_analysis/flat_dark_first/maps/morning_sunny_flat_7x_hot_fixed_mask.png,/home/jshong/Code/unfied-sr-denoise-platform/results/mc_g105_analysis/flat_dark_first/maps/morning_sunny_flat_7x_flat_shading.png,/home/jshong/Code/unfied-sr-denoise-platform/results/mc_g105_analysis/flat_dark_first/maps/morning_sunny_flat_7x_flat_green_excess.png
/home/jshong/Code/unfied-sr-denoise-platform/results/mc_g105_capture_frames/morning/sunny/flat/7x/frame_2243.png,morning/sunny/flat/7x/frame_2243.png,morning,sunny,flat,calibration_flat,7x,frame_2243,2243,morning/sunny/flat/7x,1920,1080,148.3662872314453,148.12745666503906,148.52978515625,12.351584434509277,12.341523170471191,12.33606243133545,148.36627197265625,12.351611137390137,128.00001525878906,128.2014617919922,0.005007692147046328,0.5055530071258545,0.23883056640625,0.4023284912109375,0.9983902571854215,0.9972912538176841,-0.32057952880859375,-0.002160730483994002,0.10021715611219406,0.015086805555555555,665.7714233398438,0.0,0.0,0.00043836805555555556,909,0.0,0.0,0.0,0.0,0.0,0.0,0.0,0.19776029841274165,156.1544189453125,135.39398193359375,1.1533335201602057,0.9990498029777466,0.9988277596165952,50,6.109917640686035,5.984145641326904,8.124654769897461,19.483903884887695,0.33850711584091187,1.05670166015625,0.587982177734375,0.006230711936950684,0.0046759843826293945,0.8099212646484375,0.05422067642211914,632.7711791992188,0.9454454726509961,True,514,271,169,0.00024787808641975307,0.0001306905864197531,8.150077160493827e-05,/home/jshong/Code/unfied-sr-denoise-platform/results/mc_g105_analysis/flat_dark_first/maps/morning_sunny_flat_7x_temporal_std.png,/home/jshong/Code/unfied-sr-denoise-platform/results/mc_g105_analysis/flat_dark_first/maps/morning_sunny_flat_7x_hot_persistence.png,/home/jshong/Code/unfied-sr-denoise-platform/results/mc_g105_analysis/flat_dark_first/maps/morning_sunny_flat_7x_hot_fixed_mask.png,/home/jshong/Code/unfied-sr-denoise-platform/results/mc_g105_analysis/flat_dark_first/maps/morning_sunny_flat_7x_flat_shading.png,/home/jshong/Code/unfied-sr-denoise-platform/results/mc_g105_analysis/flat_dark_first/maps/morning_sunny_flat_7x_flat_green_excess.png
/home/jshong/Code/unfied-sr-denoise-platform/results/mc_g105_capture_frames/morning/sunny/flat/7x/frame_2244.png,morning/sunny/flat/7x/frame_2244.png,morning,sunny,flat,calibration_flat,7x,frame_2244,2244,morning/sunny/flat/7x,1920,1080,148.3533477783203,148.11538696289062,148.51446533203125,12.407502174377441,12.398737907409668,12.390624046325684,148.35333251953125,12.407526969909668,128.00001525878906,128.19984436035156,0.005007692147046328,0.506095290184021,0.2379608154296875,0.399078369140625,0.9983959794814927,0.9973128586123832,-0.31851959228515625,-0.0021470336036852316,0.10177069902420044,0.015023148148148148,673.9521484375,0.0,0.0,0.0004166666666666667,864,0.0,0.0,0.0,0.0,0.0,0.0,0.0,0.1989768399048375,156.21786499023438,135.3014678955078,1.154591049642485,0.9990505795944187,0.9988111668218611,50,6.109917640686035,5.984145641326904,8.124654769897461,19.483903884887695,0.33850711584091187,1.05670166015625,0.587982177734375,0.006230711936950684,0.0046759843826293945,0.8099212646484375,0.05422067642211914,632.7711791992188,0.9454454726509961,True,514,271,169,0.00024787808641975307,0.0001306905864197531,8.150077160493827e-05,/home/jshong/Code/unfied-sr-denoise-platform/results/mc_g105_analysis/flat_dark_first/maps/morning_sunny_flat_7x_temporal_std.png,/home/jshong/Code/unfied-sr-denoise-platform/results/mc_g105_analysis/flat_dark_first/maps/morning_sunny_flat_7x_hot_persistence.png,/home/jshong/Code/unfied-sr-denoise-platform/results/mc_g105_analysis/flat_dark_first/maps/morning_sunny_flat_7x_hot_fixed_mask.png,/home/jshong/Code/unfied-sr-denoise-platform/results/mc_g105_analysis/flat_dark_first/maps/morning_sunny_flat_7x_flat_shading.png,/home/jshong/Code/unfied-sr-denoise-platform/results/mc_g105_analysis/flat_dark_first/maps/morning_sunny_flat_7x_flat_green_excess.png
/home/jshong/Code/unfied-sr-denoise-platform/results/mc_g105_capture_frames/morning/sunny/flat/7x/frame_2245.png,morning/sunny/flat/7x/frame_2245.png,morning,sunny,flat,calibration_flat,7x,frame_2245,2245,morning/sunny/flat/7x,1920,1080,148.37997436523438,148.14447021484375,148.53366088867188,12.429673194885254,12.42284870147705,12.408214569091797,148.37994384765625,12.429698944091797,128.00001525878906,128.1949005126953,0.005007692147046328,0.5083168745040894,0.235504150390625,0.389190673828125,0.9984128239015343,0.9973797745987046,-0.312347412109375,-0.0021050514099467178,0.10409743338823318,0.014945023148148148,670.2716064453125,0.0,0.0,0.0004214891975308642,874,0.0,0.0,0.0,0.0,0.0,0.0,0.0,0.1993487971807914,156.25511169433594,135.31353759765625,1.1547633245993791,0.9990987535586545,0.9990131963412798,50,6.109917640686035,5.984145641326904,8.124654769897461,19.483903884887695,0.33850711584091187,1.05670166015625,0.587982177734375,0.006230711936950684,0.0046759843826293945,0.8099212646484375,0.05422067642211914,632.7711791992188,0.9454454726509961,True,514,271,169,0.00024787808641975307,0.0001306905864197531,8.150077160493827e-05,/home/jshong/Code/unfied-sr-denoise-platform/results/mc_g105_analysis/flat_dark_first/maps/morning_sunny_flat_7x_temporal_std.png,/home/jshong/Code/unfied-sr-denoise-platform/results/mc_g105_analysis/flat_dark_first/maps/morning_sunny_flat_7x_hot_persistence.png,/home/jshong/Code/unfied-sr-denoise-platform/results/mc_g105_analysis/flat_dark_first/maps/morning_sunny_flat_7x_hot_fixed_mask.png,/home/jshong/Code/unfied-sr-denoise-platform/results/mc_g105_analysis/flat_dark_first/maps/morning_sunny_flat_7x_flat_shading.png,/home/jshong/Code/unfied-sr-denoise-platform/results/mc_g105_analysis/flat_dark_first/maps/morning_sunny_flat_7x_flat_green_excess.png
/home/jshong/Code/unfied-sr-denoise-platform/results/mc_g105_capture_frames/morning/sunny/flat/7x/frame_2246.png,morning/sunny/flat/7x/frame_2246.png,morning,sunny,flat,calibration_flat,7x,frame_2246,2246,morning/sunny/flat/7x,1920,1080,148.5111846923828,148.27783203125,148.6591033935547,12.403341293334961,12.395539283752441,12.384130477905273,148.51116943359375,12.40336799621582,128.00001525878906,128.19094848632812,0.005007692147046328,0.507512629032135,0.2333526611328125,0.3812713623046875,0.9984287132309605,0.9974352572359422,-0.30731201171875,-0.0020692855010267627,0.10545270144939423,0.014847125771604939,663.7885131835938,0.0,0.0,0.00042631172839506173,884,0.0,0.0,0.0,0.0,0.0,0.0,0.0,0.19893582670344848,156.38975524902344,135.45645141601562,1.154538986217631,0.9991312394042219,0.9991209061841617,50,6.109917640686035,5.984145641326904,8.124654769897461,19.483903884887695,0.33850711584091187,1.05670166015625,0.587982177734375,0.006230711936950684,0.0046759843826293945,0.8099212646484375,0.05422067642211914,632.7711791992188,0.9454454726509961,True,514,271,169,0.00024787808641975307,0.0001306905864197531,8.150077160493827e-05,/home/jshong/Code/unfied-sr-denoise-platform/results/mc_g105_analysis/flat_dark_first/maps/morning_sunny_flat_7x_temporal_std.png,/home/jshong/Code/unfied-sr-denoise-platform/results/mc_g105_analysis/flat_dark_first/maps/morning_sunny_flat_7x_hot_persistence.png,/home/jshong/Code/unfied-sr-denoise-platform/results/mc_g105_analysis/flat_dark_first/maps/morning_sunny_flat_7x_hot_fixed_mask.png,/home/jshong/Code/unfied-sr-denoise-platform/results/mc_g105_analysis/flat_dark_first/maps/morning_sunny_flat_7x_flat_shading.png,/home/jshong/Code/unfied-sr-denoise-platform/results/mc_g105_analysis/flat_dark_first/maps/morning_sunny_flat_7x_flat_green_excess.png
/home/jshong/Code/unfied-sr-denoise-platform/results/mc_g105_capture_frames/morning/sunny/flat/7x/frame_2247.png,morning/sunny/flat/7x/frame_2247.png,morning,sunny,flat,calibration_flat,7x,frame_2247,2247,morning/sunny/flat/7x,1920,1080,148.5624237060547,148.3291778564453,148.71018981933594,12.350532531738281,12.342904090881348,12.33121109008789,148.56239318847656,12.350560188293457,128.00001525878906,128.1908416748047,0.005007692147046328,0.5074071288108826,0.233245849609375,0.381011962890625,0.9984299741332919,0.9974378826306968,-0.30712890625,-0.002067339503564778,0.10529985278844833,0.013843074845679012,651.1473999023438,0.0,0.0,0.0004248649691358025,881,0.0,0.0,0.0,0.0,0.0,0.0,0.0,0.19822843466879314,156.4309844970703,135.48583984375,1.1545928602050413,0.9991345897608948,0.9991260134557124,50,6.109917640686035,5.984145641326904,8.124654769897461,19.483903884887695,0.33850711584091187,1.05670166015625,0.587982177734375,0.006230711936950684,0.0046759843826293945,0.8099212646484375,0.05422067642211914,632.7711791992188,0.9454454726509961,True,514,271,169,0.00024787808641975307,0.0001306905864197531,8.150077160493827e-05,/home/jshong/Code/unfied-sr-denoise-platform/results/mc_g105_analysis/flat_dark_first/maps/morning_sunny_flat_7x_temporal_std.png,/home/jshong/Code/unfied-sr-denoise-platform/results/mc_g105_analysis/flat_dark_first/maps/morning_sunny_flat_7x_hot_persistence.png,/home/jshong/Code/unfied-sr-denoise-platform/results/mc_g105_analysis/flat_dark_first/maps/morning_sunny_flat_7x_hot_fixed_mask.png,/home/jshong/Code/unfied-sr-denoise-platform/results/mc_g105_analysis/flat_dark_first/maps/morning_sunny_flat_7x_flat_shading.png,/home/jshong/Code/unfied-sr-denoise-platform/results/mc_g105_analysis/flat_dark_first/maps/morning_sunny_flat_7x_flat_green_excess.png
/home/jshong/Code/unfied-sr-denoise-platform/results/mc_g105_capture_frames/morning/sunny/flat/7x/frame_2248.png,morning/sunny/flat/7x/frame_2248.png,morning,sunny,flat,calibration_flat,7x,frame_2248,2248,morning/sunny/flat/7x,1920,1080,148.6121826171875,148.3797149658203,148.75779724121094,12.357598304748535,12.34937858581543,12.339719772338867,148.61215209960938,12.357624053955078,128.00001525878906,128.18936157226562,0.005007692147046328,0.5057163238525391,0.2324676513671875,0.378082275390625,0.9984357362518406,0.9974583969387772,-0.30527496337890625,-0.0020541722666132926,0.10493303835391998,0.013998360339506173,659.2559814453125,0.0,0.0,0.00043933256172839504,911,0.0,0.0,0.0,0.0,0.0,0.0,0.0,0.19895152535149033,156.47763061523438,135.57269287109375,1.1541972512843746,0.999134750226253,0.9991262739044262,50,6.109917640686035,5.984145641326904,8.124654769897461,19.483903884887695,0.33850711584091187,1.05670166015625,0.587982177734375,0.006230711936950684,0.0046759843826293945,0.8099212646484375,0.05422067642211914,632.7711791992188,0.9454454726509961,True,514,271,169,0.00024787808641975307,0.0001306905864197531,8.150077160493827e-05,/home/jshong/Code/unfied-sr-denoise-platform/results/mc_g105_analysis/flat_dark_first/maps/morning_sunny_flat_7x_temporal_std.png,/home/jshong/Code/unfied-sr-denoise-platform/results/mc_g105_analysis/flat_dark_first/maps/morning_sunny_flat_7x_hot_persistence.png,/home/jshong/Code/unfied-sr-denoise-platform/results/mc_g105_analysis/flat_dark_first/maps/morning_sunny_flat_7x_hot_fixed_mask.png,/home/jshong/Code/unfied-sr-denoise-platform/results/mc_g105_analysis/flat_dark_first/maps/morning_sunny_flat_7x_flat_shading.png,/home/jshong/Code/unfied-sr-denoise-platform/results/mc_g105_analysis/flat_dark_first/maps/morning_sunny_flat_7x_flat_green_excess.png
/home/jshong/Code/unfied-sr-denoise-platform/results/mc_g105_capture_frames/morning/sunny/flat/7x/frame_2249.png,morning/sunny/flat/7x/frame_2249.png,morning,sunny,flat,calibration_flat,7x,frame_2249,2249,morning/sunny/flat/7x,1920,1080,148.62229919433594,148.39138793945312,148.76429748535156,12.39608097076416,12.388261795043945,12.377171516418457,148.6222686767578,12.396106719970703,128.00001525878906,128.18678283691406,0.005007692147046328,0.5062049031257629,0.2309112548828125,0.3729095458984375,0.998446314889617,0.9974932793036015,-0.301910400390625,-0.0020313940908536607,0.10589946061372757,0.014478684413580247,665.4124145507812,0.0,0.0,0.00043016975308641977,892,0.0,0.0,0.0,0.0,0.0,0.0,0.0,0.19898464522336617,156.49322509765625,135.56747436523438,1.1543567118591351,0.9991595050789185,0.9992271208818054,50,6.109917640686035,5.984145641326904,8.124654769897461,19.483903884887695,0.33850711584091187,1.05670166015625,0.587982177734375,0.006230711936950684,0.0046759843826293945,0.8099212646484375,0.05422067642211914,632.7711791992188,0.9454454726509961,True,514,271,169,0.00024787808641975307,0.0001306905864197531,8.150077160493827e-05,/home/jshong/Code/unfied-sr-denoise-platform/results/mc_g105_analysis/flat_dark_first/maps/morning_sunny_flat_7x_temporal_std.png,/home/jshong/Code/unfied-sr-denoise-platform/results/mc_g105_analysis/flat_dark_first/maps/morning_sunny_flat_7x_hot_persistence.png,/home/jshong/Code/unfied-sr-denoise-platform/results/mc_g105_analysis/flat_dark_first/maps/morning_sunny_flat_7x_hot_fixed_mask.png,/home/jshong/Code/unfied-sr-denoise-platform/results/mc_g105_analysis/flat_dark_first/maps/morning_sunny_flat_7x_flat_shading.png,/home/jshong/Code/unfied-sr-denoise-platform/results/mc_g105_analysis/flat_dark_first/maps/morning_sunny_flat_7x_flat_green_excess.png
/home/jshong/Code/unfied-sr-denoise-platform/results/mc_g105_capture_frames/morning/sunny/flat/7x/frame_2250.png,morning/sunny/flat/7x/frame_2250.png,morning,sunny,flat,calibration_flat,7x,frame_2250,2250,morning/sunny/flat/7x,1920,1080,148.6186065673828,148.6186065673828,148.6186065673828,13.8637113571167,13.8637113571167,13.8637113571167,148.6186065673828,13.8637113571167,128.0,128.0,0.0,0.0,0.0,0.0,0.9999999932713675,0.9999999932713675,0.0,0.0,0.0,0.06774450231481481,1270.6324462890625,0.0,0.0,0.0005251736111111111,1089,0.0,0.0,0.0,0.0,0.0,0.0,0.0,0.19892564995042175,156.48147583007812,135.6862030029297,1.1532600309660033,0.9999999936094672,0.9999999936094672,50,6.109917640686035,5.984145641326904,8.124654769897461,19.483903884887695,0.33850711584091187,1.05670166015625,0.587982177734375,0.006230711936950684,0.0046759843826293945,0.8099212646484375,0.05422067642211914,632.7711791992188,0.9454454726509961,True,514,271,169,0.00024787808641975307,0.0001306905864197531,8.150077160493827e-05,/home/jshong/Code/unfied-sr-denoise-platform/results/mc_g105_analysis/flat_dark_first/maps/morning_sunny_flat_7x_temporal_std.png,/home/jshong/Code/unfied-sr-denoise-platform/results/mc_g105_analysis/flat_dark_first/maps/morning_sunny_flat_7x_hot_persistence.png,/home/jshong/Code/unfied-sr-denoise-platform/results/mc_g105_analysis/flat_dark_first/maps/morning_sunny_flat_7x_hot_fixed_mask.png,/home/jshong/Code/unfied-sr-denoise-platform/results/mc_g105_analysis/flat_dark_first/maps/morning_sunny_flat_7x_flat_shading.png,/home/jshong/Code/unfied-sr-denoise-platform/results/mc_g105_analysis/flat_dark_first/maps/morning_sunny_flat_7x_flat_green_excess.png
